p1,p2,p3,p4,p5,p6,p7,p8,p9,p10,p11,p12,p13,p14,p15,p16,rsi,rsi1,rsi2,rsi3,rsi4,rsi5,rsi6,rsi7,rsi8,rsi9,rsi10,rsi11,rsi12,rsi13,rsi14,rsi15,macd,macd1,macd2,macd3,macd4,macd5,macd6,macd7,macd8,macd9,macd10,macd11,macd12,macd13,macd14,macd15,macdl,macd1l,macd2l,macd3l,macd4l,macd5l,macd6l,macd7l,macd8l,macd9l,macd10l,macd11l,macd12l,macd13l,macd14l,macd15l,macds,macd1s,macd2s,macd3s,macd4s,macd5s,macd6s,macd7s,macd8s,macd9s,macd10s,macd11s,macd12s,macd13s,macd14s,macd15s,macdh,macd1h,macd2h,macd3h,macd4h,macd5h,macd6h,macd7h,macd8h,macd9h,macd10h,macd11h,macd12h,macd13h,macd14h,macd15h,Pred
8781.7075,8774.815625,8776.26875,8781.2675,8783.311875000001,8792.465,8794.303125,8796.9375,8803.963125,8809.015625,8810.715,8814.181250000001,8806.76375,8806.0375,8801.099375,8799.579166666666,40.47802916313933,36.39361008437969,41.59088206199008,47.5408899805893,50.43401056142197,56.966817412782426,56.0962251243155,58.07056895463837,63.409894578287386,65.5097959544959,62.636905147321116,60.40454910739279,51.966132973411526,50.66323267837633,45.586008786511044,46.68277604716528,-1.0482808787360225,-1.2405114775938912,-0.7737138936320698,1.0468972076157925,1.2463940735598125,2.1872939546997396,2.0533033700830474,1.183671054631369,1.307197913217606,1.2679553452896566,0.5225287156809326,0.39982342739887144,-1.0760444941519494,-1.5215865839282041,-1.622697706031508,-1.1278020143913472,-4.118282905178603,-5.348402571910356,-6.104341598332667,-3.6769872314134773,-2.4311989583957256,0.30107086688985873,2.5189557667818008,3.023882350301392,4.415727359276843,5.683199065790632,5.676265461182538,6.157134206482624,4.146176327493777,2.2011862260046655,0.6076146193363456,-1.058412595609803,-3.0700020264425802,-4.107891094316464,-5.330627704700597,-4.72388443902927,-3.677593031955538,-1.886223087809881,0.46565239669875313,1.840211295670023,3.1085294460592374,4.415243720500975,5.153736745501606,5.7573107790837525,5.222220821645726,3.7227728099328696,2.2303123253678536,0.06938941878154442,-1.0482808787360225,-1.2405114775938912,-0.7737138936320698,1.0468972076157925,1.2463940735598125,2.1872939546997396,2.0533033700830474,1.183671054631369,1.307197913217606,1.2679553452896566,0.5225287156809326,0.39982342739887144,-1.0760444941519494,3.7227728099328696,-1.622697706031508,-1.1278020143913472,1
