p1,p2,p3,p4,p5,p6,p7,p8,rsi,rsi1,rsi2,rsi3,rsi4,rsi5,rsi6,rsi7,sto,sto1,sto2,sto3,sto4,sto5,sto6,sto7,macd,macd1,macd2,macd3,macd4,macd5,macd6,macd7,macdl,macd1l,macd2l,macd3l,macd4l,macd5l,macd6l,macd7l,macds,macd1s,macd2s,macd3s,macd4s,macd5s,macd6s,macd7s,stol,sto1l,sto2l,sto3l,sto4l,sto5l,sto6l,sto7l,stos,sto1s,sto2s,sto3s,sto4s,sto5s,sto6s,sto7s,Pred
7424.395833333334,7434.015833333333,7438.4475,7433.509166666667,7444.701666666667,7437.195,7442.918333333333,7430.39875,56.94731657602312,60.93635388557811,63.02931830300342,57.39785875047307,63.45664301154821,54.23933622814036,57.57331248259564,47.48518031082927,15.353798228095878,0.10683581486242606,-17.73103113484029,-4.443133302899402,10.066548167461043,-14.670803076132856,9.269280488509283,-0.3862102193867981,-0.07969946765801102,0.80439579142343,0.9700663578680606,-0.017746497214695012,0.40532596675172766,-0.6286142271925682,-0.5686078022903178,-2.0827886936561484,6.038635477581617,7.350210121502944,8.216308277686645,7.516347579095964,8.059538892399965,6.891783921515828,6.459629172082107,2.3923825259412297,6.118334945239628,6.545814330079515,7.246241919818585,7.534094076310659,7.654212925648238,7.520398148708397,7.028236974372425,4.475171219597378,86.20591929326697,85.07207044228741,66.66666666666667,10.001966712317566,75.10178896350914,6.19116869861973,66.9995050820738,18.227445678814618,70.8521210651711,84.96523462742499,84.39769780150695,14.445100015216967,65.0352407960481,20.861971774752586,57.730224593564515,18.613655898201415,0
