p1,p2,p3,p4,p5,p6,p7,p8,rsi,rsi1,rsi2,rsi3,rsi4,rsi5,rsi6,rsi7,sto,sto1,sto2,sto3,sto4,sto5,sto6,sto7,macd,macd1,macd2,macd3,macd4,macd5,macd6,macd7,macdl,macd1l,macd2l,macd3l,macd4l,macd5l,macd6l,macd7l,macds,macd1s,macd2s,macd3s,macd4s,macd5s,macd6s,macd7s,stol,sto1l,sto2l,sto3l,sto4l,sto5l,sto6l,sto7l,stos,sto1s,sto2s,sto3s,sto4s,sto5s,sto6s,sto7s,Pred
7314.168333333333,7331.166666666667,7313.5225,7323.371666666667,7312.804166666667,7305.859166666666,7313.339166666667,7315.2975,38.94413444978721,43.62978190648153,40.01645415299379,44.752362665966125,41.54538997820427,42.17511330708656,45.34464314729849,47.68006355855004,31.619643443347783,-10.882072452940342,-17.269642691330567,17.91430592370116,-22.564385315402983,24.215909172223842,-0.030507341283978917,2.7443794507180845,-6.870784375451595,-0.774956806432107,0.8370791073885885,2.4516323341875506,2.4235376055704805,1.1683293882059615,2.21058990127767,2.932654071742335,-26.722943690270466,-22.588731031574145,-20.4470682046264,-17.523146268918328,-15.437361023553118,-15.710359330750785,-13.303954718414994,-7.894073264405142,-19.85215931481887,-21.81377422514204,-21.284147312014987,-19.97477860310588,-17.8608986291236,-16.87868871895675,-15.514544619692664,-10.826727336147478,99.20269180395917,78.25081546259574,11.755050423879272,78.99125696606383,23.345005154185145,65.01771602499049,86.27810274640974,66.55777749569953,67.58304836061139,89.13288791553609,29.02469311520984,61.076951042362666,45.909390469588125,40.801806852766646,86.30861008769372,63.81339804498145,0
