p1,p2,p3,p4,p5,p6,p7,p8,rsi,rsi1,rsi2,rsi3,rsi4,rsi5,rsi6,rsi7,sto,sto1,sto2,sto3,sto4,sto5,sto6,sto7,macd,macd1,macd2,macd3,macd4,macd5,macd6,macd7,macdl,macd1l,macd2l,macd3l,macd4l,macd5l,macd6l,macd7l,macds,macd1s,macd2s,macd3s,macd4s,macd5s,macd6s,macd7s,stol,sto1l,sto2l,sto3l,sto4l,sto5l,sto6l,sto7l,stos,sto1s,sto2s,sto3s,sto4s,sto5s,sto6s,sto7s,Pred
7279.815833333333,7278.305833333334,7292.7283333333335,7389.945,7477.349999999999,7537.424166666667,7527.814166666667,7577.61275,56.54829956596016,56.13524452619294,57.91632713350278,70.88676490323661,78.04951009217197,78.12219710744107,68.5231582289275,66.76967512376372,-5.068044623491587,19.736016430023355,-15.771684040197824,22.222222222222243,-9.189040229023666,-13.033181993198511,-11.111111111111082,0.13717641743382933,8.213379260214547,3.823945000418058,2.9519956945399723,10.304523221564603,21.381998751895466,23.196809726730134,14.926400420297634,2.2191520243717036,10.870959894922938,10.023925430445766,11.468059207155724,23.652602872700907,49.01913131813156,67.68709220066133,73.6121720183525,71.16209419370452,2.657580634708392,6.199980430027709,8.516063512615752,13.348079651136304,27.637132566236094,44.490282473931195,58.685771598054856,68.94294216933282,28.433020614494904,59.654189780727634,54.52764013940485,97.74286778726204,86.21643965646447,66.66666666666667,1.4321363050655354,34.14858858368505,33.50106523798649,39.91817335070428,70.29932417960268,75.5206455650398,95.40547988548813,79.69984865986518,12.54324741617662,34.01141216625122,0
