p1,p2,p3,p4,p5,p6,p7,p8,rsi,rsi1,rsi2,rsi3,rsi4,rsi5,rsi6,rsi7,sto,sto1,sto2,sto3,sto4,sto5,sto6,sto7,macd,macd1,macd2,macd3,macd4,macd5,macd6,macd7,macdl,macd1l,macd2l,macd3l,macd4l,macd5l,macd6l,macd7l,macds,macd1s,macd2s,macd3s,macd4s,macd5s,macd6s,macd7s,stol,sto1l,sto2l,sto3l,sto4l,sto5l,sto6l,sto7l,stos,sto1s,sto2s,sto3s,sto4s,sto5s,sto6s,sto7s,Pred
7170.803333333333,7179.189166666667,7180.330833333333,7158.255833333334,7141.029166666667,7082.484166666666,7079.661666666667,7153.099,51.5045367363395,52.38975494403343,51.935591150890566,44.68550172115246,41.23782894303421,28.633778025736824,34.25831766927608,53.37096418618628,17.60593262448608,-21.614959248560453,-7.709869840957687,5.574333261631676,-5.348809408509536,-4.234028096937267,33.33333333333335,-7.627484334697787,-0.06830198509715217,1.6648377450749192,1.5743886137651764,-1.6593226406909278,-3.1410976588301156,-9.461908282367801,-9.222084129168342,5.301938668022379,-1.7390795235314727,1.054643856533706,2.236796542124163,-1.4559971091681898,-4.710006332364173,-16.495809489547355,-23.89483095451366,-6.658491774580943,-1.6707775384343204,-0.6101938885412131,0.6624079283589868,0.20332553152273794,-1.5689086735340576,-7.033901207179554,-14.67274682534532,-11.960430442603322,66.66666666666667,57.02375074233679,45.35884606477883,14.374256258170242,37.904169043114194,1.6321507594811593,92.47295853093559,63.91298972861997,49.060734042180584,78.63870999089724,53.06871590573652,8.799922996538566,43.25297845162373,5.866178856418426,59.13962519760223,71.54047406331776,0
