p1,p2,p3,p4,p5,p6,p7,p8,rsi,rsi1,rsi2,rsi3,rsi4,rsi5,rsi6,rsi7,sto,sto1,sto2,sto3,sto4,sto5,sto6,sto7,macd,macd1,macd2,macd3,macd4,macd5,macd6,macd7,macdl,macd1l,macd2l,macd3l,macd4l,macd5l,macd6l,macd7l,macds,macd1s,macd2s,macd3s,macd4s,macd5s,macd6s,macd7s,stol,sto1l,sto2l,sto3l,sto4l,sto5l,sto6l,sto7l,stos,sto1s,sto2s,sto3s,sto4s,sto5s,sto6s,sto7s,Pred
7172.798,7178.255,7193.7535,7220.569,7225.0575,7229.7525000000005,7310.3845,7325.6865625,52.57374935071875,56.876381660482885,63.43302099300329,63.54164218730841,61.953765504299696,61.11854413649155,78.96826233830255,67.46165112173338,-10.442147768870605,7.848444206367178,-2.164359621966187,-12.27260966628078,5.013897184940087,13.92537914800742,1.4210854715202004e-14,-11.384061639949797,-0.06399090414069147,0.6493940227786443,2.0170687150319435,4.545258995047302,2.343863618618829,0.09808833088707977,7.244647784946852,4.9061246411299795,0.32583142003750254,1.4855069092953272,4.5616977222776764,11.85467863976046,13.948692024191587,12.505229324296305,23.971736072684507,33.56722546850881,0.389822324178194,0.8361128865166829,2.5446290072457334,7.309419644713158,11.604828405572759,12.407140993409227,16.727088287737654,28.661100827378828,67.21384129763833,69.66337932380458,64.63004303422342,32.6872861042191,31.26317143490553,59.227915618894336,100.0,29.277751351560017,77.65598906650894,61.8149351174374,66.7944026561896,44.959895770499884,26.249274249965445,45.30253647088692,99.99999999999999,40.66181299150981,0
