p1,p2,p3,p4,p5,p6,p7,p8,rsi,rsi1,rsi2,rsi3,rsi4,rsi5,rsi6,rsi7,sto,sto1,sto2,sto3,sto4,sto5,sto6,sto7,macd,macd1,macd2,macd3,macd4,macd5,macd6,macd7,macdl,macd1l,macd2l,macd3l,macd4l,macd5l,macd6l,macd7l,macds,macd1s,macd2s,macd3s,macd4s,macd5s,macd6s,macd7s,stol,sto1l,sto2l,sto3l,sto4l,sto5l,sto6l,sto7l,stos,sto1s,sto2s,sto3s,sto4s,sto5s,sto6s,sto7s,Pred
7077.609166666667,7079.528333333333,7058.805833333334,7059.958333333333,7076.046666666667,7064.529166666666,7055.1449999999995,7027.572749999999,57.25408970504415,57.132077881860546,50.43225781949996,51.25398388374198,56.726481193314605,50.77688644856071,47.26332007429583,41.72964003823794,2.128882156972807,-1.1568342799159705,-10.127367325233736,26.389411973142423,2.3928224901341317,-29.414907423684138,16.542304894371444,4.446681504213045,11.03410264400211,6.402861858387331,0.8929605832275728,-1.7405884399650582,-0.38646711207860623,-1.1590748289440918,-2.678790869951455,-4.662094045283777,11.790102230790277,13.050743566140833,9.649439653413841,6.1085101192578195,6.728592867048671,5.444530284741934,2.2342817766296625,-7.006866973515571,0.7559995867881674,6.647881707753503,8.756479070186268,7.849098559222878,7.115059979127277,6.603605113686027,4.913072646581117,-2.3447729282317935,31.074072750851844,41.48975501867574,1.4756156788160553,51.30678178607993,94.64896737373088,0.5266062382046951,29.083435656304786,43.28513184610993,28.945190593879037,42.64658929859171,11.602983004049792,24.91736981293751,92.25614488359676,29.94151366188883,12.541130761933344,38.83845034189688,0
