p1,p2,p3,p4,p5,p6,p7,p8,rsi,rsi1,rsi2,rsi3,rsi4,rsi5,rsi6,rsi7,sto,sto1,sto2,sto3,sto4,sto5,sto6,sto7,macd,macd1,macd2,macd3,macd4,macd5,macd6,macd7,macdl,macd1l,macd2l,macd3l,macd4l,macd5l,macd6l,macd7l,macds,macd1s,macd2s,macd3s,macd4s,macd5s,macd6s,macd7s,stol,sto1l,sto2l,sto3l,sto4l,sto5l,sto6l,sto7l,stos,sto1s,sto2s,sto3s,sto4s,sto5s,sto6s,sto7s,Pred
7182.660833333333,7187.389166666667,7205.854166666667,7218.381666666667,7200.55,7184.8275,7193.3125,7217.60875,44.44548366811108,48.26906539606381,57.72537254194792,60.349742979107084,50.23536340139889,43.04325183602688,48.950069855700896,55.36631824788687,-4.135585628619711,28.46912264763623,-5.771753943319126,-6.622361500680465,-16.029112336710643,1.7014179058768732,22.492816256099417,-4.946250119445833,-3.924740369634591,-3.2886013943741492,-0.2523148028475184,2.099854968280405,0.18832417077948035,-2.6692486584876702,-2.5348904788420743,1.4216530019733933,2.605466514489611,0.4893978157854993,2.529575160632097,5.979818849478154,4.830341193508502,0.6962666901226839,-1.524655909846236,7.022643459448773,6.530206884124202,3.7779992101596482,2.7818899634796153,3.8799638811977495,4.642017022729022,3.365515348610354,1.0102345689958383,5.60099045747538,11.306656533273761,84.42259812960538,82.9225793590224,73.37542573172776,6.9029643863830925,9.455091245198387,54.11958709858798,41.034900001202736,15.442242161893473,55.95347548196915,88.69433330234152,79.99778723240823,22.932076723093733,7.753673339321515,31.62677084248856,45.981150120648564,0
