p1,p2,p3,p4,p5,p6,p7,p8,rsi,rsi1,rsi2,rsi3,rsi4,rsi5,rsi6,rsi7,sto,sto1,sto2,sto3,sto4,sto5,sto6,sto7,macd,macd1,macd2,macd3,macd4,macd5,macd6,macd7,macdl,macd1l,macd2l,macd3l,macd4l,macd5l,macd6l,macd7l,macds,macd1s,macd2s,macd3s,macd4s,macd5s,macd6s,macd7s,stol,sto1l,sto2l,sto3l,sto4l,sto5l,sto6l,sto7l,stos,sto1s,sto2s,sto3s,sto4s,sto5s,sto6s,sto7s,Pred
7599.755,7560.13,7557.550833333333,7556.644166666666,7490.565833333333,7426.591666666666,7435.695833333333,7273.38475,58.691410909811545,52.364252651552206,51.299907299011046,50.937964234436386,39.3828763556115,32.871975594822615,38.152178340371904,28.34427370119114,-5.029854401994723,-22.389135003276373,16.835076680368115,-6.630909822114499,-11.008917027867273,1.865174681370263e-14,31.251909768737374,-6.200665442519085,16.565925125919144,12.358916166423242,5.74626199862253,2.7368264168312284,-5.611446384546432,-13.660017092517897,-12.53316287003543,-18.12527529373334,-1.6134806173052614,5.337631173646211,4.330476878893933,4.133375523792286,-5.821575750628654,-22.375471227704413,-31.700660941307433,-59.37599742060902,-18.179405743224404,-7.021284992777031,-1.415785119728597,1.3965491069610576,-0.21012936608222121,-8.715454135186516,-19.167498071272004,-41.25072212687568,75.33852119865105,3.4347905291776177,38.91235557480773,46.76203750766115,0.0,2.1665179024078314,96.87786465310602,31.445988421311437,80.36837560064578,25.82392553245399,22.077278894439615,53.392947329775645,11.008917027867273,2.1665179024078127,65.62595488436865,37.64665386383052,0
