p1,p2,p3,p4,p5,p6,p7,p8,rsi,rsi1,rsi2,rsi3,rsi4,rsi5,rsi6,rsi7,sto,sto1,sto2,sto3,sto4,sto5,sto6,sto7,macd,macd1,macd2,macd3,macd4,macd5,macd6,macd7,macdl,macd1l,macd2l,macd3l,macd4l,macd5l,macd6l,macd7l,macds,macd1s,macd2s,macd3s,macd4s,macd5s,macd6s,macd7s,stol,sto1l,sto2l,sto3l,sto4l,sto5l,sto6l,sto7l,stos,sto1s,sto2s,sto3s,sto4s,sto5s,sto6s,sto7s,Pred
8095.0391666666665,8091.5125,8075.8275,8081.981666666667,8077.8925,8084.391666666666,8085.3475,8094.89725,59.96755790376243,54.97543276375006,44.92914283137154,49.239624030409935,47.453876179695904,51.241844374866716,53.17272579427389,56.95019228858858,13.273833172506409,-31.412039395236505,10.357150783941691,19.036084426641796,-16.327609816542207,0.19152616282090898,17.80067160381651,-5.331638248703177,3.798544217896743,2.626688470497645,-0.5884278563879949,-0.9341334849480435,-0.898690552780026,-0.11721690110024861,0.2924820146842738,1.2403393219606773,2.742113777478759,4.014612907882717,1.1063079754136804,0.001271370851403238,-0.5863404694097577,-0.10576986074859936,0.34644391211774445,2.7231823220263323,-1.056430440417984,1.3879244373850717,1.6947358318016752,0.9354048557994468,0.31235008337026826,0.01144704035164925,0.05396189743347061,1.482843000065655,88.62540277263767,26.65568142458307,18.417667083057708,88.21608003697116,43.493802872617884,72.30385139779143,85.2327823188566,63.64399741496385,75.35156960013126,58.06772081981957,8.060516299116017,69.17999561032937,59.82141268916009,72.11232523497051,67.43211071504008,68.97563566366702,0
