p1,p2,p3,p4,p5,p6,p7,p8,rsi,rsi1,rsi2,rsi3,rsi4,rsi5,rsi6,rsi7,sto,sto1,sto2,sto3,sto4,sto5,sto6,sto7,macd,macd1,macd2,macd3,macd4,macd5,macd6,macd7,macdl,macd1l,macd2l,macd3l,macd4l,macd5l,macd6l,macd7l,macds,macd1s,macd2s,macd3s,macd4s,macd5s,macd6s,macd7s,stol,sto1l,sto2l,sto3l,sto4l,sto5l,sto6l,sto7l,stos,sto1s,sto2s,sto3s,sto4s,sto5s,sto6s,sto7s,Pred
8672.476666666667,8683.473333333333,8685.3475,8682.195833333333,8673.335,8643.891666666666,8676.070833333333,8696.766,36.868022286998055,40.776906011048744,42.08774981719587,42.179155979317954,37.88931880260923,30.29546393830071,48.93796052813224,53.49472185560561,20.003906709897333,10.669355765014544,-26.539313985368505,17.556198608738036,-19.741276655618208,-4.167185954988089,33.33333333333332,1.7053025658242404e-14,-3.554738546928371,-0.7952222072990717,1.3337390775565556,1.8294014723854886,1.2467681501144756,-1.2532947743625982,0.20809180151553205,5.018133569542459,-17.414992201605855,-15.974632143594135,-13.257416456484862,-11.541599320995374,-10.848612937856766,-13.479010428549978,-13.087789448121839,-1.0770479096039707,-13.860253654677484,-15.179409936295064,-14.591155534041418,-13.371000793380862,-12.095381087971242,-12.22571565418738,-13.295881249637372,-6.095181479146429,33.333333333333336,98.67473396171032,49.518341345201904,38.662488821315264,18.16259796029219,5.431823337373955,100.0,72.6381321646585,13.329426623435998,88.00537819669577,76.05765533057041,21.106290212577225,37.9038746159104,9.599009292362044,66.66666666666667,72.63813216465849,0
