p1,p2,p3,p4,p5,p6,p7,p8,rsi,rsi1,rsi2,rsi3,rsi4,rsi5,rsi6,rsi7,sto,sto1,sto2,sto3,sto4,sto5,sto6,sto7,macd,macd1,macd2,macd3,macd4,macd5,macd6,macd7,macdl,macd1l,macd2l,macd3l,macd4l,macd5l,macd6l,macd7l,macds,macd1s,macd2s,macd3s,macd4s,macd5s,macd6s,macd7s,stol,sto1l,sto2l,sto3l,sto4l,sto5l,sto6l,sto7l,stos,sto1s,sto2s,sto3s,sto4s,sto5s,sto6s,sto7s,Pred
9327.788333333334,9331.573333333332,9368.28,9385.432499999999,9364.775833333333,9337.481666666667,9375.2175,9348.22975,45.51029733646861,47.70413946759454,56.2053178758272,58.515890110740756,51.23055799599999,45.80657990143144,54.61445427655875,47.87879904698558,19.53994854959821,12.32320201294145,-9.473903143468002e-15,-12.368101446694999,-20.965231886638332,10.30686845902312,15.330345373800256,1.59853192235572,-1.7829795569426559,-0.3127226260451019,4.583398791899057,7.658851808328815,3.892736189721591,-2.2001438688896804,0.1070968483857051,-2.222807662878983,-5.7586761256928485,-5.099939275915555,1.8994523319646153,10.346581562761154,10.815399437198721,4.36689210036396,5.903967047035621,1.3504910829802612,-3.975696568750193,-4.787216649870453,-2.6839464599344427,2.6877297544323397,6.9226632474771295,6.567035969253641,5.796870198649916,3.573298745859244,78.04311231856306,80.931143376924,93.1519127056062,65.34912679284078,0.0,23.03517152124338,86.21430756678788,30.172493262169056,58.503163768964846,68.60794136398255,93.15191270560621,77.71722823953579,20.965231886638332,12.72830306222026,70.88396219298762,28.573961339813337,0
