p1,p2,p3,p4,p5,p6,p7,p8,rsi,rsi1,rsi2,rsi3,rsi4,rsi5,rsi6,rsi7,sto,sto1,sto2,sto3,sto4,sto5,sto6,sto7,macd,macd1,macd2,macd3,macd4,macd5,macd6,macd7,macdl,macd1l,macd2l,macd3l,macd4l,macd5l,macd6l,macd7l,macds,macd1s,macd2s,macd3s,macd4s,macd5s,macd6s,macd7s,stol,sto1l,sto2l,sto3l,sto4l,sto5l,sto6l,sto7l,stos,sto1s,sto2s,sto3s,sto4s,sto5s,sto6s,sto7s,Pred
6647.657,6633.4045,6614.192,6581.3730000000005,6562.6405,6465.9605,6562.9515,6667.2328125,53.4862359233859,45.97010577084714,38.1542202988791,31.076867694276697,32.65294751775472,21.90302071027904,51.38354854645784,63.76125223657384,-13.993473681477036,-1.2231555832780376,3.542601621342317,-2.1188655202336704,0.14794707351886843,7.559097514377896,6.94556353078579,-3.0120981073165467,0.011696215357215056,-2.1640020456179134,-3.6661651766795935,-5.707261691404351,-4.555918297393749,-11.994028683570619,4.297239527982967,19.097112531620258,4.116437568899346,0.1507401997998386,-5.234674733370957,-13.331083195275824,-18.29891848994739,-37.01949828384586,-26.02506569304587,15.67169432118601,4.104741353542131,2.314742245417752,-1.5685095566913638,-7.623821503871473,-13.743000192553643,-25.02546960027524,-30.322305221028838,-3.4254182104342497,26.208727208339106,21.13940341665959,22.19301385647373,24.10389045679974,53.33433593763484,31.190877676215734,94.74711004151591,62.68131252379599,40.20220088981614,22.362558999937626,18.650412235131412,26.222755977033408,53.18638886411597,23.63178016183784,87.80154651073012,65.69341063111254,0
