p1,p2,p3,p4,p5,p6,p7,p8,rsi,rsi1,rsi2,rsi3,rsi4,rsi5,rsi6,rsi7,sto,sto1,sto2,sto3,sto4,sto5,sto6,sto7,macd,macd1,macd2,macd3,macd4,macd5,macd6,macd7,macdl,macd1l,macd2l,macd3l,macd4l,macd5l,macd6l,macd7l,macds,macd1s,macd2s,macd3s,macd4s,macd5s,macd6s,macd7s,stol,sto1l,sto2l,sto3l,sto4l,sto5l,sto6l,sto7l,stos,sto1s,sto2s,sto3s,sto4s,sto5s,sto6s,sto7s,Pred
7153.17,7153.3175,7157.676666666666,7154.599166666666,7138.766666666667,7141.765833333333,7141.5233333333335,7138.49175,33.06101346791589,37.57580889430855,42.584190068439945,40.81255543767068,33.89407905369318,37.34627421374993,40.19039734997757,40.96922313352927,4.600066462136044,21.559286206255006,-7.479110430306747,-19.202921185519006,-6.642097597629084,33.33333333333335,-4.40983517589131,-8.656526782696234,-1.4615358498213131,-1.9109884614019395,-0.5011550769908704,0.21158352626548727,-0.8821577509339159,-0.7219645066328049,0.11244103032273856,0.7341011789323909,-6.6865625222647695,-8.655579700009488,-8.006772619551763,-7.176765773583611,-8.617470400830522,-9.166703804742914,-8.494547938896176,-6.087837295454665,-5.225026672443457,-6.744591238607548,-7.505617542560893,-7.388349299849098,-7.735312649896606,-8.44473929811011,-8.606988969218914,-6.821938474387056,17.647264510799836,83.8983638027004,78.87398742806528,38.076706475068264,0.0,93.8441717904997,68.30417120405883,38.1094017232305,13.047198048663791,62.3390775964454,86.35309785837202,57.27962766058727,6.642097597629084,60.51083845716636,72.71400637995013,46.76592850592673,0
