p1,p2,p3,p4,p5,p6,p7,p8,rsi,rsi1,rsi2,rsi3,rsi4,rsi5,rsi6,rsi7,sto,sto1,sto2,sto3,sto4,sto5,sto6,sto7,macd,macd1,macd2,macd3,macd4,macd5,macd6,macd7,macdl,macd1l,macd2l,macd3l,macd4l,macd5l,macd6l,macd7l,macds,macd1s,macd2s,macd3s,macd4s,macd5s,macd6s,macd7s,stol,sto1l,sto2l,sto3l,sto4l,sto5l,sto6l,sto7l,stos,sto1s,sto2s,sto3s,sto4s,sto5s,sto6s,sto7s,Pred
7294.240357142857,7326.586428571429,7356.857142857143,7366.332857142857,7337.001071428572,7331.2189285714285,7309.584642857143,7324.705833333333,41.0354088023504,51.24982598593889,58.41734328828488,57.750294809308464,45.8488743848094,45.63786267050158,41.255724622139766,50.003300939389845,11.080062179716194,-11.249769474345188,-3.035944811369099,1.582833825560544,10.8326627072399,-12.415496532800436,1.053656999335358,2.1631445281655157,-0.42671381494885247,6.101900257213129,6.864603875001645,3.2292626106045366,-3.566427699476906,-2.685172126564889,-3.2929314726110217,1.5590748709620326,-20.519719848334066,-7.110994479051442,5.269108391453301,10.552619334885744,2.6535343008536074,-2.0348082297663757,-8.584469099709947,-3.9762676639663823,-20.093006033385215,-13.21289473626457,-1.5954954835483441,7.323356724281207,6.219962000330513,0.6503638967985135,-5.291537627098926,-5.535342534928414,77.42362587411215,75.97214389904958,60.093038836511255,44.483494695982905,26.709951728634667,40.05808070822943,48.36181308254217,57.224095010037175,66.34356369439595,87.22191337339477,63.128983647880354,42.900660870422364,15.87728902139477,52.47357724102987,47.30815608320681,55.06095048187166,0
