p1,p2,p3,p4,p5,p6,p7,p8,rsi,rsi1,rsi2,rsi3,rsi4,rsi5,rsi6,rsi7,sto,sto1,sto2,sto3,sto4,sto5,sto6,sto7,macd,macd1,macd2,macd3,macd4,macd5,macd6,macd7,macdl,macd1l,macd2l,macd3l,macd4l,macd5l,macd6l,macd7l,macds,macd1s,macd2s,macd3s,macd4s,macd5s,macd6s,macd7s,stol,sto1l,sto2l,sto3l,sto4l,sto5l,sto6l,sto7l,stos,sto1s,sto2s,sto3s,sto4s,sto5s,sto6s,sto7s,Pred
6781.750714285714,6775.962142857143,6786.3375,6776.430714285714,6750.64,6755.81,6802.616071428572,6854.66,58.0466106121629,54.724667134134314,56.05074372647926,50.19989602326496,42.740467461252535,47.27293528313466,56.68687837505397,58.72256035369486,-9.523809523809522,1.5408779298283761,0.4446462754122926,12.300190080473616,-2.845167781738753,0.2067654816795001,-0.7955735214889111,-5.661190007493724,1.0886586876278201,-2.2390903190864964,-1.1076939408440947,-2.2579527940349764,-4.267861611558149,-1.1022137178604796,4.951721666560316,5.937190445257631,15.433600366192097,9.852850211661721,8.032254397053814,4.0034377850466365,-3.627573625111576,-5.937413696754577,4.734491714502448,21.99015531042096,14.344941678564277,12.091940530748218,9.139948337897907,6.261390579081613,0.6402879864465728,-4.835199978894098,-0.21722995205786816,16.05296486516333,23.024283317366258,39.02861799964903,46.23657153466917,39.65043391242981,48.70225112916697,71.2861721938485,57.471208818380774,42.55921025785987,32.54809284117578,37.48774006982065,45.79192525925687,27.3502438319562,51.54741891090572,71.07940671216899,58.266782339869685,48.22040026535359,0
