p1,p2,p3,p4,p5,p6,p7,p8,rsi,rsi1,rsi2,rsi3,rsi4,rsi5,rsi6,rsi7,sto,sto1,sto2,sto3,sto4,sto5,sto6,sto7,macd,macd1,macd2,macd3,macd4,macd5,macd6,macd7,macdl,macd1l,macd2l,macd3l,macd4l,macd5l,macd6l,macd7l,macds,macd1s,macd2s,macd3s,macd4s,macd5s,macd6s,macd7s,stol,sto1l,sto2l,sto3l,sto4l,sto5l,sto6l,sto7l,stos,sto1s,sto2s,sto3s,sto4s,sto5s,sto6s,sto7s,Pred
6759.4975,6758.006071428571,6783.198214285714,6720.403214285714,6718.348214285715,6730.062142857143,6727.2,6754.584791666667,58.40761857886854,54.90624072034375,58.72052029070346,41.04128881092914,45.542801701518584,49.08148417163786,49.127556189384556,55.1315370079377,-5.8262701997391515,10.977873391805755,-11.26313339918443,10.6998272226271,3.585887063087188,-10.131353796129071,10.131353796129064,-5.630303740953164,2.4516427548233577,-0.8794202047457566,0.4088905305016741,-8.029963897226366,-4.802351516034626,1.635522140041182,0.8714846800496517,2.603673511310985,16.430786560536554,14.525940792632875,15.56094210979167,0.805333418340784,-10.24956005103013,-4.322169525747215,-2.8996426336485195,6.231199324155189,13.979143805713196,15.405360997378631,15.152051579289996,8.83529731556715,-5.447208534995504,-5.957691665788397,-3.7711273136981713,3.6275258128442047,61.417628721979305,45.569258486186804,29.927245869718316,24.356455925679587,82.70542551708934,53.78590523699581,59.261792854772175,36.825986438779225,67.24389892171845,34.59138509438105,41.190379268902745,13.656628703052487,79.11953845400214,63.91725903312488,49.130439058643105,42.45629017973239,0
