p1,p2,p3,p4,p5,p6,p7,p8,rsi,rsi1,rsi2,rsi3,rsi4,rsi5,rsi6,rsi7,sto,sto1,sto2,sto3,sto4,sto5,sto6,sto7,macd,macd1,macd2,macd3,macd4,macd5,macd6,macd7,macdl,macd1l,macd2l,macd3l,macd4l,macd5l,macd6l,macd7l,macds,macd1s,macd2s,macd3s,macd4s,macd5s,macd6s,macd7s,stol,sto1l,sto2l,sto3l,sto4l,sto5l,sto6l,sto7l,stos,sto1s,sto2s,sto3s,sto4s,sto5s,sto6s,sto7s,Pred
6917.865357142857,6928.918571428571,6941.984285714286,6968.561428571428,6968.488571428571,6993.727142857143,6944.043928571428,6898.012291666667,58.40641182783056,59.288641765623474,57.104678337255336,59.37222368433163,55.26964524096392,58.29307588704871,44.47179024398434,40.12131959684481,-5.936669659878979,12.866215187076124,-2.3473286806360452e-15,-14.28571428571429,9.78184326460333,-2.18152228558152,-5.556284967623269,0.289300829915862,-4.838967974846788,-3.132570730691572,-1.3103250314915245,0.4075128541391249,-1.4636054988499956,0.03335374761734095,-6.405288675524918,-7.244170333227266,23.70957094285859,18.065551828252346,17.897787146579503,17.717794208352124,15.60717571857406,15.779620378869108,5.436683158532625,-16.787511982957614,28.54853891770538,21.19812255894392,19.208112178071026,17.310281354213,17.070781217424056,15.746266631251766,11.841971834057542,-9.54334164973035,51.55504854475625,83.41065788200221,43.413980907203275,62.227891174961364,44.4621453358047,57.239790219904705,18.075495271751766,54.873486656984745,57.49171820463523,70.54444269492609,43.413980907203275,76.51360546067565,34.68030207120137,59.42131250548622,23.631780239375036,54.584185827068886,0
