p1,p2,p3,p4,p5,p6,p7,p8,rsi,rsi1,rsi2,rsi3,rsi4,rsi5,rsi6,rsi7,sto,sto1,sto2,sto3,sto4,sto5,sto6,sto7,macd,macd1,macd2,macd3,macd4,macd5,macd6,macd7,macdl,macd1l,macd2l,macd3l,macd4l,macd5l,macd6l,macd7l,macds,macd1s,macd2s,macd3s,macd4s,macd5s,macd6s,macd7s,stol,sto1l,sto2l,sto3l,sto4l,sto5l,sto6l,sto7l,stos,sto1s,sto2s,sto3s,sto4s,sto5s,sto6s,sto7s,Pred
6596.526477272727,6636.802159090909,6642.5540909090905,6653.096136363636,6658.76625,6731.251931818182,6952.958295454546,6878.916574074074,48.580372331439754,56.45317344498895,52.967565797745806,53.640738101970896,48.740355358555355,63.18686890536023,71.32825820975292,45.126923442255546,-0.8247919184989339,-0.18292838427665611,-1.953603300842223,-0.3589770045864333,0.8136085645901818,-0.8155253202609661,1.5957113082875642,-0.19703221650656236,-0.5812339882194931,1.193464142422728,-0.6396534239530652,0.7489738237518975,-2.1497465352646277,5.721698999692302,9.139026310428635,-16.564573167930355,-1.220060008505987,8.89582836147656,3.454515341197583,3.8094971454933,2.033987902496392,17.388315527297642,56.0260510380019,-2.2381877817885685,-0.6388260202864939,7.702364219053832,4.094168765150648,3.0605233217414023,4.18373443776102,11.666616527605342,46.88702472757327,14.326385386141785,57.00599138604541,44.293927462642216,56.607749052265085,53.49213890292371,38.708224185139876,56.95906345321097,57.531346706960704,37.14811542353383,57.83078330454434,44.47685584691887,58.56135235310731,53.85111590751014,37.89461562054969,57.77458877347194,55.93563539867314,37.345147640040395,0
