p1,p2,p3,p4,p5,p6,p7,p8,rsi,rsi1,rsi2,rsi3,rsi4,rsi5,rsi6,rsi7,sto,sto1,sto2,sto3,sto4,sto5,sto6,sto7,macd,macd1,macd2,macd3,macd4,macd5,macd6,macd7,macdl,macd1l,macd2l,macd3l,macd4l,macd5l,macd6l,macd7l,macds,macd1s,macd2s,macd3s,macd4s,macd5s,macd6s,macd7s,stol,sto1l,sto2l,sto3l,sto4l,sto5l,sto6l,sto7l,stos,sto1s,sto2s,sto3s,sto4s,sto5s,sto6s,sto7s,Pred
6220.279166666666,6248.927222222223,6228.663611111111,6194.199722222223,6187.675,6199.730277777778,6199.675833333333,6186.4585,45.449087088781226,56.038981123522106,45.55227767317965,36.78756930308932,43.91281310325754,49.47566119435544,48.953778533588,46.211952428339764,4.694095584128017,0.8321566214613615,-7.40740740740741,-3.6059454585419792,10.696137570414137,-2.250047664072378,-6.32198316827317,7.815289610488551,3.76441810512346,5.8951356100462595,-0.48546642046970323,-3.9000581504579257,-0.44548920557278077,2.928159157917595,1.409865156296808,-0.8818377796793001,-14.689655977451164,0.5327463377607273,-0.44536931072242525,-10.086603804060765,-12.683693922713852,-4.566770625166707,-0.6015074097260569,-4.286850591968777,-18.454074082574625,-5.362389272285532,0.040097109747277974,-6.186545653602838,-12.238204717141071,-7.494929783084301,-2.0113725660228647,-3.4050128122894776,87.21238885665707,57.138271426659706,16.47666288339033,35.034683738923,77.8345174983537,58.53453389294241,28.255887460899928,51.23091550196667,82.51829327252906,56.30611480519834,23.884070290797737,38.64062919746498,67.13837992793957,60.784581557014796,34.5778706291731,43.41562589147812,0
