p1,p2,p3,p4,p5,p6,p7,p8,rsi,rsi1,rsi2,rsi3,rsi4,rsi5,rsi6,rsi7,sto,sto1,sto2,sto3,sto4,sto5,sto6,sto7,macd,macd1,macd2,macd3,macd4,macd5,macd6,macd7,macdl,macd1l,macd2l,macd3l,macd4l,macd5l,macd6l,macd7l,macds,macd1s,macd2s,macd3s,macd4s,macd5s,macd6s,macd7s,stol,sto1l,sto2l,sto3l,sto4l,sto5l,sto6l,sto7l,stos,sto1s,sto2s,sto3s,sto4s,sto5s,sto6s,sto7s,Pred
6985.037833333334,7105.257555555556,7102.7545,7116.3025,7130.926833333333,7070.683111111111,7104.991111111111,7435.339239130435,60.75331664187136,60.71737182398336,50.81308928959763,54.97837005997845,49.15404891669981,41.99421291331261,58.26497335438303,69.3758269895901,2.0121176922594164,-1.7533325103856603,-0.46888971183652506,0.5161131419327689,-0.16458309317253988,1.226837246543769,-1.2797868071933554,0.08915499093642797,2.35438404431837,-2.5431732176534814,0.11595450065376313,0.5236506878171905,-0.8066110570181426,0.2503041915918069,1.5540357914301919,1.657105071486421,9.701768913023988,15.507563755001785,0.29813144819474674,2.170688612101387,0.9204773341937754,-7.944112530987776,6.532380851024694,56.15550243696518,7.3473848687056185,18.050736972655265,0.18217694754098362,1.6470379242841964,1.7270883912119182,-8.194416722579582,4.978345059594502,54.49839736547876,58.80336374444741,38.05035780947738,47.12982370176709,64.28383759087303,37.95460702472405,50.2189472741697,59.17529690766794,41.96300283556597,56.791246052187994,39.803690319863044,47.59871341360361,63.76772444894027,38.119190117896586,48.992110027625934,60.455083714861296,41.873847844629545,0
