p1,p2,p3,p4,p5,p6,p7,p8,rsi,rsi1,rsi2,rsi3,rsi4,rsi5,rsi6,rsi7,sto,sto1,sto2,sto3,sto4,sto5,sto6,sto7,macd,macd1,macd2,macd3,macd4,macd5,macd6,macd7,macdl,macd1l,macd2l,macd3l,macd4l,macd5l,macd6l,macd7l,macds,macd1s,macd2s,macd3s,macd4s,macd5s,macd6s,macd7s,stol,sto1l,sto2l,sto3l,sto4l,sto5l,sto6l,sto7l,stos,sto1s,sto2s,sto3s,sto4s,sto5s,sto6s,sto7s,Pred
6613.496666666667,6631.045416666667,6621.645416666666,6611.611666666667,6628.975833333334,6638.535,6604.385,6609.9825,53.07376818355579,56.325810647897406,51.333087173595196,48.2487410711296,54.545685115884126,53.56636718047265,44.90113515785657,47.811681575805665,-1.9907930182955778,-8.68434580470751,-5.555555555555573,14.14691029129148,-1.0283780354310423,-13.118532255860508,16.351773093871238,-10.69922998227871,4.4563101988710345,5.214708067524581,1.304433592060987,-1.6455391219127629,1.2024447931238202,2.003799801099314,-4.114321669925099,-1.2157031345308043,-5.6031260597108785,3.0179037299919096,3.708556865051984,-0.7053990259152366,2.167247187606639,6.621030295280131,-2.632426273810021,-4.041276364123145,-10.059436258581913,-2.1968043375326722,2.404123272990997,0.9401400959975262,0.9648023944828183,4.617230494180817,1.4818953961150774,-2.825573229592341,80.10223869392068,47.58099528133344,11.030384469663133,58.47457978408876,51.70210194589073,31.37495197385931,48.185171454380686,50.96391314465371,82.09303171221626,56.265341086040955,16.585940025218708,44.327669492797284,52.73047998132178,44.49348422971982,31.833398360509445,61.66314312693242,0
