p1,p2,p3,p4,p5,p6,p7,p8,rsi,rsi1,rsi2,rsi3,rsi4,rsi5,rsi6,rsi7,sto,sto1,sto2,sto3,sto4,sto5,sto6,sto7,macd,macd1,macd2,macd3,macd4,macd5,macd6,macd7,macdl,macd1l,macd2l,macd3l,macd4l,macd5l,macd6l,macd7l,macds,macd1s,macd2s,macd3s,macd4s,macd5s,macd6s,macd7s,stol,sto1l,sto2l,sto3l,sto4l,sto5l,sto6l,sto7l,stos,sto1s,sto2s,sto3s,sto4s,sto5s,sto6s,sto7s,Pred
6630.091428571429,6653.117499999999,6730.172857142857,6722.658571428571,6711.993928571429,6692.2021428571425,6754.921071428571,6750.706875,52.59465795904106,57.56200560749549,67.42798509755058,59.53566406080144,53.87360424778052,49.945714970314384,61.22643641904229,54.307579867341246,-6.030335720190105,7.716799532451983,-8.857654809706917,1.0492566798774026,-3.98779682105624,14.285714285714251,-8.78890238026467,-3.03234799442404,-2.2053146153034713,0.27891614684815635,8.554387079060465,-0.35979661426341536,-4.611498516511188,-6.599935938932674,4.322074482596608,-0.3102313985054086,10.785914947618949,9.913737114785363,29.299154756499256,26.441109010959085,17.35353709816783,2.291310092750012,14.19140307442571,13.844275773849555,12.99122956292242,9.634820967937207,20.74476767743879,26.8009056252225,21.965035614679017,8.891246031682686,9.869328591829102,14.154507172354965,39.855318756896594,89.2929269067314,66.65034289898131,34.85880624916886,20.328211775016467,74.85954169974242,67.0440895695198,35.707155961148956,45.8856544770867,81.57612737427942,75.50799770868822,33.809549569291455,24.316008596072706,60.57382741402818,75.83299194978446,38.739503955573,0
