p1,p2,p3,p4,p5,p6,p7,p8,rsi,rsi1,rsi2,rsi3,rsi4,rsi5,rsi6,rsi7,sto,sto1,sto2,sto3,sto4,sto5,sto6,sto7,macd,macd1,macd2,macd3,macd4,macd5,macd6,macd7,macdl,macd1l,macd2l,macd3l,macd4l,macd5l,macd6l,macd7l,macds,macd1s,macd2s,macd3s,macd4s,macd5s,macd6s,macd7s,stol,sto1l,sto2l,sto3l,sto4l,sto5l,sto6l,sto7l,stos,sto1s,sto2s,sto3s,sto4s,sto5s,sto6s,sto7s,Pred
6255.512142857143,6246.968214285715,6230.218214285715,6211.198571428571,6275.711428571429,6335.328928571428,6304.107857142857,6278.768958333333,55.52399239183748,53.042482401899406,50.305584765732526,48.46943798699975,57.646313346293766,61.43804789522634,52.77900748834782,48.75111478723509,-3.709637626484908,-3.492519917792459,3.930224492813163,10.355489792901087,-5.744991318423852,-4.233588654925651,7.182749617656529,-6.702432292512476,-34.284880696992225,-19.81921085625938,-13.675863559994562,-9.524898329779989,3.878031977618805,7.643004385260517,-3.018249762813102,-5.768632352009062,69.1280572643687,39.722531842033796,18.012084069268504,1.315189217738537,12.620457278033948,28.306841312449382,20.68849529693281,3.296448069752311,103.41293796136092,59.54174269829318,31.687947629263068,10.840087547518525,8.742425300415142,20.663836927188864,23.706745059745913,9.065080421761373,48.92892357398532,28.017236914222188,42.79350566557347,61.52495983983177,63.679178752153,47.40924689524459,31.556768973474036,42.96668773110002,52.63856120047023,31.509756832014645,38.86328117276031,51.169470046930684,69.42417007057685,51.64283555017025,24.374019355817506,49.6691200236125,0
