p1,p2,p3,p4,p5,p6,p7,p8,rsi,rsi1,rsi2,rsi3,rsi4,rsi5,rsi6,rsi7,sto,sto1,sto2,sto3,sto4,sto5,sto6,sto7,macd,macd1,macd2,macd3,macd4,macd5,macd6,macd7,macdl,macd1l,macd2l,macd3l,macd4l,macd5l,macd6l,macd7l,macds,macd1s,macd2s,macd3s,macd4s,macd5s,macd6s,macd7s,stol,sto1l,sto2l,sto3l,sto4l,sto5l,sto6l,sto7l,stos,sto1s,sto2s,sto3s,sto4s,sto5s,sto6s,sto7s,Pred
6071.063214285714,6035.24,6007.7414285714285,6023.418928571428,5954.486071428571,5966.57,5933.893214285714,5866.560833333333,55.47209017867131,47.88975371072861,44.96633718528723,48.539678378971075,38.79435347483189,45.8717528313135,42.94483652887897,37.94397101505534,-13.676076536827052,6.324664693852549,6.603993696099043,-8.776391376934034,6.976945960489855,-6.916097288469661,0.5452902134818883,4.30732207320887,7.404655813684798,-0.9748649637029011,-3.7168697580110055,0.9809716392776399,-6.429096064922625,-0.09843908874585747,-0.5905288657783113,-3.2993438010430185,2.7039013635093005,-1.1768117823150013,-9.172285824870025,-5.494744545815203,-17.815947064068627,-17.59760186827238,-19.161889859965154,-29.707557405425103,-4.700754450175497,-0.2019468186121002,-5.455416066859019,-6.475716185092843,-11.386850999146,-17.49916277952652,-18.571360994186843,-26.408213604382084,44.68605610380456,36.45433868111109,49.830362166412044,38.24650664056173,23.23514467641164,47.78457188463351,45.85918518734726,51.49967412962831,58.362132640631614,30.12967398725854,43.226368470313,47.02289801749576,16.258198715921782,54.700669173103165,45.31389497386537,47.19235205641944,0
