p1,p2,p3,p4,p5,p6,p7,p8,rsi,rsi1,rsi2,rsi3,rsi4,rsi5,rsi6,rsi7,sto,sto1,sto2,sto3,sto4,sto5,sto6,sto7,macd,macd1,macd2,macd3,macd4,macd5,macd6,macd7,macdl,macd1l,macd2l,macd3l,macd4l,macd5l,macd6l,macd7l,macds,macd1s,macd2s,macd3s,macd4s,macd5s,macd6s,macd7s,stol,sto1l,sto2l,sto3l,sto4l,sto5l,sto6l,sto7l,stos,sto1s,sto2s,sto3s,sto4s,sto5s,sto6s,sto7s,Pred
6845.403209876543,6864.595925925926,6893.065617283951,6995.3125308641975,7105.220462962963,7125.29725308642,7079.882777777778,7421.519512195122,54.497060418463775,46.813858777481755,58.83811070443278,60.54386271376441,52.67472587800578,52.4052202492607,47.521139801497156,64.74789531551161,0.1645042264080014,0.04636799246106677,1.0236956823655052,-0.28739939178423013,-0.027130124862125123,-0.4825653552831938,0.5005578691741391,0.15793049606741194,0.5624872989481619,-0.576111821184601,0.5835244608788134,0.6415654181360428,-1.138729223128787,-0.10179285651835412,0.4974422806845263,-0.03229950110480797,4.725069989540529,-2.313129862862151,6.91396852226179,11.586690982726552,3.8118762930967303,1.8800321201713837,-3.428394574712226,37.33911133564433,4.162582690592368,-1.7370180416775503,6.330444061382977,10.94512556459051,4.950605516225518,1.9818249766897378,-3.9258368553967524,37.37141083674914,50.018714197023904,48.39535040338732,47.680654687155815,46.64845494101095,46.164802242059885,49.42813742694912,55.10700676298551,46.35890520893833,49.8542099706159,48.348982410926254,46.65695900479031,46.935854332795174,46.19193236692201,49.91070278223231,54.606448893811375,46.20097471287092,0
