p1,p2,p3,p4,p5,p6,p7,p8,rsi,rsi1,rsi2,rsi3,rsi4,rsi5,rsi6,rsi7,sto,sto1,sto2,sto3,sto4,sto5,sto6,sto7,macd,macd1,macd2,macd3,macd4,macd5,macd6,macd7,macdl,macd1l,macd2l,macd3l,macd4l,macd5l,macd6l,macd7l,macds,macd1s,macd2s,macd3s,macd4s,macd5s,macd6s,macd7s,stol,sto1l,sto2l,sto3l,sto4l,sto5l,sto6l,sto7l,stos,sto1s,sto2s,sto3s,sto4s,sto5s,sto6s,sto7s,Pred
6079.100357142857,6193.745714285715,6218.225357142857,6216.75,6233.365714285715,6380.131785714286,6295.863571428571,6173.714166666667,36.45211935303749,61.282886296935644,62.21509431111841,57.73451664874992,58.630772747834,74.07556251694331,51.91119191901728,42.081721308869376,14.285714285714288,-5.712154199253087,-8.573560086461194,-3.806478941571965e-16,14.285714285714283,-5.278869027787583,-8.530301807577748,0.6290818750636936,-6.0719024890935085,12.00392981858464,9.86511206556592,1.1118803447517631,-1.20828588795302,15.054051571659798,-5.907068118555771,-17.493232486384088,-25.228921592683815,0.2790879406055475,18.884096295648174,18.649950469037453,12.975282627317288,44.555851264158136,37.077151505011116,-24.659981604887662,-19.157019103590308,-11.724841877979093,9.018984230082255,17.53807012428569,14.18356851527031,29.501799692498338,42.98421962356689,-7.166749118503573,53.47045730813141,69.01983988489305,59.64492579142347,30.436058511656032,65.95440428876043,72.05463426524052,8.53743727514048,66.4009558962883,39.184743022417116,74.73199408414612,68.21848587788466,30.436058511656032,51.668690003046144,77.3335032930281,17.067739082718226,65.7718740212246,0
