p1,p2,p3,p4,p5,p6,p7,p8,rsi,rsi1,rsi2,rsi3,rsi4,rsi5,rsi6,rsi7,sto,sto1,sto2,sto3,sto4,sto5,sto6,sto7,macd,macd1,macd2,macd3,macd4,macd5,macd6,macd7,macdl,macd1l,macd2l,macd3l,macd4l,macd5l,macd6l,macd7l,macds,macd1s,macd2s,macd3s,macd4s,macd5s,macd6s,macd7s,stol,sto1l,sto2l,sto3l,sto4l,sto5l,sto6l,sto7l,stos,sto1s,sto2s,sto3s,sto4s,sto5s,sto6s,sto7s,Pred
6411.163214285714,6418.881785714286,6352.672142857143,6215.299285714285,6249.4725,6145.936428571428,5895.575,6060.552083333333,41.381110409741495,45.15994717746794,36.777628035704375,27.26072003808161,40.43390124292932,31.384310962067044,23.458976861275556,49.078154214947816,-3.5666038836994005,-5.544907827035492,-1.9144371516639194,6.188553857107343,0.4622819396041637,-6.481623815568876,14.116502304571647,-2.8121279877948653,-4.964391452148874,6.384611712800129,0.6755932482119188,-12.628050623695971,4.961949694385909,-1.4322335378620505,-24.888609620717073,21.42981427473189,-52.48819337141932,-37.97444726825974,-34.449002564377096,-63.106477652870254,-52.057632293886336,-48.8335281142433,-104.16684404995547,-52.3840751532858,-47.52380191927045,-44.35905898105987,-35.124595812589014,-50.478427029174284,-57.01958198827224,-47.401294576381254,-79.27823442923841,-73.81388942801769,53.60169633319891,63.72934107224351,4.868571194262176,39.970433509893894,83.15532144298994,9.57848595853842,57.142857142857146,76.0317302825606,57.16830021689831,69.274248899279,6.783008345926096,33.78187965278655,82.69303950338579,16.060109774107296,43.0263548382855,78.84385827035547,0
