p1,p2,p3,p4,p5,p6,p7,p8,rsi,rsi1,rsi2,rsi3,rsi4,rsi5,rsi6,rsi7,sto,sto1,sto2,sto3,sto4,sto5,sto6,sto7,macd,macd1,macd2,macd3,macd4,macd5,macd6,macd7,macdl,macd1l,macd2l,macd3l,macd4l,macd5l,macd6l,macd7l,macds,macd1s,macd2s,macd3s,macd4s,macd5s,macd6s,macd7s,stol,sto1l,sto2l,sto3l,sto4l,sto5l,sto6l,sto7l,stos,sto1s,sto2s,sto3s,sto4s,sto5s,sto6s,sto7s,Pred
6648.432857142858,6653.321428571428,6717.960714285715,6817.651071428571,6668.530714285715,6627.6503571428575,6606.334285714285,6530.095208333333,67.08165404320061,62.480040208458625,62.886182932703896,67.20922617822674,46.12434603884803,43.87224905746578,44.88236762953807,40.89544642264512,-9.805110230783393,11.974451975427723,4.187126835729162e-15,-14.227779840082496,8.13756627063966,-5.903256635050472,1.9678805158282724,4.5355279506293105,9.706696215092137,-8.605359690003889,-6.332571901405976,1.1291299830272123,-23.18804303098133,-20.417287974745676,-8.856240607997822,-5.466858129806035,101.93521343558768,79.59971977917965,69.14214468516742,74.25569996957789,29.459736098955286,-8.835769454736432,-24.268375999464038,-33.535400319038295,92.22851722049555,88.20507946918354,75.47471658657341,73.12656998655068,52.647779129936616,11.581518520009242,-15.412135391466213,-28.068542189232257,59.57236117772046,53.883665120502386,45.01920746872591,42.30969079092705,19.993613849599548,35.366660823212314,67.95235293725747,49.33849296775288,69.37747140850385,41.90921314507466,45.0192074687259,56.53747063100954,11.856047578959886,41.26991745826278,65.9844724214292,44.80296501712357,0
