p1,p2,p3,p4,p5,p6,p7,p8,rsi,rsi1,rsi2,rsi3,rsi4,rsi5,rsi6,rsi7,sto,sto1,sto2,sto3,sto4,sto5,sto6,sto7,macd,macd1,macd2,macd3,macd4,macd5,macd6,macd7,macdl,macd1l,macd2l,macd3l,macd4l,macd5l,macd6l,macd7l,macds,macd1s,macd2s,macd3s,macd4s,macd5s,macd6s,macd7s,stol,sto1l,sto2l,sto3l,sto4l,sto5l,sto6l,sto7l,stos,sto1s,sto2s,sto3s,sto4s,sto5s,sto6s,sto7s,Pred
5419.673571428571,5517.889642857143,5602.613928571429,5570.7225,5577.6792857142855,5651.181785714286,5760.721428571428,5807.888541666666,56.64320264627183,70.092072228942,70.98164898317425,58.085490481049945,56.63066250785083,68.00236987926061,72.88425309101947,64.40729581964544,14.285714285714267,-0.7624062286613119,-9.061466509714933,4.4524603867755275,-6.516111087385665,11.887523438986323,-4.530674001032931,2.1673514692382914,-1.9925581635037977,9.454417624895568,11.434522115616968,-4.319915658496872,-6.695723533734079,2.192274215093221,11.688024232724782,-0.5039890952184075,6.806836340724918,27.202868042839977,49.748317267688044,38.125592958948154,24.220826525055468,27.341883503001814,53.907297858579376,57.458852342458385,8.799394504228715,17.748450417944408,38.31379515207108,42.44550861744502,30.91655005878955,25.149609287908593,42.21927362585459,57.96284143767679,75.54072438629775,58.74884637946329,38.18740716695962,26.433553652621196,35.935952115524756,95.34392314160287,46.06615901488773,41.91127528500144,61.25501010058348,59.5112526081246,47.248873676674556,21.98109326584567,42.452063202910416,83.45639970261655,50.59683301592066,39.74392381576315,0
