p1,p2,p3,p4,p5,p6,p7,p8,rsi,rsi1,rsi2,rsi3,rsi4,rsi5,rsi6,rsi7,sto,sto1,sto2,sto3,sto4,sto5,sto6,sto7,macd,macd1,macd2,macd3,macd4,macd5,macd6,macd7,macdl,macd1l,macd2l,macd3l,macd4l,macd5l,macd6l,macd7l,macds,macd1s,macd2s,macd3s,macd4s,macd5s,macd6s,macd7s,stol,sto1l,sto2l,sto3l,sto4l,sto5l,sto6l,sto7l,stos,sto1s,sto2s,sto3s,sto4s,sto5s,sto6s,sto7s,Pred
5190.310357142857,5171.723928571429,5082.357142857142,5108.016785714286,5129.866071428572,5114.148571428572,5107.016071428571,5147.315625,50.916032972081695,45.80797189080038,36.556188611666556,45.14224245281333,50.76159820076821,46.979981839365536,47.94909845076991,51.4356808570493,-3.988470251063511,-4.670588814046502,9.067536489674865,-1.5621037761305752,-6.892095026228917,-3.478314298352436,4.490873100127256,4.070671142195976,9.776143462207372,4.083262611704194,-9.085161818826544,0.9593594130799933,6.263580245770184,2.5391077750277105,-0.046825911954208266,5.356041867067894,-12.503935220988621,-3.2839652912590673,-25.59562945052182,-21.342146719252664,-9.345668241086969,-3.8094130011031666,-6.676055384594032,1.33336255211528,-22.280078683195992,-7.367227902963261,-16.510467631695278,-22.30150613233266,-15.609248486857153,-6.348520776130877,-6.629229472639824,-4.022679314952614,82.50861633802448,25.350083399428797,61.819307441742794,58.34215007372008,76.11652080384094,21.87842811310978,71.46881069137677,49.26511757243006,86.49708658908798,30.0206722134753,52.75177095206793,59.904253849850654,83.00861583006987,25.356742411462218,66.97793759124951,45.19444643023408,0
