p1,p2,p3,p4,p5,p6,p7,p8,rsi,rsi1,rsi2,rsi3,rsi4,rsi5,rsi6,rsi7,sto,sto1,sto2,sto3,sto4,sto5,sto6,sto7,macd,macd1,macd2,macd3,macd4,macd5,macd6,macd7,macdl,macd1l,macd2l,macd3l,macd4l,macd5l,macd6l,macd7l,macds,macd1s,macd2s,macd3s,macd4s,macd5s,macd6s,macd7s,stol,sto1l,sto2l,sto3l,sto4l,sto5l,sto6l,sto7l,stos,sto1s,sto2s,sto3s,sto4s,sto5s,sto6s,sto7s,Pred
5016.427142857143,5053.121071428572,5057.275000000001,5099.937857142857,5042.08,4946.728928571429,4897.323214285714,4916.832083333333,52.10760411797732,55.40386240970849,54.51294064027112,57.76878714366012,48.0301747117498,42.090978944981394,40.44731386093356,46.78211014979203,10.639995069583717,-0.329443917648693,0.2112061816832025,-11.818981771270543,5.631552307862708,-7.980047086340978,9.523809523809529,-0.9698592292751768,-15.75941360728687,-2.6238529650424187,-1.3142934267285018,2.951931082040111,-6.641939519353005,-15.600327319214957,-9.977339235157972,5.663495577203733,13.566298601978945,14.474546558437137,12.915739531435586,19.67867816928018,8.625868459212532,-23.647277086746985,-42.07746985445491,-27.61324058732968,29.325712209265816,17.098399523479554,14.230032958164086,16.726747087240067,15.267807978565537,-8.046949767532029,-32.100130619296934,-33.27673616453341,73.28419402414183,67.31934612861443,51.062220296845716,47.13917604012554,35.50712319072606,32.22553148013578,66.35257551888536,67.1748582235515,62.644198954558114,67.64879004626312,50.85101411516251,58.958157811396084,29.875570882863354,40.20557856647676,56.82876599507583,68.14471745282668,0
