p1,p2,p3,p4,p5,p6,p7,p8,rsi,rsi1,rsi2,rsi3,rsi4,rsi5,rsi6,rsi7,sto,sto1,sto2,sto3,sto4,sto5,sto6,sto7,macd,macd1,macd2,macd3,macd4,macd5,macd6,macd7,macdl,macd1l,macd2l,macd3l,macd4l,macd5l,macd6l,macd7l,macds,macd1s,macd2s,macd3s,macd4s,macd5s,macd6s,macd7s,stol,sto1l,sto2l,sto3l,sto4l,sto5l,sto6l,sto7l,stos,sto1s,sto2s,sto3s,sto4s,sto5s,sto6s,sto7s,Pred
5375.32,5385.704285714286,5433.619285714286,5468.724642857143,5453.951071428572,5405.183214285714,5343.76,5322.761875,52.91112500464231,54.08894243202936,60.466389895055755,60.24762678045167,53.860570201269006,43.838051709944786,36.494722933133154,40.01384647249077,9.315127884168543,0.8390555826095513,-7.046179705219215,3.4173106173204553,-7.295296836571995,6.646318780758686,3.6937309437704275,-4.119597359314627,-2.467816202538257,-1.4067043924055151,4.0139812988407035,4.819316640140994,-2.2325737871366584,-9.21680002708611,-10.803314043358117,-1.8157672123813722,8.44732435480559,5.619003905922649,13.503692113721497,23.783245833578672,18.040174887583298,0.011475442281152937,-20.54460804910611,-25.414716542669264,10.915140557343847,7.025708298328165,9.489710814880793,18.96392919343768,20.272748674719956,9.228275469367263,-9.741294005747992,-23.59894933028789,47.130628743184246,53.58910925708293,58.39448725278546,44.24261714762189,24.64333730378973,28.890273538310083,27.987935481497086,57.83417495182203,37.8155008590157,52.75005367447338,65.44066695800467,40.82530653030144,31.938634140361724,22.243954757551396,24.294204537726657,61.95377231113665,0
