p1,p2,p3,p4,p5,p6,p7,p8,rsi,rsi1,rsi2,rsi3,rsi4,rsi5,rsi6,rsi7,sto,sto1,sto2,sto3,sto4,sto5,sto6,sto7,macd,macd1,macd2,macd3,macd4,macd5,macd6,macd7,macdl,macd1l,macd2l,macd3l,macd4l,macd5l,macd6l,macd7l,macds,macd1s,macd2s,macd3s,macd4s,macd5s,macd6s,macd7s,stol,sto1l,sto2l,sto3l,sto4l,sto5l,sto6l,sto7l,stos,sto1s,sto2s,sto3s,sto4s,sto5s,sto6s,sto7s,Pred
5398.567083333333,5343.996666666667,5320.081666666667,5331.28125,5286.645416666667,5229.9875,5203.275416666666,5150.175357142857,41.9388495478379,35.503019580691486,36.14896682925165,43.47632066994397,37.06269949055511,34.346399038452915,38.951018066934594,39.972265249669924,6.93387769443217,1.3500064878216675,3.4797345745258785,-3.4797345745259123,-10.519575238401973,15.600366271321883,-15.591880081688217,12.240355117388857,-12.222482422233266,-12.690836700730644,-7.331481886827752,0.9412175096089085,-1.1097797235761633,-5.87768981859703,-1.4918900976703948,-4.748826942078482,2.1902024457604057,-17.36967923869558,-26.563204583355855,-22.36784099620142,-23.238344338534716,-35.57894759892012,-32.7249313716502,-47.56210559930124,14.412684867993672,-4.678842537964933,-19.231722696528102,-23.309058505810327,-22.128564614958552,-29.70125778032309,-31.233041273979804,-42.81327865722276,31.70356839036238,20.65091892986925,53.62583317819157,75.03389465443405,11.73523667437987,66.91134326800328,32.53197123728531,74.98887486038494,24.769690695930212,19.300912442047583,50.14609860366569,78.51362922895996,22.254811912781843,51.31097699668139,48.12385131897353,62.74851974299607,0
