p1,p2,p3,p4,p5,p6,p7,p8,rsi,rsi1,rsi2,rsi3,rsi4,rsi5,rsi6,rsi7,sto,sto1,sto2,sto3,sto4,sto5,sto6,sto7,macd,macd1,macd2,macd3,macd4,macd5,macd6,macd7,macdl,macd1l,macd2l,macd3l,macd4l,macd5l,macd6l,macd7l,macds,macd1s,macd2s,macd3s,macd4s,macd5s,macd6s,macd7s,stol,sto1l,sto2l,sto3l,sto4l,sto5l,sto6l,sto7l,stos,sto1s,sto2s,sto3s,sto4s,sto5s,sto6s,sto7s,Pred
6033.969285714285,6058.8075,5940.913928571428,5771.310714285714,5649.236785714285,5794.662857142857,5811.298928571428,5196.633958333334,42.44011691884134,46.81627325682393,32.272079432227535,26.629777722026464,28.11951074378562,50.80043992901826,49.97119846167608,24.260737813190243,10.50052090549371,-8.830085809318442,0.07139466874652405,8.561921395259207,-3.546077210292145,-4.39323983172345,-3.6955599873122957,-1.0268672146732527,-13.33490056095837,-0.9072862547045106,-11.16440531871412,-22.6521523832238,-14.868927063364362,21.99649905996366,22.003216591438804,-57.02742722143406,-11.647182110310755,-8.640574175175061,-26.588333015841922,-72.05173935832174,-98.46305845633144,-55.58201340584973,-5.239073904276536,-129.30855762959126,1.6877184506476155,-7.73328792047055,-15.423927697127802,-49.39958697509795,-83.59413139296709,-77.57851246581339,-27.242290495715338,-72.2811304081572,67.04434819186726,40.435073512636116,7.2499491459769505,59.45263801371411,45.28195144241897,86.41998219347879,17.935102588732203,7.1256834206535515,56.54382728637354,49.265159321954556,7.178554477230427,50.8907166184549,48.82802865271111,90.81322202520224,21.6306625760445,8.152550635326804,0
