p1,p2,p3,p4,p5,p6,p7,p8,rsi,rsi1,rsi2,rsi3,rsi4,rsi5,rsi6,rsi7,sto,sto1,sto2,sto3,sto4,sto5,sto6,sto7,macd,macd1,macd2,macd3,macd4,macd5,macd6,macd7,macdl,macd1l,macd2l,macd3l,macd4l,macd5l,macd6l,macd7l,macds,macd1s,macd2s,macd3s,macd4s,macd5s,macd6s,macd7s,stol,sto1l,sto2l,sto3l,sto4l,sto5l,sto6l,sto7l,stos,sto1s,sto2s,sto3s,sto4s,sto5s,sto6s,sto7s,Pred
8721.18642857143,8722.847857142857,8713.780714285715,8711.287857142857,8731.686785714286,8726.19,8712.853214285715,8715.435833333333,51.79915033169334,52.25647079553086,46.87097492469821,48.38820735450311,55.73552982919179,51.51430240939385,45.43104588662661,49.81176434132431,-8.71166961603686,6.950153238076622,-3.1911703786882066,8.480995231964851,-13.052117999125922,2.9775342275151084,2.0009699402862204,0.8980646876544899,5.178537833647264,3.0036973931948636,0.059827441370744285,-0.8626976190429014,2.6005621435683177,0.3294489748778123,-1.854705870777279,0.014746479257482977,-5.38903527842818,-0.3246608059920878,-0.3348442199013724,-3.7227416759108434,2.456002692174869,2.826692942308,-0.9334475604118779,-2.1864395984683447,-10.567573112075443,-3.328358199186951,-0.3946716612721167,-2.860044056867942,-0.14455945139344853,2.4972439674301876,0.9212583103654011,-2.2011860777258274,70.54479475986224,54.04917188169239,40.26448430093018,86.26180554662561,51.67576985115287,43.646424684459085,23.39458864137272,69.47260324505538,79.2564643758991,47.09901864361577,43.455654679618384,77.78081031466076,64.72788785027879,40.66889045694398,21.3936187010865,68.5745385574009,0
