p1,p2,p3,p4,p5,p6,p7,p8,rsi,rsi1,rsi2,rsi3,rsi4,rsi5,rsi6,rsi7,sto,sto1,sto2,sto3,sto4,sto5,sto6,sto7,macd,macd1,macd2,macd3,macd4,macd5,macd6,macd7,macdl,macd1l,macd2l,macd3l,macd4l,macd5l,macd6l,macd7l,macds,macd1s,macd2s,macd3s,macd4s,macd5s,macd6s,macd7s,stol,sto1l,sto2l,sto3l,sto4l,sto5l,sto6l,sto7l,stos,sto1s,sto2s,sto3s,sto4s,sto5s,sto6s,sto7s,Pred
8801.544166666667,8805.950277777778,8869.113055555556,8795.830555555556,8817.37611111111,8838.482777777777,8872.304722222223,8870.63525,54.68573572164491,52.48852214892933,64.10143424294142,44.79788100967123,50.0520904807504,55.15223141834504,58.795482060325064,54.98087816719632,1.5964089181750785,-0.7751905642901236,-9.297714257634308,10.072904821924443,-8.928793574546894,8.92879357454691,-7.407407407407408,5.370856655332554,0.9581062960885876,1.4303300362325884,6.6164159797295135,-7.33132710851662,-0.8205310748713484,2.7445326432259263,3.7993125739442615,-1.014691010825285,-3.076199991076161,3.075024498036631,14.771866276931986,1.2826064728356465,-2.4409062769074,3.988026594652183,13.25965510099296,10.15008352475088,-4.034306287164749,1.6446944618040424,8.155450297202472,8.613933581352265,-1.6203752020360516,1.2434939514262566,9.460342527048699,11.164774535576164,96.53756495986461,32.02453123166626,52.63643694804939,53.57036252291515,56.95928205132214,73.06423492271486,60.42165448127623,52.71994126009083,94.94115604168954,32.79972179595638,61.9341512056837,43.4974577009907,65.88807562586904,64.13544134816794,67.82906188868364,47.349084604758275,0
