p1,p2,p3,p4,p5,p6,p7,p8,rsi,rsi1,rsi2,rsi3,rsi4,rsi5,rsi6,rsi7,sto,sto1,sto2,sto3,sto4,sto5,sto6,sto7,macd,macd1,macd2,macd3,macd4,macd5,macd6,macd7,macdl,macd1l,macd2l,macd3l,macd4l,macd5l,macd6l,macd7l,macds,macd1s,macd2s,macd3s,macd4s,macd5s,macd6s,macd7s,stol,sto1l,sto2l,sto3l,sto4l,sto5l,sto6l,sto7l,stos,sto1s,sto2s,sto3s,sto4s,sto5s,sto6s,sto7s,Pred
9654.059166666666,9732.07875,9813.92875,9841.64375,9874.471666666666,9914.6875,9900.843333333334,9987.238214285713,50.78377003260153,66.57728009543592,69.68480451721558,66.97363169903586,66.11043335245199,66.31481408698372,59.897083953916535,69.98882487016527,6.261608825459693,-6.861114217547971,-8.53843700457097,4.210877490574998,4.497475040798811,-8.708352531373796,14.263884736170398,-11.737857117188865,5.071937281123735,11.737344030479175,15.072759984793619,6.494259665091021,2.059960403073133,1.4649047286988715,-6.233142396868627,2.3531811666567726,-7.8202450159051295,11.7566994689217,37.87997509147802,43.63146224666131,44.415303886174115,47.03318652094155,34.50916748118228,39.68085231546112,-12.892182297028864,0.019355438442525186,22.807215106684403,37.13720258157029,42.35534348310098,45.56828179224268,40.742309878050904,37.32767114880435,74.36283711333336,80.9957590690315,37.635725398730386,55.39603756634991,49.11695335094586,32.30557915062896,37.0995652249653,64.04930840155416,68.10122828787365,87.85687328657946,46.17416240330135,51.18516007577491,44.619478310147045,41.01393168200275,22.835680488794907,75.78716551874302,0
