p1,p2,p3,p4,p5,p6,p7,p8,rsi,rsi1,rsi2,rsi3,rsi4,rsi5,rsi6,rsi7,sto,sto1,sto2,sto3,sto4,sto5,sto6,sto7,macd,macd1,macd2,macd3,macd4,macd5,macd6,macd7,macdl,macd1l,macd2l,macd3l,macd4l,macd5l,macd6l,macd7l,macds,macd1s,macd2s,macd3s,macd4s,macd5s,macd6s,macd7s,stol,sto1l,sto2l,sto3l,sto4l,sto5l,sto6l,sto7l,stos,sto1s,sto2s,sto3s,sto4s,sto5s,sto6s,sto7s,Pred
9673.629583333333,9723.515833333335,9755.92875,9830.877083333333,9803.502083333333,9728.123749999999,9812.5875,9804.714642857143,53.81874484885865,68.1777921941738,67.59248544583328,76.16861399165091,59.01231251282355,44.26157600742398,57.944171194930604,53.21907416486119,10.088342629355159,-10.868769679755355,5.313214124199875,-5.555555555555517,-5.555555555555518,16.666666666666703,-8.917170016888866,-3.8817432742246805,-1.2287134320915813,4.500997677851323,5.589217100985583,8.637051484804937,-0.7699326208701874,-15.360374466196992,0.8756914407602965,1.2191403163541903,5.336494964744816,13.687087969699556,23.417218879905704,37.23250215068856,35.00246800295766,3.7976962503241034,9.051272448840185,15.359138366704169,6.565208396836397,9.186090291848233,17.82800177892012,28.59545066588362,35.77240062382785,19.158070716521095,8.175581008079888,14.139998050349979,60.68301394934007,74.25532512649085,54.15108040487946,83.33333333333333,12.230389975547615,48.88063784487103,83.59807189679196,8.208928877405961,50.59467131998491,85.12409480624619,48.837866280679584,88.88888888888884,17.785945531103135,32.21397117820433,92.51524191368082,12.090672151630642,0
