p1,p2,p3,p4,p5,p6,p7,p8,rsi,rsi1,rsi2,rsi3,rsi4,rsi5,rsi6,rsi7,sto,sto1,sto2,sto3,sto4,sto5,sto6,sto7,macd,macd1,macd2,macd3,macd4,macd5,macd6,macd7,macdl,macd1l,macd2l,macd3l,macd4l,macd5l,macd6l,macd7l,macds,macd1s,macd2s,macd3s,macd4s,macd5s,macd6s,macd7s,stol,sto1l,sto2l,sto3l,sto4l,sto5l,sto6l,sto7l,stos,sto1s,sto2s,sto3s,sto4s,sto5s,sto6s,sto7s,Pred
9427.342083333333,9447.174166666668,9447.603333333334,9442.819583333334,9435.245833333334,9425.719166666666,9436.481249999999,9439.524642857143,55.74293052155658,59.274349783145205,56.33883658513789,51.57727426512226,49.420513564237496,45.35168983662557,52.02669119540223,51.91619952336471,12.98065717661616,-2.9418665435792284,3.561238278698642,-13.829092888004894,6.686388782969135,-2.177785628688629,5.948036524867398,-6.258957161371175,2.7918003840182704,5.072548925897682,1.8786110854130464,-0.7883052900204278,-2.189460814832598,-1.896321447867856,-0.02935411707333731,1.130994032439982,-4.267576147376531,5.475930346223625,7.316724834749039,5.290259932092643,0.5082718647563524,-1.556267189332478,-1.7681201663969357,1.1654989041391153,-7.0593765313948005,0.40338142032594226,5.438113749335992,6.078565222113071,2.6977326795889502,0.3400542585353779,-1.7387660493235984,0.0345048716991333,92.37565499478123,58.528994150991224,44.42282346659225,25.98058285751663,57.22444081431725,17.150601652010113,84.44695837352018,42.89883446118263,79.39499781816507,61.470860694570455,40.86158518789361,39.809675745521524,50.538052031348116,19.328387280698742,78.49892184865278,49.1577916225538,0
