p1,p2,p3,p4,p5,p6,p7,p8,rsi,rsi1,rsi2,rsi3,rsi4,rsi5,rsi6,rsi7,sto,sto1,sto2,sto3,sto4,sto5,sto6,sto7,macd,macd1,macd2,macd3,macd4,macd5,macd6,macd7,macdl,macd1l,macd2l,macd3l,macd4l,macd5l,macd6l,macd7l,macds,macd1s,macd2s,macd3s,macd4s,macd5s,macd6s,macd7s,stol,sto1l,sto2l,sto3l,sto4l,sto5l,sto6l,sto7l,stos,sto1s,sto2s,sto3s,sto4s,sto5s,sto6s,sto7s,Pred
8937.047916666666,8937.112916666667,8953.480416666667,8968.2125,8955.638333333332,8955.559166666666,8921.004166666666,8919.094285714285,74.45890178854185,65.83081408663382,66.14505962279588,63.68830708274681,55.33649568505327,53.79720320215955,43.9607080303034,45.29061047384645,-12.323854723013733,1.8524980903601138,1.9433806220066243,-1.913362356959662,9.629102914949394,-5.669488105042984,4.750105951106873,4.761904761904782,15.212689933792424,2.8055978172527887,-1.8157672570066954,-2.5454640035600313,-5.587807088655231,-4.6183482559586135,-6.826414806147728,-4.2395964839484686,37.677654421406864,37.016387566347476,31.402809786832524,27.674823658874327,18.17184989292552,11.3406737648617,0.27700119129470596,-6.527262968973706,22.46496448761444,34.21078974909469,33.21857704383922,30.22028766243436,23.759656981580747,15.959022020820314,7.1034159974424345,-2.2876664850252375,50.77831099203636,25.809992730267265,58.424640599633946,32.80805136824765,36.21240733311455,38.85765255628943,19.269680686676317,51.87931720186815,63.1021657150501,23.95749463990715,56.481259977627325,34.72141372520731,26.583304418165156,44.52714066133241,14.519574735569446,47.11741243996337,0
