p1,p2,p3,p4,p5,p6,p7,p8,rsi,rsi1,rsi2,rsi3,rsi4,rsi5,rsi6,rsi7,sto,sto1,sto2,sto3,sto4,sto5,sto6,sto7,macd,macd1,macd2,macd3,macd4,macd5,macd6,macd7,macdl,macd1l,macd2l,macd3l,macd4l,macd5l,macd6l,macd7l,macds,macd1s,macd2s,macd3s,macd4s,macd5s,macd6s,macd7s,stol,sto1l,sto2l,sto3l,sto4l,sto5l,sto6l,sto7l,stos,sto1s,sto2s,sto3s,sto4s,sto5s,sto6s,sto7s,Pred
7350.931666666666,7357.751666666666,7355.477083333333,7329.346666666666,7332.7825,7331.012083333333,7323.907916666667,7316.8525,52.39125986978604,55.4231740651046,51.71818507158912,37.70346099379287,45.14843835122362,45.18021431284742,42.57798025088758,40.74067580353267,13.514143899210259,-12.608969090180684,-3.273423852382309,10.494455596329523,3.7519433703000344,-8.017246350217412,-6.588034369788424,3.857646016088872,0.9773404863850297,1.5425428524573357,0.2660610283690445,-3.197450166566676,-1.4099145749132393,0.2346434610658744,-0.22337504858371693,-0.35703316406514435,-0.6035527028860391,2.3079434561118433,2.3826761003659462,-3.701671978753287,-5.873952652115349,-4.457360204509617,-4.933242677659261,-5.82871978480229,-1.5808931892710687,0.7654006036545077,2.1166150719969017,-0.5042218121866111,-4.46403807720211,-4.692003665575491,-4.709867629075544,-5.471686620737146,93.64647633101205,34.98957484472373,31.381461596837223,42.773713230619215,76.4912348604302,47.6116489429606,31.98161317874698,40.16456810916169,80.1323324318018,47.59854393490441,34.654885449219535,32.27925763428969,72.73929149013016,55.62889529317801,38.56964754853541,36.30692209307282,0
