p1,p2,p3,p4,p5,p6,p7,p8,rsi,rsi1,rsi2,rsi3,rsi4,rsi5,rsi6,rsi7,sto,sto1,sto2,sto3,sto4,sto5,sto6,sto7,macd,macd1,macd2,macd3,macd4,macd5,macd6,macd7,macdl,macd1l,macd2l,macd3l,macd4l,macd5l,macd6l,macd7l,macds,macd1s,macd2s,macd3s,macd4s,macd5s,macd6s,macd7s,stol,sto1l,sto2l,sto3l,sto4l,sto5l,sto6l,sto7l,stos,sto1s,sto2s,sto3s,sto4s,sto5s,sto6s,sto7s,Pred
6885.220756578948,6881.828223684211,6829.808717105263,6735.83375,6673.926578947368,6671.008256578947,7008.5473026315785,7013.560493827161,45.100053693232006,53.89261195143467,37.955670140817254,50.238920236598894,38.56920084135538,59.819786671073516,58.09181396474918,51.38528948598283,-0.012186748887881097,-0.010092581853211137,0.3206842560305223,-0.3258257562571937,1.3157894736841858,-1.2432787648784207,0.06480567585426583,1.1057278366150824,-0.832789287804377,0.32510796510929113,-1.479774187103644,1.6345867064274682,-1.6863205572490565,4.52329909156949,-3.008222175135487,0.0007198514455904148,-4.666896770430377,2.320829707060954,-10.726667608694889,-3.0938102916889925,-13.850821717495364,11.782256731790072,26.541351344143635,0.3829609105519405,-3.8341074826259995,1.9957217419516629,-9.246893421591245,-4.728396998116461,-12.164501160246308,7.258957640220583,29.54957351927912,0.38224105910635003,46.9764746219515,56.802554509201215,47.350046256335304,58.05206249020434,50.21717750906679,55.09740247910253,43.97117200014968,60.15164147276298,46.98866137083938,56.81264709105443,47.029362000304786,58.37788824646153,48.9013880353826,56.34068124398095,43.90636632429541,59.045913636147894,0
