p1,p2,p3,p4,p5,p6,p7,p8,rsi,rsi1,rsi2,rsi3,rsi4,rsi5,rsi6,rsi7,sto,sto1,sto2,sto3,sto4,sto5,sto6,sto7,macd,macd1,macd2,macd3,macd4,macd5,macd6,macd7,macdl,macd1l,macd2l,macd3l,macd4l,macd5l,macd6l,macd7l,macds,macd1s,macd2s,macd3s,macd4s,macd5s,macd6s,macd7s,stol,sto1l,sto2l,sto3l,sto4l,sto5l,sto6l,sto7l,stos,sto1s,sto2s,sto3s,sto4s,sto5s,sto6s,sto7s,Pred
6841.254375,6833.054375,6830.33,6836.796875,6838.846875,6859.448125000001,6857.145,6893.915277777778,54.722284180904445,47.625728034643856,46.28220066720199,52.71071024968599,52.66894211656388,63.65070789039133,59.03394127578167,69.44947115308283,-7.663459303198646,-0.8101706882766648,14.727603263109538,2.7546626218307217,-20.336480998087367,11.856993230523226,9.930656902080198,-11.111111111111109,-0.9907009642251363,-2.276379088075971,-2.345049717327771,-0.8345676070342287,0.21324368476858152,2.1544487471158225,1.5817260252485301,3.9408570286355,5.811060010131541,2.6426768762487427,0.14068136574496748,0.11208783154620505,1.1963295368191211,4.447057080703871,5.736456961255726,13.282601989414514,6.801760974356678,4.919055964324714,2.4857310830727384,0.9466554385804338,0.9830858520505397,2.2926083335880487,4.154730936007196,9.341744960779014,35.31510350323056,15.309557158969882,48.5461192439565,86.25502020496452,40.48249266008898,79.85466861120773,50.0,57.03948488402348,42.97856280642921,16.119727847246548,33.81851598084695,83.5003575831338,60.81897365817635,67.99767538068451,40.0693430979198,68.15059599513458,0
