p1,p2,p3,p4,p5,p6,p7,p8,rsi,rsi1,rsi2,rsi3,rsi4,rsi5,rsi6,rsi7,sto,sto1,sto2,sto3,sto4,sto5,sto6,sto7,macd,macd1,macd2,macd3,macd4,macd5,macd6,macd7,macdl,macd1l,macd2l,macd3l,macd4l,macd5l,macd6l,macd7l,macds,macd1s,macd2s,macd3s,macd4s,macd5s,macd6s,macd7s,stol,sto1l,sto2l,sto3l,sto4l,sto5l,sto6l,sto7l,stos,sto1s,sto2s,sto3s,sto4s,sto5s,sto6s,sto7s,Pred
4989.137,4987.5465,4979.9775,4969.557,4971.1265,4966.1375,4970.283,4975.58625,42.19776978849136,44.313609722602145,36.37983781041973,30.561831988974838,43.589229118652675,40.28562767183661,46.221002380331,51.808745875713726,-13.932558971139848,4.9128066660351,4.435890615518565,3.98463605177969,6.6666666666666945,-6.666666666666637,-9.099555141112504,-0.28972815013325537,-0.9698254542408518,-0.7563695286390897,-0.9078827765278386,-1.426957277424482,-0.4566689011956889,0.17713650002637493,0.8263194619534007,1.3749378529996519,-1.6086044506533654,-2.670523816664718,-3.753460839883155,-5.680289250622809,-6.242804694138795,-5.290204947671373,-4.0794713733881505,-0.821615792769156,-0.6387789964125136,-1.9141542880256281,-2.8455780633553167,-4.253331973198327,-5.786135792943106,-5.4673414476977475,-4.905790835341551,-2.196553645768808,11.458793025723274,71.86652811238224,23.707510283773992,32.31749803072086,96.96658250480672,22.41067588986701,71.35855990939385,65.13070950727567,25.391351996863122,66.95372144634713,19.271619668255425,28.33286197894117,90.29991583814004,29.077342556533647,80.45811505050634,65.42043765740893,-1
