p1,p2,p3,p4,p5,p6,p7,p8,rsi,rsi1,rsi2,rsi3,rsi4,rsi5,rsi6,rsi7,sto,sto1,sto2,sto3,sto4,sto5,sto6,sto7,macd,macd1,macd2,macd3,macd4,macd5,macd6,macd7,macdl,macd1l,macd2l,macd3l,macd4l,macd5l,macd6l,macd7l,macds,macd1s,macd2s,macd3s,macd4s,macd5s,macd6s,macd7s,stol,sto1l,sto2l,sto3l,sto4l,sto5l,sto6l,sto7l,stos,sto1s,sto2s,sto3s,sto4s,sto5s,sto6s,sto7s,Pred
4905.601,4915.0375,4911.752,4926.204,4924.5305,4913.0585,4912.316,4924.1621875,43.26003539100296,48.64304088851317,48.015932664814336,58.79014484562276,53.03067766079577,44.803252692867005,47.09459001176596,54.62633748964942,8.639125815926482,-18.796565093059886,18.796565093059883,0.0,-19.99999999999999,1.4038503623564584,12.335509196537364,-8.008608355176134,-5.290671685931033,-1.0751831355220058,-0.3086656436784315,1.6161376387761046,1.5101249074585055,-1.4038918398609752,-1.2602052393977503,0.8404508318844826,-2.5823873652867406,-1.5724997975348742,-1.4977876490389463,1.3110020599009657,3.9201564276409044,0.33982160453615506,-1.4141884872124137,0.9424736232896294,2.7082843206442933,-0.49731666201286834,-1.1891220053605147,-0.30513557887513887,2.410031520182399,1.7437134443971303,-0.15398324781466333,0.10202279140514686,80.54555857838706,63.61030472082035,63.21634249462702,99.2444743459813,17.838535514489017,32.97478696165384,72.87404604639936,63.00208434354866,71.90643276246058,82.40686981388023,44.419777401567146,99.2444743459813,37.83853551448901,31.57093659929738,60.538536849862,71.0106926987248,-1
