p1,p2,p3,p4,p5,p6,p7,p8,rsi,rsi1,rsi2,rsi3,rsi4,rsi5,rsi6,rsi7,sto,sto1,sto2,sto3,sto4,sto5,sto6,sto7,macd,macd1,macd2,macd3,macd4,macd5,macd6,macd7,macdl,macd1l,macd2l,macd3l,macd4l,macd5l,macd6l,macd7l,macds,macd1s,macd2s,macd3s,macd4s,macd5s,macd6s,macd7s,stol,sto1l,sto2l,sto3l,sto4l,sto5l,sto6l,sto7l,stos,sto1s,sto2s,sto3s,sto4s,sto5s,sto6s,sto7s,Pred
4140.8245,4144.9405,4144.4865,4149.152,4149.9175000000005,4146.1125,4144.3705,4152.520416666666,57.617138816610904,63.71927015155299,62.11804905466433,66.92715398078828,60.78852129239835,49.468766752685134,47.5535367827597,58.82656201023499,11.659340671958153,-19.100390069369208,17.01873809072273,-10.568164600186247,-5.367688424240365,2.570335231425259,13.10163522863099,-4.8401959887739805,0.561565080794134,0.9136645157502451,0.3859131288655114,0.501336758158485,0.25438201230125673,-0.5742343667273002,-0.8224691121596989,0.3591257317337889,0.020974668366579862,1.4466797929388122,1.6703869628685424,2.3279320664851184,2.5460519951355307,1.451983246362397,0.20191820355939855,1.71947373327536,-0.5405904124275542,0.5330152771885671,1.284473834003031,1.8265953083266333,2.291669982834274,2.026217613089697,1.0243873157190975,1.360348001541571,89.72843529906146,52.18611687654495,31.80948633085951,63.5878756389253,30.880478083581934,21.720983923465585,42.872697491630184,52.68759774054891,78.06909462710331,71.28650694591416,14.790748240136779,74.15604023911155,36.2481665078223,19.150648692040328,29.771062262999195,57.52779372932289,-1
