p1,p2,p3,p4,p5,p6,p7,p8,rsi,rsi1,rsi2,rsi3,rsi4,rsi5,rsi6,rsi7,sto,sto1,sto2,sto3,sto4,sto5,sto6,sto7,macd,macd1,macd2,macd3,macd4,macd5,macd6,macd7,macdl,macd1l,macd2l,macd3l,macd4l,macd5l,macd6l,macd7l,macds,macd1s,macd2s,macd3s,macd4s,macd5s,macd6s,macd7s,stol,sto1l,sto2l,sto3l,sto4l,sto5l,sto6l,sto7l,stos,sto1s,sto2s,sto3s,sto4s,sto5s,sto6s,sto7s,Pred
4102.5355,4104.07,4107.398,4109.4565,4106.6815,4105.273,4102.2155,4102.515714285714,53.39435209981487,55.627380914081556,61.028065505662006,59.71647239096308,53.36491061026238,47.29794204270355,39.409006588775725,44.04996078297926,3.833456313807446,-6.078676276262326,7.138053962202979,-20.000000000000025,14.32641415212235,-14.326414152122396,19.77012371357815,-14.121516938270155,0.2705678568824621,0.30464208909866786,0.47756966205072365,0.5027797739393772,-0.19652394449823057,-0.4697087527721459,-0.7791163869924367,-0.25161657210072785,0.06392043523537723,0.4475929738939158,1.100675278385279,1.857633971024916,1.2200490652197913,0.5142886784422445,-0.6678206836919344,-0.8115964259943992,-0.20664742164708488,0.1429508847952479,0.6231056163345553,1.3548541970855386,1.416573009718022,0.9839974312143903,0.11129570330050234,-0.5599798538936713,50.05526567206329,62.691882401273055,79.56549399653261,22.501975705601865,37.158267124235145,4.415186665878895,39.31037114073452,56.44354501882712,46.22180935825585,68.77055867753538,72.42744003432962,42.50197570560189,22.831852972112795,18.74160081800129,19.540247427156366,70.56506195709729,-1
