p1,p2,p3,p4,p5,p6,p7,p8,rsi,rsi1,rsi2,rsi3,rsi4,rsi5,rsi6,rsi7,sto,sto1,sto2,sto3,sto4,sto5,sto6,sto7,macd,macd1,macd2,macd3,macd4,macd5,macd6,macd7,macdl,macd1l,macd2l,macd3l,macd4l,macd5l,macd6l,macd7l,macds,macd1s,macd2s,macd3s,macd4s,macd5s,macd6s,macd7s,stol,sto1l,sto2l,sto3l,sto4l,sto5l,sto6l,sto7l,stos,sto1s,sto2s,sto3s,sto4s,sto5s,sto6s,sto7s,Pred
4021.8255,4017.2895,4021.2120000000004,4016.667,4021.2215,4021.3135,4017.991,4017.421,46.127978223319886,41.3789099754923,50.8558635938042,40.210890050306894,53.51176476764289,52.16889140131614,43.81311375749261,44.24408686357724,-4.989831869266036,20.000000000000007,-6.666666666666669,-7.916440150740759,12.967698839952371,-18.384592022544954,10.118575412891715,6.7031651898154365,-0.8721875436220898,-1.3815092498283403,-0.19828067623497486,-0.3529710449458109,0.23401580190086388,0.5051955368535773,-0.20239672960756017,-0.2890572339038755,1.1074499369507067,-1.0731350093225955,-0.7372642775274472,-1.1109630816304161,-0.7206664363479831,0.22892565946158355,-0.3845553469139304,-0.8397854558915242,1.9796374805727963,0.3083742405057447,-0.5389836012924722,-0.7579920366846052,-0.954682238248847,-0.2762698773919937,-0.18215861730637023,-0.5507282219876487,1.0269141958582226,50.047678180252056,80.0,8.125339773888863,95.59062619056408,19.243724222922705,17.8252236766908,51.289006776018105,6.016746065124258,30.047678180252053,86.66666666666667,16.041779924629623,82.62292735061172,37.62831624546766,7.706648263799085,44.58584158620267,-1
