p1,p2,p3,p4,p5,p6,p7,p8,rsi,rsi1,rsi2,rsi3,rsi4,rsi5,rsi6,rsi7,sto,sto1,sto2,sto3,sto4,sto5,sto6,sto7,macd,macd1,macd2,macd3,macd4,macd5,macd6,macd7,macdl,macd1l,macd2l,macd3l,macd4l,macd5l,macd6l,macd7l,macds,macd1s,macd2s,macd3s,macd4s,macd5s,macd6s,macd7s,stol,sto1l,sto2l,sto3l,sto4l,sto5l,sto6l,sto7l,stos,sto1s,sto2s,sto3s,sto4s,sto5s,sto6s,sto7s,Pred
5314.45125,5314.5575,5316.697499999999,5326.41375,5328.036249999999,5325.764999999999,5323.6225,5332.223928571429,49.04200051592605,47.748988729617494,52.097660533334306,62.83878522256374,61.386949488407375,57.195906324009776,54.01174001123205,59.92883606933221,20.034195129371284,-34.32228484163309,17.65561817496639,14.314311396673986,-30.980978063340707,-7.357140482330929,-2.1511038874934636,0.4010206116930064,-0.18430748453174883,0.037400045565560536,0.24468671061254926,1.2646775825606218,1.815947873825525,1.4239503319387699,0.781984852945998,1.00210720295755,-1.2239468352931908,-0.9949965231112401,-0.7410101918148939,0.7989787626734142,2.2535621077754513,2.611932116389198,2.4350946457220743,3.766415233121474,-1.0396393507614419,-1.0323965686768006,-0.9856969024274431,-0.4656988198872075,0.43761423394992627,1.1879817844504283,1.6531097927760765,2.764308030163924,100.0,38.6570898232482,50.0,92.94293419002203,50.0,22.993472615847583,10.737633445263493,66.89333121002298,79.96580487062872,72.97937466488129,32.34438182503361,78.62862279334804,80.9809780633407,30.350613098178513,12.888737332756957,66.49231059832996,-1
