p1,p2,p3,p4,p5,p6,p7,p8,rsi,rsi1,rsi2,rsi3,rsi4,rsi5,rsi6,rsi7,sto,sto1,sto2,sto3,sto4,sto5,sto6,sto7,macd,macd1,macd2,macd3,macd4,macd5,macd6,macd7,macdl,macd1l,macd2l,macd3l,macd4l,macd5l,macd6l,macd7l,macds,macd1s,macd2s,macd3s,macd4s,macd5s,macd6s,macd7s,stol,sto1l,sto2l,sto3l,sto4l,sto5l,sto6l,sto7l,stos,sto1s,sto2s,sto3s,sto4s,sto5s,sto6s,sto7s,Pred
3904.29,3905.6808333333333,3911.9541666666664,3911.485833333333,3907.2766666666666,3908.3575,3911.2283333333335,3905.0290625,53.617984421708066,56.45390034452685,63.29304269509245,59.19715717379673,50.94073782910023,54.39218388226594,55.56250069420712,46.60163915900219,2.7746512532219647,18.33654514918278,-0.791151832340636,-23.226960040434502,-9.315221460558181,33.33333333333334,-30.369755891287706,-1.1113415407671026,0.7178184433492786,0.6470899102739279,1.20587935209111,1.0304128809280655,0.23495677397152848,-0.12377081788219917,0.20210618195719118,-0.5944530269699289,-0.7821809789978337,-0.40535947828054003,0.9354173337277037,1.6120502874608367,1.2309500556302737,0.7903339364167247,1.2413885178739292,-0.1477272015803237,-1.4999994223471123,-1.052449388554468,-0.27046201836340633,0.5816374065327712,0.9959932816587452,0.9141047542989239,1.039282335916738,0.44672582538960515,55.50604201043163,68.05013872225422,97.62654450297808,19.34291401389862,0.0,73.92650293575394,42.224065659470206,27.65997824599162,52.73139075720967,49.713593573071435,98.41769633531871,42.56987405433313,9.315221460558181,40.5931696024206,72.59382155075792,28.771319786758724,-1
