p1,p2,p3,p4,p5,p6,p7,p8,rsi,rsi1,rsi2,rsi3,rsi4,rsi5,rsi6,rsi7,sto,sto1,sto2,sto3,sto4,sto5,sto6,sto7,macd,macd1,macd2,macd3,macd4,macd5,macd6,macd7,macdl,macd1l,macd2l,macd3l,macd4l,macd5l,macd6l,macd7l,macds,macd1s,macd2s,macd3s,macd4s,macd5s,macd6s,macd7s,stol,sto1l,sto2l,sto3l,sto4l,sto5l,sto6l,sto7l,stos,sto1s,sto2s,sto3s,sto4s,sto5s,sto6s,sto7s,Pred
3720.17875,3719.99125,3722.8137500000003,3720.076875,3714.723125,3714.50625,3709.281875,3711.388125,55.702909809353,55.23548120147512,56.55808987701627,50.67119684103969,45.234662508452956,45.463573179385584,40.85145852522197,46.74046715706362,-1.799450639136253,18.689015377191957,2.0884280846196788,-23.38409618601301,20.755559555797273,-20.755559555797298,20.752709180156085,-2.941993584044632,1.2706749694448818,0.3720913693387274,0.30843221742231747,-0.14587460728528717,-1.0590796576990307,-0.7221955670754472,-1.187913208298185,-0.1760362455063296,2.0533737461820465,1.7619788681327009,1.9882429416743435,1.6695696364643027,-0.06742924485695312,-0.47909366168232737,-2.076429937590092,-2.0617663495157785,0.7826987767371648,1.3898874987939736,1.679810724252026,1.81544424374959,0.9916504128420776,0.24310190539311982,-0.8885167292919068,-1.885730104009449,24.79451116723098,66.07762808086216,68.63896284245627,8.48918868931809,40.155489078516084,36.16245092336917,55.53979756406527,64.44137408213557,26.593961806367233,47.388612703670205,66.5505347578366,31.873284875331098,19.399929522718814,56.91801047916647,34.787088383909186,67.3833676661802,-1
