p1,p2,p3,p4,p5,p6,p7,p8,rsi,rsi1,rsi2,rsi3,rsi4,rsi5,rsi6,rsi7,sto,sto1,sto2,sto3,sto4,sto5,sto6,sto7,macd,macd1,macd2,macd3,macd4,macd5,macd6,macd7,macdl,macd1l,macd2l,macd3l,macd4l,macd5l,macd6l,macd7l,macds,macd1s,macd2s,macd3s,macd4s,macd5s,macd6s,macd7s,stol,sto1l,sto2l,sto3l,sto4l,sto5l,sto6l,sto7l,stos,sto1s,sto2s,sto3s,sto4s,sto5s,sto6s,sto7s,Pred
3825.9891666666667,3823.7158333333336,3825.2075,3826.125,3828.4575,3826.4891666666667,3823.0516666666667,3818.8941666666665,54.56972773873161,50.731946910881504,53.50223133914359,54.536884181867656,61.0296754068346,52.58876351438167,44.539416607124174,39.013091283468036,2.2190098443075166,3.847681630807666,18.567624969389485,-3.185044777518968,9.380123019544603,-20.611158441587165,-12.722174891746171,11.111111111111109,0.9493833322080332,0.4094782425916682,0.3023929641341665,0.2966866818749891,0.4832858154617261,0.2527028310820698,-0.28553161925696174,-0.8784988366134837,0.015337519707372849,-0.09700238150677858,0.032038733288724565,0.2529394590560514,0.7303789335617997,0.7788204000306299,0.1942183686098057,-1.2467610181625635,-0.9340458125006603,-0.5064806240984467,-0.2703542308454419,-0.043747222818937635,0.24709311810007362,0.5261175689485601,0.4797499878667674,-0.3682621815490798,43.53695197509059,20.289859054235148,88.97146965810775,82.94790169450066,100.0,24.753285902665244,0.0,22.735183811959406,41.317942130783074,16.44217742342748,70.40384468871827,86.13294647201963,90.6198769804554,45.364444344252405,12.722174891746171,11.624072700848297,-1
