p1,p2,p3,p4,p5,p6,p7,p8,rsi,rsi1,rsi2,rsi3,rsi4,rsi5,rsi6,rsi7,sto,sto1,sto2,sto3,sto4,sto5,sto6,sto7,macd,macd1,macd2,macd3,macd4,macd5,macd6,macd7,macdl,macd1l,macd2l,macd3l,macd4l,macd5l,macd6l,macd7l,macds,macd1s,macd2s,macd3s,macd4s,macd5s,macd6s,macd7s,stol,sto1l,sto2l,sto3l,sto4l,sto5l,sto6l,sto7l,stos,sto1s,sto2s,sto3s,sto4s,sto5s,sto6s,sto7s,Pred
3823.4864285714284,3824.1460714285713,3821.179285714286,3815.6285714285714,3819.575,3809.378928571429,3817.1535714285715,3812.145,60.57640082438276,56.79148869054706,49.41556885958298,41.076197758276635,52.0173460606326,37.28319445415242,52.31062828355817,45.9067508212456,-0.4834623659429411,5.521917393362589,-2.893842837579309,4.147709759331469,-6.597758693553191,10.88622483830794,-14.285714285714237,2.6094726445665737,-0.20299812638064324,-0.25660660513475536,-0.8684055371235223,-1.1617578937791706,0.07660224948022322,-0.9528369656155955,0.5951190843981452,0.05384060973643374,3.157397673309333,3.1385851423857014,1.4121965167418498,-0.8225412671836888,-0.5795800602989922,-2.115169161597805,-1.0310778062501282,-0.7771934703682746,3.3603957996899765,3.3951917475204567,2.280602053865372,0.33921662659548185,-0.6561823097792154,-1.1623321959822097,-1.6261968906482736,-0.8310340801047084,53.99374311797801,17.602264378118573,31.598956518261573,35.591105054631434,78.25719434490203,38.14744180726873,69.62331857134504,29.519149264170483,54.477205483920955,12.080346984755984,34.49279935584088,31.443395295299965,84.85495303845522,27.261216968960788,83.90903285705927,26.90967661960391,-1
