p1,p2,p3,p4,p5,p6,p7,p8,rsi,rsi1,rsi2,rsi3,rsi4,rsi5,rsi6,rsi7,sto,sto1,sto2,sto3,sto4,sto5,sto6,sto7,macd,macd1,macd2,macd3,macd4,macd5,macd6,macd7,macdl,macd1l,macd2l,macd3l,macd4l,macd5l,macd6l,macd7l,macds,macd1s,macd2s,macd3s,macd4s,macd5s,macd6s,macd7s,stol,sto1l,sto2l,sto3l,sto4l,sto5l,sto6l,sto7l,stos,sto1s,sto2s,sto3s,sto4s,sto5s,sto6s,sto7s,Pred
5330.771875,5325.94625,5326.91125,5320.19125,5314.5275,5295.0575,5301.508125,5312.338928571428,53.96187917975187,48.22932009599444,49.728489896209155,42.91708408543896,39.449197378229634,30.885128388397465,40.22527804137121,50.55938802173119,-1.1797012440150514,-13.622626634492871,-6.8345509317579065,14.558795232722845,-14.558795232722886,20.466227105647476,2.969908194680368,-8.630172552568355,-0.19604214416159965,-0.5471590342524699,-0.393404411846718,-0.9715210150703893,-1.1177605938144926,-3.0870357955282937,-1.2254973546107384,1.6014955892585505,0.6818780768533088,-0.0031005319317500835,-0.3222345861622671,-1.6647845267609682,-2.7688345002329697,-7.272170121425461,-7.455398845529771,-3.678126540230031,0.8779202210149084,0.5440585023207198,0.07116982568445093,-0.6932635116905789,-1.6510739064184772,-4.185134325897167,-6.229901490919033,-5.2796221294885815,84.83431324417643,14.286023218585417,46.87226735213435,31.019327312241785,42.22930673013081,42.44564350775188,90.95879974517834,78.18865387050994,86.01401448819148,27.908649853078288,53.70681828389226,16.46053207951894,56.788101962853695,21.979416402104402,87.98889155049798,86.81882642307829,-1
