p1,p2,p3,p4,p5,p6,p7,p8,rsi,rsi1,rsi2,rsi3,rsi4,rsi5,rsi6,rsi7,sto,sto1,sto2,sto3,sto4,sto5,sto6,sto7,macd,macd1,macd2,macd3,macd4,macd5,macd6,macd7,macdl,macd1l,macd2l,macd3l,macd4l,macd5l,macd6l,macd7l,macds,macd1s,macd2s,macd3s,macd4s,macd5s,macd6s,macd7s,stol,sto1l,sto2l,sto3l,sto4l,sto5l,sto6l,sto7l,stos,sto1s,sto2s,sto3s,sto4s,sto5s,sto6s,sto7s,Pred
3396.2203289473687,3395.968684210526,3404.8169736842106,3421.8380263157896,3438.423881578947,3515.7609868421055,3658.478947368421,3646.1420930232557,47.37517357946977,51.73324432882493,52.33296333772641,61.300550724906714,57.51076037298246,69.67363313742463,61.908127619015346,48.146155625675135,-1.1704086453679963,0.03208175747993312,-1.4932520594804308,0.11971006400599503,0.74070123289024,-0.8604112968964087,0.8830119228224723,1.1519342480409684,-0.1136141499849228,0.29393641648929897,-0.30937346906099167,0.6133459690197522,-0.12674559989811718,4.425120303697765,-3.8804637290047626,-0.6490267198187202,-0.4024053590374502,0.3910734920992749,1.177317274193432,3.670190203621515,2.641172928723635,16.35905173289416,22.943550859763707,-1.2740788147185984,-0.2887912090525275,0.09713707560997595,1.4866907432544236,3.056844234601763,2.767918528621752,11.933931429196393,26.82401458876847,-0.6250520948998781,51.52756027248933,55.996761777519666,36.534382685108454,49.6224868787049,49.26923289975091,52.65337764311772,43.162167451108964,57.88559411118356,52.697968917857324,55.96468002003974,38.02763474458889,49.502776814698905,48.52853166686067,53.51378894001413,42.27915552828649,56.73365986314259,-1
