p1,p2,p3,p4,p5,p6,p7,p8,rsi,rsi1,rsi2,rsi3,rsi4,rsi5,rsi6,rsi7,sto,sto1,sto2,sto3,sto4,sto5,sto6,sto7,macd,macd1,macd2,macd3,macd4,macd5,macd6,macd7,macdl,macd1l,macd2l,macd3l,macd4l,macd5l,macd6l,macd7l,macds,macd1s,macd2s,macd3s,macd4s,macd5s,macd6s,macd7s,stol,sto1l,sto2l,sto3l,sto4l,sto5l,sto6l,sto7l,stos,sto1s,sto2s,sto3s,sto4s,sto5s,sto6s,sto7s,Pred
5274.995,5274.1075,5264.69,5274.594999999999,5287.805,5294.10375,5297.29375,5282.577916666666,59.00996293141117,57.66610158080532,50.90267194315928,57.697548714597175,62.117497008173544,64.95045244327008,64.74491988242212,54.377782366103204,-4.7820003918814855,-18.40479810428725,-16.666666666666668,44.48698225651566,5.51301774348434,-1.0322344729258717,-23.18572324571689,-4.320491067911836,0.6431404706365517,1.0637926307054832,0.046614540415742534,0.34658491834840555,1.5326492887017185,2.3874460309813905,2.63317111347006,-0.041215054208007786,2.5003507862174956,3.4379375075181997,2.6020729590227347,2.952547835920541,4.7543532089980545,6.696731762091986,8.277352967449588,6.432934575962008,1.8572103155809438,2.3741448768127165,2.5554584186069924,2.6059629175721355,3.221703920296336,4.309285731110595,5.644181853979528,6.474149630170016,77.37589985136817,50.0,0.0,83.46094676954698,100.0,96.90329658122235,54.2609819026802,6.410284538810882,82.15790024324966,68.40479810428725,16.666666666666668,38.97396451303132,94.48698225651566,97.93553105414823,77.44670514839709,10.730775606722718,-1
