p1,p2,p3,p4,p5,p6,p7,p8,rsi,rsi1,rsi2,rsi3,rsi4,rsi5,rsi6,rsi7,sto,sto1,sto2,sto3,sto4,sto5,sto6,sto7,macd,macd1,macd2,macd3,macd4,macd5,macd6,macd7,macdl,macd1l,macd2l,macd3l,macd4l,macd5l,macd6l,macd7l,macds,macd1s,macd2s,macd3s,macd4s,macd5s,macd6s,macd7s,stol,sto1l,sto2l,sto3l,sto4l,sto5l,sto6l,sto7l,stos,sto1s,sto2s,sto3s,sto4s,sto5s,sto6s,sto7s,Pred
5275.301,5283.470499999999,5291.114,5297.0185,5279.2045,5265.9515,5274.419,5295.467045454546,47.01321529184545,58.23501483280105,63.53202316906113,60.369736949239154,45.11736080797743,40.452700122522366,47.38408448285387,61.840990893778304,15.36757198108433,4.632428018915664,-2.842170943040401e-15,-13.333333333333337,-6.66666666666667,18.639787192102663,-2.8129312660829795,-1.686246995228065,0.07275518476424807,1.3516985808223976,1.994779870074182,1.5096794993746738,-1.2554509588153935,-3.301824589389881,-0.7822358241970403,2.593813466205789,-2.332806276393967,-0.042244373659195845,2.897261877850724,4.596213785195505,2.0369766387711934,-3.6654000446391364,-3.400411682508093,2.2347163264484236,-2.4055614611582152,-1.3939429544815933,0.9024820077765421,3.086534285820831,3.292427597586587,-0.3635754552492551,-2.6181758583110524,-0.3590971397573656,90.59113581667133,100.0,78.3239580151662,24.042862048750262,1.6659877464700625,55.91936157630799,71.4555890939678,94.11719276072019,75.22356383558699,95.36757198108434,78.3239580151662,37.3761953820836,8.332654413136732,37.27957438420533,74.26852036005079,95.80343975594825,-1
