p1,p2,p3,p4,p5,p6,p7,p8,p9,p10,p11,p12,p13,p14,p15,p16,rsi,rsi1,rsi2,rsi3,rsi4,rsi5,rsi6,rsi7,rsi8,rsi9,rsi10,rsi11,rsi12,rsi13,rsi14,rsi15,macd,macd1,macd2,macd3,macd4,macd5,macd6,macd7,macd8,macd9,macd10,macd11,macd12,macd13,macd14,macd15,macdl,macd1l,macd2l,macd3l,macd4l,macd5l,macd6l,macd7l,macd8l,macd9l,macd10l,macd11l,macd12l,macd13l,macd14l,macd15l,macds,macd1s,macd2s,macd3s,macd4s,macd5s,macd6s,macd7s,macd8s,macd9s,macd10s,macd11s,macd12s,macd13s,macd14s,macd15s,macdh,macd1h,macd2h,macd3h,macd4h,macd5h,macd6h,macd7h,macd8h,macd9h,macd10h,macd11h,macd12h,macd13h,macd14h,macd15h,Pred
9767.1225,9773.66875,9773.38875,9769.950416666667,9754.8025,9750.647083333333,9742.809583333334,9746.1325,9751.71875,9751.075,9745.735416666666,9734.9475,9744.890833333333,9737.056666666667,9735.48,9745.905454545455,53.366176895086696,57.76930281013028,54.06689804170693,49.77021892802005,35.97921183703047,39.743780903981175,35.079374833399896,45.469309551968266,50.22485180398438,49.71647276057449,44.75279069911965,39.78347848631704,50.35476281862658,43.17533650198135,46.67839983366991,54.09208517210359,1.1805517827927716,0.8979930115923775,0.23043429502069998,-0.8540199343765141,-2.236465514269916,-1.5638302521169924,-0.8185889561954137,0.2825393636753731,1.7989089292575469,0.8639473675795116,-0.26164721933684726,-1.29553887846565,0.6830487391201719,-0.003997902969042048,-0.37224516718145867,1.326606882080817,1.8500830999573736,2.747023988933203,3.1881447761819195,1.2916443107284674,-2.518461881639572,-4.9738197172931295,-5.5351191083821805,-5.338963088591906,-1.4049030263713576,-0.5529226766008529,-1.3956046003704614,-3.7442088471007082,-2.1748160547631414,-2.0251257430457676,-3.34081123298832,0.6649001388306549,0.669531317164602,1.8490309773408256,2.9577104811612194,2.1456642451049817,-0.2819963673696558,-3.4099894651761375,-4.716530152186767,-5.621502452267279,-3.2038119556289044,-1.4168700441803646,-1.133957381033614,-2.448669968635058,-2.8578647938833135,-2.0211278400767254,-2.9685660658068613,-0.661706743250162,1.1805517827927716,0.8979930115923775,0.23043429502069998,-0.8540199343765141,-2.236465514269916,-1.5638302521169924,-0.8185889561954137,0.2825393636753731,1.7989089292575469,0.8639473675795116,-0.26164721933684726,-1.29553887846565,0.6830487391201719,-2.0211278400767254,-0.37224516718145867,1.326606882080817,0
