p1,p2,p3,p4,p5,p6,p7,p8,p9,p10,p11,p12,p13,p14,p15,p16,rsi,rsi1,rsi2,rsi3,rsi4,rsi5,rsi6,rsi7,rsi8,rsi9,rsi10,rsi11,rsi12,rsi13,rsi14,rsi15,macd,macd1,macd2,macd3,macd4,macd5,macd6,macd7,macd8,macd9,macd10,macd11,macd12,macd13,macd14,macd15,macdl,macd1l,macd2l,macd3l,macd4l,macd5l,macd6l,macd7l,macd8l,macd9l,macd10l,macd11l,macd12l,macd13l,macd14l,macd15l,macds,macd1s,macd2s,macd3s,macd4s,macd5s,macd6s,macd7s,macd8s,macd9s,macd10s,macd11s,macd12s,macd13s,macd14s,macd15s,macdh,macd1h,macd2h,macd3h,macd4h,macd5h,macd6h,macd7h,macd8h,macd9h,macd10h,macd11h,macd12h,macd13h,macd14h,macd15h,Pred
9785.652083333334,9790.082916666666,9801.213333333333,9805.651249999999,9842.6025,9871.53875,9823.2875,9779.607083333334,9772.970833333333,9768.324166666665,9748.295416666668,9736.350833333334,9731.89375,9683.560833333333,9662.927916666667,9665.870454545455,45.241218805183905,50.92733839814083,57.91614305127283,57.772521358479175,74.14296072016246,72.72888226193461,46.60636130098841,36.683442287839085,38.45996780169699,40.57850634655327,35.81862675717341,39.55287372429564,40.56314952808038,32.36731964408375,34.13449627259127,42.4640737485483,-0.9825872137800898,-0.08740850636593754,1.4992813989450062,1.156241118225189,4.0429098164243324,5.318657116818036,-4.897269034837714,-10.499957394944943,-4.839078694401025,-0.6932585678094455,-0.3379995505013739,-1.2414291196856446,1.377224814594557,-3.149786141039845,-3.0960500908683835,2.475826490351107,-0.6219056807776724,-0.5659375737992983,2.4273807075954514,4.156063252008001,10.197741771532796,20.612464930224935,10.289716366746688,-9.754299496009176,-15.283818770223661,-14.665162803767695,-13.496718143096587,-17.21989001570849,-13.434429436272998,-19.404786443305664,-25.118470823297987,-18.643850092605465,0.36068153300241745,-0.4785290674333608,0.9280993086504451,2.999822133782812,6.154831955108462,15.2938078134069,15.186985401584401,0.7456578989357653,-10.444740075822637,-13.971904235958249,-13.158718592595212,-15.978460896022847,-14.811654250867555,-16.255000302265817,-22.022420732429605,-21.119676582956572,-0.9825872137800898,-0.08740850636593754,1.4992813989450062,1.156241118225189,4.0429098164243324,5.318657116818036,-4.897269034837714,-10.499957394944943,-4.839078694401025,-0.6932585678094455,-0.3379995505013739,-1.2414291196856446,1.377224814594557,-16.255000302265817,-3.0960500908683835,2.475826490351107,0
