p1,p2,p3,p4,p5,p6,p7,p8,p9,p10,p11,p12,p13,p14,p15,p16,rsi,rsi1,rsi2,rsi3,rsi4,rsi5,rsi6,rsi7,rsi8,rsi9,rsi10,rsi11,rsi12,rsi13,rsi14,rsi15,macd,macd1,macd2,macd3,macd4,macd5,macd6,macd7,macd8,macd9,macd10,macd11,macd12,macd13,macd14,macd15,macdl,macd1l,macd2l,macd3l,macd4l,macd5l,macd6l,macd7l,macd8l,macd9l,macd10l,macd11l,macd12l,macd13l,macd14l,macd15l,macds,macd1s,macd2s,macd3s,macd4s,macd5s,macd6s,macd7s,macd8s,macd9s,macd10s,macd11s,macd12s,macd13s,macd14s,macd15s,macdh,macd1h,macd2h,macd3h,macd4h,macd5h,macd6h,macd7h,macd8h,macd9h,macd10h,macd11h,macd12h,macd13h,macd14h,macd15h,Pred
8615.33375,8602.455833333333,8634.690416666666,8586.663333333334,8597.522916666665,8546.613333333333,8567.157500000001,8573.440416666666,8588.2725,8570.019583333335,8572.719166666666,8489.7525,8488.24,8430.224166666667,8321.379166666668,8372.208409090908,40.55368111007456,41.078890906045885,48.33674420317415,42.22053674889151,46.3078424362465,38.8505430524048,46.54599511854075,49.083925734561234,50.99802636260647,48.50818513947504,47.948981490895676,34.27043003446976,42.099116447998156,34.34279349372164,31.49298893143204,46.99900969621231,10.01385467028602,11.762890094003568,13.059838935770665,3.570682853694207,2.7692247683502624,-2.498406039516009,1.6680697979320491,4.368083489961346,4.822498876525275,-0.04537370467366664,0.7657514029680346,-8.89675062674713,-4.393371304369498,-4.586189040540758,-12.189445591302931,5.926587244617055,-59.96577528656053,-40.32794245318352,-20.373922251233733,-17.49532823755847,-14.920180814409832,-19.710758656957598,-16.933103013644843,-8.657180150012513,-0.5861448864079648,-3.69445180267788,-1.1334740655429414,-17.983118666299863,-25.158701879254295,-29.499076790312454,-50.455365265649256,-40.72030925678882,-69.97962995684655,-52.09083254718709,-33.43376118700439,-21.06601109125268,-17.689405582760095,-17.21235261744159,-18.601172811576895,-13.025263639973858,-5.40864376293324,-3.6490780980042135,-1.899225468510976,-9.086368039552733,-20.765330574884796,-24.912887749771695,-38.26591967434633,-46.64689650140588,10.01385467028602,11.762890094003568,13.059838935770665,3.570682853694207,2.7692247683502624,-2.498406039516009,1.6680697979320491,4.368083489961346,4.822498876525275,-0.04537370467366664,0.7657514029680346,-8.89675062674713,-4.393371304369498,-24.912887749771695,-12.189445591302931,5.926587244617055,0
