p1,p2,p3,p4,p5,p6,p7,p8,p9,p10,p11,p12,p13,p14,p15,p16,rsi,rsi1,rsi2,rsi3,rsi4,rsi5,rsi6,rsi7,rsi8,rsi9,rsi10,rsi11,rsi12,rsi13,rsi14,rsi15,macd,macd1,macd2,macd3,macd4,macd5,macd6,macd7,macd8,macd9,macd10,macd11,macd12,macd13,macd14,macd15,macdl,macd1l,macd2l,macd3l,macd4l,macd5l,macd6l,macd7l,macd8l,macd9l,macd10l,macd11l,macd12l,macd13l,macd14l,macd15l,macds,macd1s,macd2s,macd3s,macd4s,macd5s,macd6s,macd7s,macd8s,macd9s,macd10s,macd11s,macd12s,macd13s,macd14s,macd15s,macdh,macd1h,macd2h,macd3h,macd4h,macd5h,macd6h,macd7h,macd8h,macd9h,macd10h,macd11h,macd12h,macd13h,macd14h,macd15h,Pred
9739.3545,9741.9275,9746.84675,9755.929,9761.715,9763.402,9749.192000000001,9754.0335,9760.95725,9763.60875,9749.855,9702.798999999999,9644.73175,9637.33175,9630.054,9643.307954545455,39.48549896074215,46.62054930466641,52.72480451734003,59.02247600451072,60.38235092412778,55.497697730303415,36.44925576894956,50.49090336261321,57.555561327599555,55.456518652149505,38.712053880327964,26.05671431728487,26.680611287861378,37.2711377563313,44.660455944685616,49.19470024545919,-0.381224513732207,0.938859690218188,1.1315763706081963,1.144760354554416,0.4884058543216203,-0.4314000983911721,-1.9980357479543351,0.41142195322987013,1.0491511498627284,0.24567289241443255,-1.675784967473075,-4.653559353987765,-4.628955922866226,1.774724800753256,3.02372668350532,3.4297910665551004,-5.0177955080383985,-3.2852648210175177,-0.5244226726159468,2.6406528001256446,3.9269381013644304,3.381671067922434,-1.6468784104505176,-1.882420842058491,1.39365232940454,2.3373419895655387,-1.482311109112743,-13.02363811055202,-25.302273777112532,-21.4376556096895,-15.08251331379397,-3.2239257985891694,-4.636570994306191,-4.224124511235706,-1.6559990432241432,1.4958924455712286,3.43853224704281,3.8130711663136063,0.35115733750381767,-2.293842795288361,0.34450117954181175,2.0916690971511063,0.193473858360332,-8.370078756564254,-20.673317854246307,-23.212380410442755,-18.10623999729929,-6.653716865144269,-0.381224513732207,0.938859690218188,1.1315763706081963,1.144760354554416,0.4884058543216203,-0.4314000983911721,-1.9980357479543351,0.41142195322987013,1.0491511498627284,0.24567289241443255,-1.675784967473075,-4.653559353987765,-4.628955922866226,-23.212380410442755,3.02372668350532,3.4297910665551004,0
