p1,p2,p3,p4,p5,p6,p7,p8,p9,p10,p11,p12,p13,p14,p15,p16,rsi,rsi1,rsi2,rsi3,rsi4,rsi5,rsi6,rsi7,rsi8,rsi9,rsi10,rsi11,rsi12,rsi13,rsi14,rsi15,macd,macd1,macd2,macd3,macd4,macd5,macd6,macd7,macd8,macd9,macd10,macd11,macd12,macd13,macd14,macd15,macdl,macd1l,macd2l,macd3l,macd4l,macd5l,macd6l,macd7l,macd8l,macd9l,macd10l,macd11l,macd12l,macd13l,macd14l,macd15l,macds,macd1s,macd2s,macd3s,macd4s,macd5s,macd6s,macd7s,macd8s,macd9s,macd10s,macd11s,macd12s,macd13s,macd14s,macd15s,macdh,macd1h,macd2h,macd3h,macd4h,macd5h,macd6h,macd7h,macd8h,macd9h,macd10h,macd11h,macd12h,macd13h,macd14h,macd15h,Pred
9228.31475,9235.2965,9251.47825,9261.4285,9243.368,9238.1295,9244.123,9236.947,9218.5975,9228.6405,9235.698,9241.17675,9240.77375,9241.972,9261.65575,9264.980227272727,52.98718619485218,56.116211753445654,67.40576708291682,60.161712401841484,44.57432649922827,45.19330000142746,51.25974941227009,45.98050695770817,37.92021513482818,50.27481403509561,55.634022579900645,55.17908319619079,52.26782870222395,53.97394406807746,64.67379508135585,57.06854608732688,1.2598412972016049,1.1742342330912203,1.5340974829811052,0.3816575041178763,-2.686846466020458,-0.9533066660568706,0.842742282768367,-0.3635013772598221,-1.718206125225464,1.3298035235174954,1.507892810530647,0.6073305279619758,-0.3841549571220688,-0.24978450727827772,1.771695367107738,-0.2579024973729165,-1.8154075145052047,1.8655109160117718,5.220834974196987,7.529592586216677,0.23636599929359364,-2.9055514381858303,-0.8196647794968157,-1.332183098329915,-5.595514021991585,-2.926527353332858,0.8568096973216598,3.2169121758162875,2.1377648086689076,0.8881147337098809,5.393871512087753,5.880386411991243,-3.0752488117068095,0.6912766829205513,3.6867374912158817,7.147935082098801,2.9232124653140517,-1.9522447721289595,-1.6624070622651828,-0.968681721070093,-3.877307896766121,-4.256330876850353,-0.6510831132089873,2.6095816478543115,2.5219197657909764,1.1378992409881588,3.622176144980015,6.138288909364159,1.2598412972016049,1.1742342330912203,1.5340974829811052,0.3816575041178763,-2.686846466020458,-0.9533066660568706,0.842742282768367,-0.3635013772598221,-1.718206125225464,1.3298035235174954,1.507892810530647,0.6073305279619758,-0.3841549571220688,1.1378992409881588,1.771695367107738,-0.2579024973729165,0
