p1,p2,p3,p4,p5,p6,p7,p8,p9,p10,p11,p12,p13,p14,p15,p16,rsi,rsi1,rsi2,rsi3,rsi4,rsi5,rsi6,rsi7,rsi8,rsi9,rsi10,rsi11,rsi12,rsi13,rsi14,rsi15,macd,macd1,macd2,macd3,macd4,macd5,macd6,macd7,macd8,macd9,macd10,macd11,macd12,macd13,macd14,macd15,macdl,macd1l,macd2l,macd3l,macd4l,macd5l,macd6l,macd7l,macd8l,macd9l,macd10l,macd11l,macd12l,macd13l,macd14l,macd15l,macds,macd1s,macd2s,macd3s,macd4s,macd5s,macd6s,macd7s,macd8s,macd9s,macd10s,macd11s,macd12s,macd13s,macd14s,macd15s,macdh,macd1h,macd2h,macd3h,macd4h,macd5h,macd6h,macd7h,macd8h,macd9h,macd10h,macd11h,macd12h,macd13h,macd14h,macd15h,Pred
8673.82325,8690.315,8716.5705,8803.57975,8830.67675,8824.28875,8838.3225,8846.99825,8806.623749999999,8799.78875,8728.39775,8773.26175,8793.0845,8790.919750000001,8779.937,8826.290454545455,50.94512815842876,56.46943948638674,59.08953991052337,73.28491439344273,63.705814485170556,55.71946051120909,58.28247081209953,55.72225482479695,43.55898069426555,43.82625354068934,34.24651043458825,52.006556740275,56.103106667957434,51.112001704456596,48.75560393993737,62.48148007569564,-6.594326046111588,-1.1442530806137354,1.803267885389033,7.208953717753331,-0.24956521322919373,-5.246912639912282,-1.9358246504110364,-0.9117576135392674,-5.359192353718633,-1.4388275658228664,-6.1753521708329355,6.505662630564914,4.751594488165864,-0.15879071276525628,-1.8027820868794227,4.110049217842326,12.672815862536845,5.011096837128389,10.988626436030609,29.418771001019014,31.669103064262345,17.25393755861369,11.446190526182908,8.984007571640177,-4.168113471721517,-5.877368332405967,-23.216943546115182,-9.202635782058314,3.56229714635374,6.101692921036374,-0.8089963915314001,9.665660749562944,19.267141908648433,6.155349917742124,9.185358550641576,22.209817283265682,31.918668277491538,22.50085019852597,13.382015176593946,9.895765185179444,1.1910788819971165,-4.438540766583101,-17.041591375282245,-15.708298412623229,-1.1892973418121238,6.2604836338016305,0.9937856953480225,5.5556115317206185,-6.594326046111588,-1.1442530806137354,1.803267885389033,7.208953717753331,-0.24956521322919373,-5.246912639912282,-1.9358246504110364,-0.9117576135392674,-5.359192353718633,-1.4388275658228664,-6.1753521708329355,6.505662630564914,4.751594488165864,6.2604836338016305,-1.8027820868794227,4.110049217842326,0
