p1,p2,p3,p4,p5,p6,p7,p8,p9,p10,p11,p12,p13,p14,p15,p16,rsi,rsi1,rsi2,rsi3,rsi4,rsi5,rsi6,rsi7,rsi8,rsi9,rsi10,rsi11,rsi12,rsi13,rsi14,rsi15,macd,macd1,macd2,macd3,macd4,macd5,macd6,macd7,macd8,macd9,macd10,macd11,macd12,macd13,macd14,macd15,macdl,macd1l,macd2l,macd3l,macd4l,macd5l,macd6l,macd7l,macd8l,macd9l,macd10l,macd11l,macd12l,macd13l,macd14l,macd15l,macds,macd1s,macd2s,macd3s,macd4s,macd5s,macd6s,macd7s,macd8s,macd9s,macd10s,macd11s,macd12s,macd13s,macd14s,macd15s,macdh,macd1h,macd2h,macd3h,macd4h,macd5h,macd6h,macd7h,macd8h,macd9h,macd10h,macd11h,macd12h,macd13h,macd14h,macd15h,Pred
7662.585,7666.355,7664.523749999999,7662.546249999999,7659.6537499999995,7661.5075,7664.955,7666.375,7667.75125,7667.4775,7667.30125,7664.02,7664.5825,7665.395,7666.764999999999,7676.409318181818,54.238641337207014,58.258212827373995,55.26736179303837,51.86086459894432,48.16408742813432,52.59032283808706,55.06416616602148,57.936700527241186,59.06684497812954,57.7198217859103,56.49382815920839,48.368599100869694,51.49374481493064,52.37865917050955,54.25147194522171,60.97321395696183,1.6245479617747345,1.6696662272790832,1.3502899485031157,0.6553053448929755,0.07568513806201427,-0.1145695597163916,0.14542401252577875,0.3942933836157674,0.4864111589465343,0.4990343652777458,0.27477673454825546,-0.21463812936439286,-0.44662176858735003,-0.36542110427307395,-0.2299693731836252,0.8086936194745661,0.5437417884659226,1.4191629906426897,1.8414896500476061,1.5501971871972273,1.090170751847836,0.8247220008915974,1.1322115990328712,1.5508739520732888,1.8666858178858092,2.145530281397896,2.088378840974201,1.5778254781266696,1.123004471380682,1.0089966552404803,1.0002245478831355,3.1726774407025005,-1.080806173308812,-0.2505032366363935,0.49119970154449033,0.8948918423042518,1.0144856137858218,0.939291560607989,0.9867875865070924,1.1565805684575214,1.380274658939275,1.6464959161201502,1.8136021064259455,1.7924636074910625,1.569626239968032,1.3744177595135543,1.2301939210667607,2.3639838212279343,1.6245479617747345,1.6696662272790832,1.3502899485031157,0.6553053448929755,0.07568513806201427,-0.1145695597163916,0.14542401252577875,0.3942933836157674,0.4864111589465343,0.4990343652777458,0.27477673454825546,-0.21463812936439286,-0.44662176858735003,1.3744177595135543,-0.2299693731836252,0.8086936194745661,0
