p1,p2,p3,p4,p5,p6,p7,p8,p9,p10,p11,p12,p13,p14,p15,p16,rsi,rsi1,rsi2,rsi3,rsi4,rsi5,rsi6,rsi7,rsi8,rsi9,rsi10,rsi11,rsi12,rsi13,rsi14,rsi15,macd,macd1,macd2,macd3,macd4,macd5,macd6,macd7,macd8,macd9,macd10,macd11,macd12,macd13,macd14,macd15,macdl,macd1l,macd2l,macd3l,macd4l,macd5l,macd6l,macd7l,macd8l,macd9l,macd10l,macd11l,macd12l,macd13l,macd14l,macd15l,macds,macd1s,macd2s,macd3s,macd4s,macd5s,macd6s,macd7s,macd8s,macd9s,macd10s,macd11s,macd12s,macd13s,macd14s,macd15s,macdh,macd1h,macd2h,macd3h,macd4h,macd5h,macd6h,macd7h,macd8h,macd9h,macd10h,macd11h,macd12h,macd13h,macd14h,macd15h,Pred
7547.946250000001,7546.77375,7543.96875,7546.379999999999,7551.4712500000005,7551.325,7559.74,7563.293750000001,7562.98875,7546.9400000000005,7527.2525000000005,7517.88375,7524.21125,7526.7125,7525.873750000001,7523.990454545455,66.00821538256625,63.322500690859485,59.578795343909476,61.315005772863714,64.35514504307133,63.16631454206225,69.6959878595311,68.49744211905795,67.58954616939116,47.848261234494586,36.438764715001696,34.045453960199985,39.66387512431652,42.50571945173336,41.54941183341792,43.17831995910302,2.3014409833659526,1.985063086858774,1.4210665652007548,0.8949178407959297,0.888067077365597,0.6769907854387696,0.9916670328844392,1.324155356730809,0.9080628582522485,-1.0207442554331023,-4.029632738439615,-5.697000470828687,-4.877101714781959,-3.361389543439819,-2.280241039926836,-0.38456327326358203,5.08691633977196,5.790336147277685,6.047552768046899,5.998908223989929,6.4296732867860555,6.598549503913546,7.321125333628061,8.323441706520043,8.419581467569515,6.353229398538133,1.6308471420784372,-2.7582502441268844,-4.51551329079939,-4.870284888083916,-5.053917000512229,-4.585421758664283,2.7854753564060077,3.8052730604189113,4.626486202846143,5.103990383193999,5.541606209420459,5.921558718474776,6.329458300743621,6.999286349789234,7.511518609317266,7.373973653971236,5.660479880518052,2.938750226701803,0.36158842398256863,-1.5088953446440967,-2.773675960585393,-4.200858485400701,2.3014409833659526,1.985063086858774,1.4210665652007548,0.8949178407959297,0.888067077365597,0.6769907854387696,0.9916670328844392,1.324155356730809,0.9080628582522485,-1.0207442554331023,-4.029632738439615,-5.697000470828687,-4.877101714781959,-1.5088953446440967,-2.280241039926836,-0.38456327326358203,0
