p1,p2,p3,p4,p5,p6,p7,p8,p9,p10,p11,p12,p13,p14,p15,p16,rsi,rsi1,rsi2,rsi3,rsi4,rsi5,rsi6,rsi7,rsi8,rsi9,rsi10,rsi11,rsi12,rsi13,rsi14,rsi15,macd,macd1,macd2,macd3,macd4,macd5,macd6,macd7,macd8,macd9,macd10,macd11,macd12,macd13,macd14,macd15,macdl,macd1l,macd2l,macd3l,macd4l,macd5l,macd6l,macd7l,macd8l,macd9l,macd10l,macd11l,macd12l,macd13l,macd14l,macd15l,macds,macd1s,macd2s,macd3s,macd4s,macd5s,macd6s,macd7s,macd8s,macd9s,macd10s,macd11s,macd12s,macd13s,macd14s,macd15s,macdh,macd1h,macd2h,macd3h,macd4h,macd5h,macd6h,macd7h,macd8h,macd9h,macd10h,macd11h,macd12h,macd13h,macd14h,macd15h,Pred
6852.802083333334,6853.325416666667,6837.03125,6829.935833333334,6819.932500000001,6831.345,6831.547916666666,6823.031666666667,6834.187083333333,6830.482083333333,6832.54625,6822.0704166666665,6821.996666666667,6828.39625,6829.6224999999995,6835.585454545455,43.9513398344009,45.04129915226564,34.391269574739844,37.22503682905838,37.794009846065904,49.34314169832508,47.96248814071818,42.39371486658021,55.44262349849713,48.974473095540695,51.31954934963432,42.07231721773353,45.40246642077195,53.03592462203446,52.49880346124884,57.65082462314421,0.11399048955829705,0.6326614924230268,-1.4387890513350727,-1.263214483494966,-1.044619681917843,1.6775870474440921,1.8551777439311117,-0.14170274301572636,1.2857785144430707,0.5911165446285259,0.21843439262521502,-0.9714041418432094,-0.6666949569704523,0.7800074507840642,0.7976456702257112,0.8074770260480637,-3.415570666976843,-2.0394820050689,-4.960665435519331,-6.816446793721298,-8.628598767082016,-5.207368652585804,-1.7753993776192754,-2.9788030495671287,-0.7444095155177214,0.3899455088489958,0.24073279190406538,-1.4344824387671906,-2.608558833021258,-0.961896376226529,0.4692191285454707,1.9796155073535457,-3.52956115653514,-2.672143497491927,-3.521876384184259,-5.553232310226331,-7.583979085164172,-6.884955700029896,-3.6305771215503873,-2.8371003065514024,-2.030188029960792,-0.20117103577953013,0.02229839927885036,-0.4630782969239812,-1.941863876050806,-1.7419038270105933,-0.32842654168024055,1.172138481305482,0.11399048955829705,0.6326614924230268,-1.4387890513350727,-1.263214483494966,-1.044619681917843,1.6775870474440921,1.8551777439311117,-0.14170274301572636,1.2857785144430707,0.5911165446285259,0.21843439262521502,-0.9714041418432094,-0.6666949569704523,-1.7419038270105933,0.7976456702257112,0.8074770260480637,0
