p1,p2,p3,p4,p5,p6,p7,p8,p9,p10,p11,p12,p13,p14,p15,p16,rsi,rsi1,rsi2,rsi3,rsi4,rsi5,rsi6,rsi7,rsi8,rsi9,rsi10,rsi11,rsi12,rsi13,rsi14,rsi15,macd,macd1,macd2,macd3,macd4,macd5,macd6,macd7,macd8,macd9,macd10,macd11,macd12,macd13,macd14,macd15,macdl,macd1l,macd2l,macd3l,macd4l,macd5l,macd6l,macd7l,macd8l,macd9l,macd10l,macd11l,macd12l,macd13l,macd14l,macd15l,macds,macd1s,macd2s,macd3s,macd4s,macd5s,macd6s,macd7s,macd8s,macd9s,macd10s,macd11s,macd12s,macd13s,macd14s,macd15s,macdh,macd1h,macd2h,macd3h,macd4h,macd5h,macd6h,macd7h,macd8h,macd9h,macd10h,macd11h,macd12h,macd13h,macd14h,macd15h,Pred
7102.3341666666665,7100.227083333333,7107.187916666667,7100.5320833333335,7079.152083333333,7088.536666666667,7075.2625,7077.390833333333,7089.80875,7084.978749999999,7087.447916666667,7095.071666666667,7102.008333333333,7104.702916666667,7102.8975,7095.675227272727,49.859687586995065,48.96472799031476,52.31962796347452,48.05822231823316,36.99243743144603,47.46381207861007,41.215210198592565,46.48944465074584,53.785303717835895,49.63782171435855,51.8120757402042,56.13399546394414,59.46593382454835,56.487225111290826,55.751181299681754,46.774804348596504,3.982261675793691,2.3737919492956356,1.8306868849663736,0.2962765026661594,-2.4557025074585224,-0.2679021220847882,-0.555320736800327,0.24265937999790962,2.3321355446614183,0.8595206198648514,0.303871347019026,1.037456207510456,1.070073634151326,0.5296915159800449,-0.6047693974149664,-1.2638546962114228,-5.5827714035564595,-2.4660944995014993,-0.06308437365260033,-0.06831967800887166,-4.748101243565846,-4.91232815301252,-5.430325951485581,-5.240472685297239,-0.489671396960451,0.3815184478127473,0.2931360394998895,2.2112096340877847,3.7488256788547005,4.771558448302585,3.0329503957053325,0.5660188008161474,-9.565033079350151,-4.8398864487971345,-1.8937712586189739,-0.3645961806750311,-2.292398736107324,-4.644426030927731,-4.875005214685253,-5.483132065295149,-2.821806941621869,-0.47800217205210405,-0.010735307519136537,1.1737534265773286,2.6787520447033746,4.24186693232254,3.637719793120299,1.8298734970275703,3.982261675793691,2.3737919492956356,1.8306868849663736,0.2962765026661594,-2.4557025074585224,-0.2679021220847882,-0.555320736800327,0.24265937999790962,2.3321355446614183,0.8595206198648514,0.303871347019026,1.037456207510456,1.070073634151326,4.24186693232254,-0.6047693974149664,-1.2638546962114228,0
