p1,p2,p3,p4,p5,p6,p7,p8,p9,p10,p11,p12,p13,p14,p15,p16,rsi,rsi1,rsi2,rsi3,rsi4,rsi5,rsi6,rsi7,rsi8,rsi9,rsi10,rsi11,rsi12,rsi13,rsi14,rsi15,macd,macd1,macd2,macd3,macd4,macd5,macd6,macd7,macd8,macd9,macd10,macd11,macd12,macd13,macd14,macd15,macdl,macd1l,macd2l,macd3l,macd4l,macd5l,macd6l,macd7l,macd8l,macd9l,macd10l,macd11l,macd12l,macd13l,macd14l,macd15l,macds,macd1s,macd2s,macd3s,macd4s,macd5s,macd6s,macd7s,macd8s,macd9s,macd10s,macd11s,macd12s,macd13s,macd14s,macd15s,macdh,macd1h,macd2h,macd3h,macd4h,macd5h,macd6h,macd7h,macd8h,macd9h,macd10h,macd11h,macd12h,macd13h,macd14h,macd15h,Pred
6049.153333333333,6026.340833333334,6037.049166666667,6054.143333333333,6046.255,6058.126666666667,6104.915416666667,6082.151666666667,6087.629166666667,6101.033333333333,6060.472083333333,6054.020833333334,6051.749583333333,6056.677083333333,6052.159583333333,6039.292272727273,51.40264541360205,42.734782056355755,50.74616559015639,53.079280965799825,50.78791691361711,54.66483955189827,64.6744481784673,52.95531465895209,55.38208892204442,58.054379284836656,40.28038865981318,41.63220004011225,43.47913031319087,47.66216750028869,45.92412019833558,43.55336118765978,0.9308622143067452,-1.8495262089829712,-0.7899840418319687,3.145071569319777,0.10400744644006192,0.9100481109273435,5.551919408883277,-0.5800618662154111,-1.7102316315847412,0.19631455287524613,-5.107426530937067,-3.9956759576946324,-1.1326609882837275,1.1671909071132336,0.7134927094161169,-0.748350798728812,0.972929816951364,-1.717686898810219,-4.638380285172691,3.231379967200155,2.0036474294077684,3.4295217521957966,13.630924555822427,11.100919608783443,7.1877249465990944,8.469037688847038,-0.723671148927527,-7.37366103248102,-7.782029151513598,-4.844960002620003,-3.523075643866681,-5.356641836286641,0.04206760264461885,0.13183931017275208,-3.8483962433407233,0.08630839788037842,1.8996399829677064,2.519473641268453,8.07900514693915,11.680981474998854,8.897956578183836,8.272723135971791,4.383755382009539,-3.377985074786387,-6.6493681632298705,-6.012150909733237,-4.236568353282798,-4.608291037557828,0.9308622143067452,-1.8495262089829712,-0.7899840418319687,3.145071569319777,0.10400744644006192,0.9100481109273435,5.551919408883277,-0.5800618662154111,-1.7102316315847412,0.19631455287524613,-5.107426530937067,-3.9956759576946324,-1.1326609882837275,-6.012150909733237,0.7134927094161169,-0.748350798728812,0
