p1,p2,p3,p4,p5,p6,p7,p8,p9,p10,p11,p12,p13,p14,p15,p16,rsi,rsi1,rsi2,rsi3,rsi4,rsi5,rsi6,rsi7,rsi8,rsi9,rsi10,rsi11,rsi12,rsi13,rsi14,rsi15,macd,macd1,macd2,macd3,macd4,macd5,macd6,macd7,macd8,macd9,macd10,macd11,macd12,macd13,macd14,macd15,macdl,macd1l,macd2l,macd3l,macd4l,macd5l,macd6l,macd7l,macd8l,macd9l,macd10l,macd11l,macd12l,macd13l,macd14l,macd15l,macds,macd1s,macd2s,macd3s,macd4s,macd5s,macd6s,macd7s,macd8s,macd9s,macd10s,macd11s,macd12s,macd13s,macd14s,macd15s,macdh,macd1h,macd2h,macd3h,macd4h,macd5h,macd6h,macd7h,macd8h,macd9h,macd10h,macd11h,macd12h,macd13h,macd14h,macd15h,Pred
5110.9920833333335,5105.221666666666,5092.5375,5092.524583333334,5076.653333333334,5034.806666666667,5072.761666666666,5203.167083333334,5206.918333333333,5211.661249999999,5274.446666666667,5336.785833333333,5345.470416666666,5348.0112500000005,5356.5095833333335,5323.396818181818,49.661207975312635,47.38546806838342,42.2708497371367,44.189633117390756,39.108214660252955,29.34566701849717,48.278000803786625,72.71446072749225,63.76596550045848,60.67251796806513,69.55861594838296,67.59940219978478,64.53740738589119,60.23621442302491,59.82119996479124,49.82282719567592,-1.3879989784819176,-1.8932435019644218,-2.0464473835013353,-0.7420090256793694,-1.5483639627089938,-4.56227897651426,1.51918849471442,19.540933202308132,9.493491132500443,-0.6514588155692245,1.8602681537011556,6.8782350228357,-0.9788944343062518,-4.980872300463399,-5.323261712718054,-7.493432265505913,2.4595964581608314,-1.0561520121145804,-3.8770467264315207,-4.655112122811261,-7.35105608246613,-14.874452051685845,-13.414042288870254,24.351215591693744,37.84237649253297,32.08435443720009,33.40694457453037,48.16588321049024,42.87597513787841,34.320908826951076,25.83274092943172,7.121436298969043,3.8475954366427487,0.8370914898498415,-1.830599342930185,-3.9131030971318914,-5.802692119757136,-10.312173075171586,-14.933230783584673,4.8102823893856135,28.34888536003253,32.73581325276932,31.546676420829215,41.28764818765454,43.85486957218467,39.30178112741448,31.156002642149772,14.614868564474955,-1.3879989784819176,-1.8932435019644218,-2.0464473835013353,-0.7420090256793694,-1.5483639627089938,-4.56227897651426,1.51918849471442,19.540933202308132,9.493491132500443,-0.6514588155692245,1.8602681537011556,6.8782350228357,-0.9788944343062518,39.30178112741448,-5.323261712718054,-7.493432265505913,0
