p1,p2,p3,p4,p5,p6,p7,p8,p9,p10,p11,p12,p13,p14,p15,p16,rsi,rsi1,rsi2,rsi3,rsi4,rsi5,rsi6,rsi7,rsi8,rsi9,rsi10,rsi11,rsi12,rsi13,rsi14,rsi15,macd,macd1,macd2,macd3,macd4,macd5,macd6,macd7,macd8,macd9,macd10,macd11,macd12,macd13,macd14,macd15,macdl,macd1l,macd2l,macd3l,macd4l,macd5l,macd6l,macd7l,macd8l,macd9l,macd10l,macd11l,macd12l,macd13l,macd14l,macd15l,macds,macd1s,macd2s,macd3s,macd4s,macd5s,macd6s,macd7s,macd8s,macd9s,macd10s,macd11s,macd12s,macd13s,macd14s,macd15s,macdh,macd1h,macd2h,macd3h,macd4h,macd5h,macd6h,macd7h,macd8h,macd9h,macd10h,macd11h,macd12h,macd13h,macd14h,macd15h,Pred
9196.97875,9201.658749999999,9199.66375,9202.8625,9191.58625,9191.645,9186.2225,9177.31625,9170.1975,9172.8475,9166.83,9174.751250000001,9173.03625,9181.29625,9185.98125,9180.33159090909,51.718944684479965,57.7682846542202,52.905635474807475,57.052094785737836,43.86872319354589,46.56734567919865,41.40758160987767,36.05487775411816,31.902930737699837,36.954289875186404,34.475139895787265,43.03929234216666,41.44352901213034,51.76680614539438,54.155629505609255,48.16014454558775,-0.4355186946618055,-0.5290263395722898,-0.8572905122349082,-0.5712708099079173,-1.5423903847638682,-1.9690641461804752,-2.209656004771389,-2.92139738172159,-3.4302518011465146,-2.8286324184282625,-2.6825922726381526,-1.3210165202757018,-0.4755250257566943,0.8158277489885415,1.9686461139931466,0.930258144310008,4.8406208885862725,4.457164237910547,3.7436554751320728,3.7043942003310804,2.127415849871795,0.7139472280578048,-0.5534070067878929,-2.6475214720285294,-4.825360282148722,-5.74946448168339,-6.968427098848224,-6.440516934529114,-5.90664832377206,-4.420243813086927,-2.3953248738289403,-1.1323256631082834,5.276139583248078,4.986190577482837,4.6009459873669805,4.275665010238997,3.6698062346356632,2.68301137423828,1.656248997983496,0.2738759096930604,-1.3951084810022076,-2.9208320632551272,-4.285834826210071,-5.119500414253412,-5.4311232980153665,-5.236071562075468,-4.363970987822087,-2.0625838074182914,-0.4355186946618055,-0.5290263395722898,-0.8572905122349082,-0.5712708099079173,-1.5423903847638682,-1.9690641461804752,-2.209656004771389,-2.92139738172159,-3.4302518011465146,-2.8286324184282625,-2.6825922726381526,-1.3210165202757018,-0.4755250257566943,-5.236071562075468,1.9686461139931466,0.930258144310008,0
