p1,p2,p3,p4,p5,p6,p7,p8,p9,p10,p11,p12,p13,p14,p15,p16,rsi,rsi1,rsi2,rsi3,rsi4,rsi5,rsi6,rsi7,rsi8,rsi9,rsi10,rsi11,rsi12,rsi13,rsi14,rsi15,macd,macd1,macd2,macd3,macd4,macd5,macd6,macd7,macd8,macd9,macd10,macd11,macd12,macd13,macd14,macd15,macdl,macd1l,macd2l,macd3l,macd4l,macd5l,macd6l,macd7l,macd8l,macd9l,macd10l,macd11l,macd12l,macd13l,macd14l,macd15l,macds,macd1s,macd2s,macd3s,macd4s,macd5s,macd6s,macd7s,macd8s,macd9s,macd10s,macd11s,macd12s,macd13s,macd14s,macd15s,macdh,macd1h,macd2h,macd3h,macd4h,macd5h,macd6h,macd7h,macd8h,macd9h,macd10h,macd11h,macd12h,macd13h,macd14h,macd15h,Pred
5305.00375,5312.669166666667,5329.166666666667,5328.223333333333,5307.8983333333335,5323.5825,5327.538333333333,5354.6954166666665,5345.43625,5349.7725,5331.994166666666,5334.541666666667,5349.163333333334,5330.029583333333,5306.465416666667,5268.804318181818,38.216825957266266,43.68685534090268,49.65264375009882,49.67915547055128,42.233296652157065,50.805927892760344,52.82508956116017,62.588409278720924,54.785022628004015,54.981416710861836,44.11463298962775,47.639413353351515,57.79932083684713,41.98318054990589,33.705759608073876,32.022669603652886,2.674266974495403,4.885093722549463,6.611704611304571,4.133439787580624,-0.16014201828379493,1.5578602303784521,1.908341554757001,3.976376978325977,0.3764749297223677,-0.2583853342572193,-2.9856790892312235,-1.4211523284783154,1.3536349788768196,-1.0377178417251565,-3.7863598541659815,-3.631660871405568,-27.943181865688832,-19.93133816476408,-9.018924538240602,-3.738457993181631,-5.474821265954536,-3.0834541933327273,0.15838274107924613,7.010062073477002,6.385638776268327,5.887663965735858,0.11606090226890349,-1.7225241252440355,1.2619337106725652,-0.38021483097827513,-7.791019149440065,-17.408725391663378,-30.617448840184235,-24.816431887313545,-15.630629149545173,-7.8718977807622545,-5.314679247670742,-4.641314423711179,-1.7499588136777549,3.033685095151025,6.00916384654596,6.146049299993078,3.101739991500127,-0.3013717967657201,-0.0917012682042543,0.6575030107468813,-4.004659295274084,-13.777064520257808,2.674266974495403,4.885093722549463,6.611704611304571,4.133439787580624,-0.16014201828379493,1.5578602303784521,1.908341554757001,3.976376978325977,0.3764749297223677,-0.2583853342572193,-2.9856790892312235,-1.4211523284783154,1.3536349788768196,0.6575030107468813,-3.7863598541659815,-3.631660871405568,0
