p1,p2,p3,p4,p5,p6,p7,p8,p9,p10,p11,p12,p13,p14,p15,p16,rsi,rsi1,rsi2,rsi3,rsi4,rsi5,rsi6,rsi7,rsi8,rsi9,rsi10,rsi11,rsi12,rsi13,rsi14,rsi15,macd,macd1,macd2,macd3,macd4,macd5,macd6,macd7,macd8,macd9,macd10,macd11,macd12,macd13,macd14,macd15,macdl,macd1l,macd2l,macd3l,macd4l,macd5l,macd6l,macd7l,macd8l,macd9l,macd10l,macd11l,macd12l,macd13l,macd14l,macd15l,macds,macd1s,macd2s,macd3s,macd4s,macd5s,macd6s,macd7s,macd8s,macd9s,macd10s,macd11s,macd12s,macd13s,macd14s,macd15s,macdh,macd1h,macd2h,macd3h,macd4h,macd5h,macd6h,macd7h,macd8h,macd9h,macd10h,macd11h,macd12h,macd13h,macd14h,macd15h,Pred
7742.82,7726.04875,7725.3675,7720.63875,7728.3575,7725.3462500000005,7729.91375,7722.78125,7707.6175,7692.515,7737.33875,7752.4425,7731.45875,7707.66375,7724.862499999999,7714.469545454545,44.15138617348596,38.01704562443034,40.49429644239359,41.514538448948215,45.409848573931576,45.07016092625481,47.16580790243208,44.23216657055528,40.047641129531726,35.53555370870285,55.47179050191323,56.14252305758019,49.15609949787131,43.14081935975604,50.50759465896226,46.334191845999705,0.07605532862748943,-1.5409447301436021,-2.0082371062156983,-2.3375054246279685,-0.8472564020235893,-0.08283212407832252,0.6741382402386806,0.7027425381240056,-0.8081314027387778,-2.5033314482030056,1.4304158697584137,5.452257855190223,4.260311275584497,0.22386994764549728,0.541660796657716,-0.2434461562584529,-5.567723189627941,-7.73639995251915,-9.180327774783109,-10.780791612795383,-9.861363897261981,-9.185612324122758,-8.22489601954203,-7.744295769029122,-9.472150588193927,-12.186401649168147,-8.338904465326777,-1.8871965602047567,-0.6295619991751664,-4.111417120660917,-3.7092887231319764,-3.6957205834176587,-5.643778518255431,-6.195455222375548,-7.17209066856741,-8.443286188167415,-9.014107495238392,-9.102780200044435,-8.89903425978071,-8.447038307153129,-8.66401918545515,-9.68307020096514,-9.76932033508519,-7.33945441539498,-4.889873274759664,-4.335287068306414,-4.2509495197896925,-3.452274427159206,0.07605532862748943,-1.5409447301436021,-2.0082371062156983,-2.3375054246279685,-0.8472564020235893,-0.08283212407832252,0.6741382402386806,0.7027425381240056,-0.8081314027387778,-2.5033314482030056,1.4304158697584137,5.452257855190223,4.260311275584497,-4.335287068306414,0.541660796657716,-0.2434461562584529,0
