p1,p2,p3,p4,p5,p6,p7,p8,p9,p10,p11,p12,p13,p14,p15,p16,rsi,rsi1,rsi2,rsi3,rsi4,rsi5,rsi6,rsi7,rsi8,rsi9,rsi10,rsi11,rsi12,rsi13,rsi14,rsi15,macd,macd1,macd2,macd3,macd4,macd5,macd6,macd7,macd8,macd9,macd10,macd11,macd12,macd13,macd14,macd15,macdl,macd1l,macd2l,macd3l,macd4l,macd5l,macd6l,macd7l,macd8l,macd9l,macd10l,macd11l,macd12l,macd13l,macd14l,macd15l,macds,macd1s,macd2s,macd3s,macd4s,macd5s,macd6s,macd7s,macd8s,macd9s,macd10s,macd11s,macd12s,macd13s,macd14s,macd15s,macdh,macd1h,macd2h,macd3h,macd4h,macd5h,macd6h,macd7h,macd8h,macd9h,macd10h,macd11h,macd12h,macd13h,macd14h,macd15h,Pred
9884.36875,9885.841250000001,9893.45,9893.265,9893.602499999999,9895.634999999998,9899.56625,9901.01,9897.63,9899.12625,9895.997500000001,9885.64125,9877.151249999999,9866.255000000001,9866.553750000001,9869.5125,47.25315690117437,51.17418288456899,59.32262278987325,57.34580587162172,57.04351891702616,60.011139293960426,63.59291579446607,64.10849930433493,56.93236838926941,59.733958577941124,51.68173120272819,38.41343509633582,33.71756137293944,26.781353843753067,32.794886227020264,39.12066313350165,-0.46021183329697735,-0.7646196409926849,-0.11564930524290973,0.15956687352995802,0.2079507696572116,0.3861379229290891,0.6024023009625998,0.7952062903768939,0.27704668628489193,0.011050189359548934,-0.3704144050636675,-1.7293586509817291,-2.7933003482300722,-3.8695637231031803,-3.81704276856043,-0.8736921343897163,2.1663545108494873,1.4833366075972663,1.9703392676510703,2.3027760379891333,2.450205302161521,2.801126100163856,3.280507142985698,3.8729498967431937,3.569440488284272,3.3157410383428214,2.856605153363489,0.7987130564879408,-1.528259008708119,-4.414076603199646,-6.3521829917863215,-6.1247795492563455,2.6265663441464646,2.247956248589951,2.0859885728939798,2.1432091644591753,2.2422545325043095,2.4149881772347666,2.678104842023098,3.0777436063662997,3.29239380199938,3.3046908489832725,3.2270195584271564,2.52807170746967,1.2650413395219533,-0.5445128800964658,-2.5351402232258917,-5.251087414866629,-0.46021183329697735,-0.7646196409926849,-0.11564930524290973,0.15956687352995802,0.2079507696572116,0.3861379229290891,0.6024023009625998,0.7952062903768939,0.27704668628489193,0.011050189359548934,-0.3704144050636675,-1.7293586509817291,-2.7933003482300722,-0.5445128800964658,-3.81704276856043,-0.8736921343897163,0
