p1,p2,p3,p4,p5,p6,p7,p8,p9,p10,p11,p12,p13,p14,p15,p16,rsi,rsi1,rsi2,rsi3,rsi4,rsi5,rsi6,rsi7,rsi8,rsi9,rsi10,rsi11,rsi12,rsi13,rsi14,rsi15,macd,macd1,macd2,macd3,macd4,macd5,macd6,macd7,macd8,macd9,macd10,macd11,macd12,macd13,macd14,macd15,macdl,macd1l,macd2l,macd3l,macd4l,macd5l,macd6l,macd7l,macd8l,macd9l,macd10l,macd11l,macd12l,macd13l,macd14l,macd15l,macds,macd1s,macd2s,macd3s,macd4s,macd5s,macd6s,macd7s,macd8s,macd9s,macd10s,macd11s,macd12s,macd13s,macd14s,macd15s,macdh,macd1h,macd2h,macd3h,macd4h,macd5h,macd6h,macd7h,macd8h,macd9h,macd10h,macd11h,macd12h,macd13h,macd14h,macd15h,Pred
8874.662499999999,8879.79375,8880.8975,8880.09,8880.493750000001,8864.96,8857.193749999999,8868.61375,8877.76,8884.30125,8901.305,8900.7375,8895.2975,8890.58875,8892.23,8852.987045454545,60.896528649681024,62.66578282075313,62.77804855438874,61.52987878334939,60.53566247019171,41.82292952822057,39.25691398180123,50.28848848964766,56.39008669539031,60.529903192139834,69.41019588190522,65.71999202194706,59.80358451496397,55.905709726310825,55.81707744986506,38.53760306397229,1.0846286657592341,1.7212469281980574,1.779826116181203,1.4121933559618662,0.8560940700477417,-0.9240093559839742,-2.7835888937278317,-1.9291003806357234,-0.3230590628096747,0.9861146528159417,2.741972898908961,3.206334759870555,2.324503669886934,0.8138089585794184,0.0078122810701302114,-4.857921210379728,1.9939991221308446,3.443113768542389,4.41359007313531,4.805561314358783,4.7283561215117516,2.799427164215558,-0.31286309965616965,-0.5812719487048525,0.6699801544318689,2.320988339176438,5.202398394145348,7.263017241585658,7.707467840749814,6.780047422903408,6.081980639070935,-4.1692534583650165,0.9093704563716105,1.7218668403443318,2.633763956954107,3.393367958396917,3.87226205146401,3.7234365201995323,2.470725794071662,1.3478284319308707,0.9930392172415436,1.3348736863604962,2.460425495236387,4.056682481715103,5.382964170862881,5.96623846432399,6.074168358000804,0.6886677520147118,1.0846286657592341,1.7212469281980574,1.779826116181203,1.4121933559618662,0.8560940700477417,-0.9240093559839742,-2.7835888937278317,-1.9291003806357234,-0.3230590628096747,0.9861146528159417,2.741972898908961,3.206334759870555,2.324503669886934,5.96623846432399,0.0078122810701302114,-4.857921210379728,0
