p1,p2,p3,p4,p5,p6,p7,p8,p9,p10,p11,p12,p13,p14,p15,p16,rsi,rsi1,rsi2,rsi3,rsi4,rsi5,rsi6,rsi7,rsi8,rsi9,rsi10,rsi11,rsi12,rsi13,rsi14,rsi15,macd,macd1,macd2,macd3,macd4,macd5,macd6,macd7,macd8,macd9,macd10,macd11,macd12,macd13,macd14,macd15,macdl,macd1l,macd2l,macd3l,macd4l,macd5l,macd6l,macd7l,macd8l,macd9l,macd10l,macd11l,macd12l,macd13l,macd14l,macd15l,macds,macd1s,macd2s,macd3s,macd4s,macd5s,macd6s,macd7s,macd8s,macd9s,macd10s,macd11s,macd12s,macd13s,macd14s,macd15s,macdh,macd1h,macd2h,macd3h,macd4h,macd5h,macd6h,macd7h,macd8h,macd9h,macd10h,macd11h,macd12h,macd13h,macd14h,macd15h,Pred
9898.33125,9900.785,9905.29875,9904.06125,9893.888749999998,9902.810000000001,9916.306250000001,9904.47875,9905.880000000001,9914.2225,9907.48625,9900.285,9891.25,9884.285,9901.71125,9874.120681818182,38.94368579781919,41.758198619123874,47.70588792458403,44.51226215288322,42.00378161179533,48.34333113670479,54.21848453874411,47.448477329441694,49.83051335703904,54.15691869364473,48.16766496426813,45.49100169653614,40.13093069830478,40.35258201152794,48.87735571197218,40.81014279034793,-0.1770018486090521,0.037091032578173255,0.6711696975609347,0.9683519983926958,-0.07463351442542887,0.5903644104634895,2.275463237669453,1.7397209190109497,1.2955214714344405,1.833557310869737,1.2453637391743366,0.07117559396619944,-1.4219909357463187,-2.4796826696604857,-0.7089884010372554,-1.8627003423665258,-6.725297288330694,-6.481610880453445,-5.6524904503367,-4.811835059101213,-5.827857132158897,-5.00237021623343,-2.346013854384182,-1.8793779421275758,-1.669158093655824,-0.28275722642047185,-0.10139806814186159,-1.096032157955051,-3.1331538575323066,-5.397519767499034,-4.164403423166732,-7.969364804714132,-6.548295439721642,-6.518701913031618,-6.323660147897634,-5.780187057493909,-5.753223617733468,-5.59273462669692,-4.6214770920536345,-3.6190988611385255,-2.9646795650902646,-2.116314537290209,-1.3467618073161982,-1.1672077519212505,-1.7111629217859878,-2.9178370978385484,-3.4554150221294764,-6.106664462347607,-0.1770018486090521,0.037091032578173255,0.6711696975609347,0.9683519983926958,-0.07463351442542887,0.5903644104634895,2.275463237669453,1.7397209190109497,1.2955214714344405,1.833557310869737,1.2453637391743366,0.07117559396619944,-1.4219909357463187,-2.9178370978385484,-0.7089884010372554,-1.8627003423665258,0
