p1,p2,p3,p4,p5,p6,p7,p8,p9,p10,p11,p12,p13,p14,p15,p16,rsi,rsi1,rsi2,rsi3,rsi4,rsi5,rsi6,rsi7,rsi8,rsi9,rsi10,rsi11,rsi12,rsi13,rsi14,rsi15,macd,macd1,macd2,macd3,macd4,macd5,macd6,macd7,macd8,macd9,macd10,macd11,macd12,macd13,macd14,macd15,macdl,macd1l,macd2l,macd3l,macd4l,macd5l,macd6l,macd7l,macd8l,macd9l,macd10l,macd11l,macd12l,macd13l,macd14l,macd15l,macds,macd1s,macd2s,macd3s,macd4s,macd5s,macd6s,macd7s,macd8s,macd9s,macd10s,macd11s,macd12s,macd13s,macd14s,macd15s,macdh,macd1h,macd2h,macd3h,macd4h,macd5h,macd6h,macd7h,macd8h,macd9h,macd10h,macd11h,macd12h,macd13h,macd14h,macd15h,Pred
9875.465,9868.58,9881.195,9896.275,9889.5175,9884.283749999999,9886.276249999999,9897.85125,9902.265,9907.953749999999,9914.29125,9907.248749999999,9906.896250000002,9911.537499999999,9920.895,9903.766136363636,61.13446733978886,57.00028614689846,64.58935430771552,70.62731429634536,61.49745425139652,59.43450639870679,59.325306489821784,65.93627067594863,65.68148718280221,68.48887262929932,69.32154372145983,62.355414442013966,60.47250507264795,64.90012233973101,67.70348207583152,51.8247364014317,1.3537789151904907,-0.5495454009237157,-0.37261826616607063,1.1094633256634836,0.5929659187962715,-0.52946210054193,-1.1393559417622203,-0.4094872665527438,0.2229026444051394,0.6749625374731671,1.0415127546248222,0.13015550348529548,-0.8708269758603295,-0.875139563641536,-0.05306183471747872,-2.2884349024168995,12.06543913187943,10.08110497799862,9.985780537146638,11.843568158345079,11.772275852329585,10.491951815210086,9.360564823477034,9.752090047715683,10.473977220422967,11.183528142506475,12.046872888045073,11.340741419340702,10.007264146542184,9.518406415070785,10.246671357997911,5.092608816810256,10.711660216688939,10.630650378922336,10.35839880331271,10.734104832681595,11.179309933533315,11.021413915752017,10.499920765239255,10.161577314268428,10.251074576017828,10.508565605033308,11.00536013342025,11.210585915855408,10.878091122402513,10.393545978712321,10.29973319271539,7.381043719227156,1.3537789151904907,-0.5495454009237157,-0.37261826616607063,1.1094633256634836,0.5929659187962715,-0.52946210054193,-1.1393559417622203,-0.4094872665527438,0.2229026444051394,0.6749625374731671,1.0415127546248222,0.13015550348529548,-0.8708269758603295,10.393545978712321,-0.05306183471747872,-2.2884349024168995,0
