p1,p2,p3,p4,p5,p6,p7,p8,p9,p10,p11,p12,p13,p14,p15,p16,rsi,rsi1,rsi2,rsi3,rsi4,rsi5,rsi6,rsi7,rsi8,rsi9,rsi10,rsi11,rsi12,rsi13,rsi14,rsi15,macd,macd1,macd2,macd3,macd4,macd5,macd6,macd7,macd8,macd9,macd10,macd11,macd12,macd13,macd14,macd15,macdl,macd1l,macd2l,macd3l,macd4l,macd5l,macd6l,macd7l,macd8l,macd9l,macd10l,macd11l,macd12l,macd13l,macd14l,macd15l,macds,macd1s,macd2s,macd3s,macd4s,macd5s,macd6s,macd7s,macd8s,macd9s,macd10s,macd11s,macd12s,macd13s,macd14s,macd15s,macdh,macd1h,macd2h,macd3h,macd4h,macd5h,macd6h,macd7h,macd8h,macd9h,macd10h,macd11h,macd12h,macd13h,macd14h,macd15h,Pred
9818.599999999999,9826.17625,9823.5975,9826.6625,9816.885000000002,9823.92625,9826.1525,9824.4125,9807.970000000001,9795.550000000001,9812.205,9809.24125,9802.81625,9784.635000000002,9785.54125,9781.210454545455,52.5460038645667,55.649253880923105,52.49665061398599,54.503144840314775,49.06043724534406,53.92976729200946,53.15526361503549,52.084711204102035,43.619124915261764,40.36283076053999,49.79509089144524,46.84109083980319,44.34266261649617,36.77895007443391,41.778826376439085,42.67217956387162,-5.633795133067535,-5.115928917124164,-4.577790097249526,-3.863975746174652,-4.036239491504515,-3.1704394481903897,-2.2057601746790514,-1.7852611436392691,-3.011243441952862,-4.532033944942025,-2.9254224452835005,-1.8261214022747927,-1.9326360006639145,-3.1946699195295394,-3.091706925366857,-0.9768145162277688,12.938254122231228,10.769845873677696,9.02924113509198,7.676610839058412,5.558849721484876,4.644067517392614,4.416469452188721,3.925014032294712,1.3958806147202267,-2.2699928013453246,-2.4042005839583,-2.259544081534841,-3.323368140993807,-5.976080868461395,-7.541349529587933,-8.728149527239028,18.572049255298765,15.885774790801861,13.607031232341505,11.540586585233065,9.595089212989391,7.8145069655830035,6.622229626867773,5.710275175933981,4.407124056673089,2.262041143596701,0.5212218613252005,-0.4334226792600485,-1.3907321403298927,-2.7814109489318555,-4.449642604221076,-7.7513350110112595,-5.633795133067535,-5.115928917124164,-4.577790097249526,-3.863975746174652,-4.036239491504515,-3.1704394481903897,-2.2057601746790514,-1.7852611436392691,-3.011243441952862,-4.532033944942025,-2.9254224452835005,-1.8261214022747927,-1.9326360006639145,-2.7814109489318555,-3.091706925366857,-0.9768145162277688,0
