p1,p2,p3,p4,p5,p6,p7,p8,p9,p10,p11,p12,p13,p14,p15,p16,rsi,rsi1,rsi2,rsi3,rsi4,rsi5,rsi6,rsi7,rsi8,rsi9,rsi10,rsi11,rsi12,rsi13,rsi14,rsi15,macd,macd1,macd2,macd3,macd4,macd5,macd6,macd7,macd8,macd9,macd10,macd11,macd12,macd13,macd14,macd15,macdl,macd1l,macd2l,macd3l,macd4l,macd5l,macd6l,macd7l,macd8l,macd9l,macd10l,macd11l,macd12l,macd13l,macd14l,macd15l,macds,macd1s,macd2s,macd3s,macd4s,macd5s,macd6s,macd7s,macd8s,macd9s,macd10s,macd11s,macd12s,macd13s,macd14s,macd15s,macdh,macd1h,macd2h,macd3h,macd4h,macd5h,macd6h,macd7h,macd8h,macd9h,macd10h,macd11h,macd12h,macd13h,macd14h,macd15h,Pred
9152.50125,9148.751250000001,9146.87625,9125.435000000001,9120.34625,9120.8225,9136.116250000001,9134.085,9123.46125,9132.14125,9133.45375,9139.91875,9140.0125,9133.745,9141.76,9146.687727272727,32.500706762171646,35.003077247318856,36.28414527088535,30.71176278353131,30.918673523992968,34.097525200039065,43.2450777906394,42.096818722387006,39.65501192503288,43.995645080029696,45.13687354740489,47.609410074362685,47.7878035489007,45.24966685902085,50.69780461912222,51.768211221525654,-2.1943375277397132,-2.568229840493328,-1.6892899620337802,-2.2974278664205743,-3.0117745603168613,-2.0886680984593653,0.4446521188731367,2.023031612474295,1.5818946761777148,2.366134372576255,2.9567500682849284,3.487805002050888,3.4680910977358854,2.67038772789851,2.931939458309204,2.182723306762961,-13.573399712613536,-15.302495520787488,-15.372879307065887,-16.98583650981982,-19.186828324831367,-19.42884696926467,-17.058308385281634,-14.565467613916553,-14.165028675406575,-12.296201816269786,-10.290548041632974,-8.071901581533893,-6.352902780874501,-5.7208730491183815,-4.0339913945445005,-0.12108050674115392,-11.379062184873824,-12.734265680294161,-13.683589345032107,-14.688408643399246,-16.175053764514505,-17.340178870805303,-17.50296050415477,-16.588499226390848,-15.74692335158429,-14.66233618884604,-13.247298109917903,-11.55970658358478,-9.820993878610388,-8.391260777016893,-6.965930852853704,-2.303803813504115,-2.1943375277397132,-2.568229840493328,-1.6892899620337802,-2.2974278664205743,-3.0117745603168613,-2.0886680984593653,0.4446521188731367,2.023031612474295,1.5818946761777148,2.366134372576255,2.9567500682849284,3.487805002050888,3.4680910977358854,-8.391260777016893,2.931939458309204,2.182723306762961,0
