p1,p2,p3,p4,p5,p6,p7,p8,rsi,rsi1,rsi2,rsi3,rsi4,rsi5,rsi6,rsi7,sto,sto1,sto2,sto3,sto4,sto5,sto6,sto7,macd,macd1,macd2,macd3,macd4,macd5,macd6,macd7,macdl,macd1l,macd2l,macd3l,macd4l,macd5l,macd6l,macd7l,macds,macd1s,macd2s,macd3s,macd4s,macd5s,macd6s,macd7s,stol,sto1l,sto2l,sto3l,sto4l,sto5l,sto6l,sto7l,stos,sto1s,sto2s,sto3s,sto4s,sto5s,sto6s,sto7s,Pred
0.005675458333333334,0.00566575,0.005660666666666666,0.005648708333333333,0.005638416666666667,0.00564375,0.005638375,0.005639583333333333,28.423429853274513,30.980976735176437,36.29403020537036,34.415669159161496,38.13607325195889,44.51649627146799,43.98655018142869,46.10034579541444,11.93825533624493,4.728411330421749,-2.0643359791655023,-14.602330687501164,15.331569098438756,-6.251268953810968,-0.5259833488036184,3.298386911947119,-2.8871583796087062e-06,-1.6603258546832907e-06,2.3784973751877886e-07,1.0062429812400694e-07,-4.796514735437441e-08,1.7646515900966458e-06,1.3217683826373369e-06,1.0925839254012793e-06,-1.0746743845043856e-05,-1.3060097289035113e-05,-1.1723331740085864e-05,-1.1621443740048322e-05,-1.2066864642741043e-05,-8.690564125062345e-06,-6.611660459432921e-06,-4.315165029645244e-06,-7.859585465435149e-06,-1.1399771434351824e-05,-1.1961181477604643e-05,-1.1722068038172327e-05,-1.2018899495386669e-05,-1.0455215715158991e-05,-7.933428842070257e-06,-5.407748955046524e-06,54.82823044985933,81.1897975468238,58.65239784336679,23.195573807110872,74.73113535950472,60.996440690999165,45.832057683704484,54.36014773228739,42.8899751136144,76.46138621640205,60.71673382253229,37.797904494612034,59.399566261065964,67.24770964481013,46.3580410325081,51.06176082034027,1
