p1,p2,p3,p4,p5,p6,p7,p8,rsi,rsi1,rsi2,rsi3,rsi4,rsi5,rsi6,rsi7,sto,sto1,sto2,sto3,sto4,sto5,sto6,sto7,macd,macd1,macd2,macd3,macd4,macd5,macd6,macd7,macdl,macd1l,macd2l,macd3l,macd4l,macd5l,macd6l,macd7l,macds,macd1s,macd2s,macd3s,macd4s,macd5s,macd6s,macd7s,stol,sto1l,sto2l,sto3l,sto4l,sto5l,sto6l,sto7l,stos,sto1s,sto2s,sto3s,sto4s,sto5s,sto6s,sto7s,Pred
0.00036336500000000004,0.00036202,0.000359685,0.000360685,0.00035847499999999997,0.000358525,0.00035949,0.00035804166666666666,27.159942040054126,32.047044832830586,29.611354774263067,40.41648831825707,36.2211955176216,39.99720220853348,45.37045209211568,41.350748740464425,-1.8331597430998836,10.461365917933783,0.2040414214805896,-4.301003019611059,4.819891319323157,6.14777836695451,-14.530820205607437,8.072677892004112,-2.729189239271137e-07,-2.4528791495887687e-07,-2.7283372924631624e-07,9.177948931799876e-08,2.9826935555123386e-08,1.1714473246764477e-07,3.2896565175996036e-07,8.814827834455799e-08,-1.2349738054611607e-06,-1.5509798530048757e-06,-1.8875392847273278e-06,-1.6369886474107248e-06,-1.5909398085096503e-06,-1.4250866382270336e-06,-8.777688691692068e-07,-7.749544841388695e-07,-9.62054881534047e-07,-1.3056919380459988e-06,-1.6147055554810115e-06,-1.7287681367287235e-06,-1.6207667440647737e-06,-1.5422313706946783e-06,-1.206734520929167e-06,-8.631027624834274e-07,31.364739876184252,71.43395583543855,28.60528709027822,78.71248180608887,46.951244648808526,55.96780632158394,60.941466311863394,52.36472170306526,33.19789961928414,60.97258991750478,28.401245668797635,83.01348482569993,42.13135332948537,49.82002795462943,75.47228651747083,44.29204381106114,1
