p1,p2,p3,p4,p5,p6,p7,p8,rsi,rsi1,rsi2,rsi3,rsi4,rsi5,rsi6,rsi7,sto,sto1,sto2,sto3,sto4,sto5,sto6,sto7,macd,macd1,macd2,macd3,macd4,macd5,macd6,macd7,macdl,macd1l,macd2l,macd3l,macd4l,macd5l,macd6l,macd7l,macds,macd1s,macd2s,macd3s,macd4s,macd5s,macd6s,macd7s,stol,sto1l,sto2l,sto3l,sto4l,sto5l,sto6l,sto7l,stos,sto1s,sto2s,sto3s,sto4s,sto5s,sto6s,sto7s,Pred
0.00041291136363636366,0.0004110068181818182,0.0004098931818181818,0.0004102681818181818,0.00040987954545454545,0.0004107772727272727,0.00041101818181818185,0.0004101183333333333,34.52142642951112,36.50830557795088,37.68801462079438,45.91348469803608,44.544552529099676,55.090731603684766,54.614914980676105,44.755687797750596,4.096408718240094,-1.786637750818687,-1.4666005502437756,3.476157167946343,0.5553772071239327,-2.033391458579443,2.3986250679616625,-2.6703683732793992,-4.6221601712972206e-07,-1.2875171927366666e-07,7.229084702018768e-08,1.8557733726804432e-07,6.8110828342578e-08,1.350678174299673e-07,3.5789311070027814e-08,-1.3366757432779195e-07,-4.7341149901118077e-07,-1.3037778103710698e-06,-9.856553630270056e-07,-5.287479006440552e-07,-2.898669735288214e-07,3.609619166993287e-08,1.7993614276345445e-07,-3.849058030426092e-08,-1.1195481881458725e-08,-1.175026091097403e-06,-1.0579462100471935e-06,-7.143252379120994e-07,-3.579778018713994e-07,-9.897162576003442e-08,1.4414683169342664e-07,9.517699402353104e-08,28.412692121681477,81.5766111550441,31.27081552709298,73.42482634107947,38.849423557808066,69.75450264417822,47.815189047162164,31.663858732707066,24.316283403441382,83.3632489058628,32.73741607733676,69.94866917313313,38.294046350684134,71.78789410275766,45.4165639792005,34.334227105986464,1
