p1,p2,p3,p4,p5,p6,p7,p8,rsi,rsi1,rsi2,rsi3,rsi4,rsi5,rsi6,rsi7,sto,sto1,sto2,sto3,sto4,sto5,sto6,sto7,macd,macd1,macd2,macd3,macd4,macd5,macd6,macd7,macdl,macd1l,macd2l,macd3l,macd4l,macd5l,macd6l,macd7l,macds,macd1s,macd2s,macd3s,macd4s,macd5s,macd6s,macd7s,stol,sto1l,sto2l,sto3l,sto4l,sto5l,sto6l,sto7l,stos,sto1s,sto2s,sto3s,sto4s,sto5s,sto6s,sto7s,Pred
0.0004398875,0.00043928749999999996,0.0004402125,0.00044077499999999997,0.0004395625,0.00044018750000000004,0.0004396625,0.00043784285714285715,31.75445810276698,36.94261942435457,43.81692513032438,47.57332073170627,44.034945350882296,47.957019937861475,44.698601324831394,40.20750003968027,-8.095474592661912,24.999999999999996,-17.31846654046374,-0.6140319520151571,6.82818294356442,8.223085082331053,-22.118769533416636,2.111937203366693,-5.879171116888036e-07,-4.887916642365188e-07,-2.4150144219287097e-08,1.8997436932584862e-07,9.613372700522764e-08,1.4115606443514961e-07,1.3307481209071312e-07,-1.437553922719818e-07,-8.947604620168393e-07,-1.389751355906579e-06,-1.07799792509998e-06,-7.53418642246694e-07,-7.098746053151825e-07,-5.573685323213742e-07,-3.824876202215556e-07,-7.500453611179562e-07,-3.0684335032803563e-07,-9.009596916700602e-07,-1.0538477808806928e-06,-9.433930115725427e-07,-8.060083323204102e-07,-6.985245967565238e-07,-5.155624323122687e-07,-6.062899688459744e-07,13.565790163462204,75.0,43.25806519042722,66.05534109732463,35.33735356917263,76.9543882387055,36.54474318659964,34.50746944826071,21.661264756124115,50.0,60.576531730890956,66.66937304933978,28.509170625608206,68.73130315637445,58.66351272001628,32.395532244894014,1
