p1,p2,p3,p4,p5,p6,p7,p8,rsi,rsi1,rsi2,rsi3,rsi4,rsi5,rsi6,rsi7,sto,sto1,sto2,sto3,sto4,sto5,sto6,sto7,macd,macd1,macd2,macd3,macd4,macd5,macd6,macd7,macdl,macd1l,macd2l,macd3l,macd4l,macd5l,macd6l,macd7l,macds,macd1s,macd2s,macd3s,macd4s,macd5s,macd6s,macd7s,stol,sto1l,sto2l,sto3l,sto4l,sto5l,sto6l,sto7l,stos,sto1s,sto2s,sto3s,sto4s,sto5s,sto6s,sto7s,Pred
0.00044714166666666666,0.000442925,0.00044234166666666665,0.00043961666666666663,0.0004405833333333333,0.0004418166666666666,0.0004410416666666667,0.00043797777777777777,35.31876308640472,24.392934629109497,33.668597133245626,28.587256906238178,33.84090172928124,40.831525686205985,39.03357103696926,33.46543546640769,-2.260949526869711,11.09410116360157,3.983714548562323,-24.880099795973674,33.33333333333334,-3.3972779254603487,-25.22233079618666,7.664498014710819,-5.1662640233391566e-08,-4.175946741714899e-07,-4.963829273411143e-07,-5.553908144967357e-07,-2.887838406625121e-07,1.502147253104056e-07,2.71286592203721e-07,-4.10340953285186e-08,-8.503959293738612e-07,-1.405210470535662e-06,-1.8620443264311512e-06,-2.3340645271073754e-06,-2.3749597270098966e-06,-1.922420412086577e-06,-1.6111956407526891e-06,-1.8379248684014096e-06,-7.987332891404696e-07,-9.87615796364172e-07,-1.365661399090037e-06,-1.7786737126106398e-06,-2.0861758863473847e-06,-2.0726351373969825e-06,-1.8824822329564102e-06,-1.796890773072891e-06,61.73107355204628,31.344577871117057,83.0935329252807,0.0,66.66666666666667,91.26275499921002,14.14117383505895,44.80642345073759,63.992023078916,20.25047670751549,79.10981837671838,24.880099795973674,33.33333333333332,94.66003292467038,39.36350463124561,37.141925436026774,1
