p1,p2,p3,p4,p5,p6,p7,p8,rsi,rsi1,rsi2,rsi3,rsi4,rsi5,rsi6,rsi7,sto,sto1,sto2,sto3,sto4,sto5,sto6,sto7,macd,macd1,macd2,macd3,macd4,macd5,macd6,macd7,macdl,macd1l,macd2l,macd3l,macd4l,macd5l,macd6l,macd7l,macds,macd1s,macd2s,macd3s,macd4s,macd5s,macd6s,macd7s,stol,sto1l,sto2l,sto3l,sto4l,sto5l,sto6l,sto7l,stos,sto1s,sto2s,sto3s,sto4s,sto5s,sto6s,sto7s,Pred
0.000418675,0.00041637,0.00041686,0.00041847,0.000418315,0.000416865,0.00041628499999999996,0.0004153520833333333,38.47368838112861,28.594437036105013,36.945744405239104,53.96470116500693,50.84508368627239,40.43012897036451,39.814333547006626,37.167492861385796,-4.314837929241078,16.040038890786185,0.6009609581612892,-4.894451205111314,-14.098377381261727,6.086119202771133,13.913880797228883,-1.9478858706566462,-1.598551022405497e-07,-3.817587556367121e-07,-1.4213300815875628e-07,2.3849951626435413e-07,2.2180682164681758e-07,-4.5244975513063375e-08,-1.3938682952693982e-07,-8.211488713127734e-08,-1.8725660306261094e-07,-8.082223006491063e-07,-8.967356337907665e-07,-3.964398777626336e-07,-8.78168968961924e-08,-2.578850517658514e-07,-5.289094266144487e-07,-6.172098487037417e-07,-2.7401500822061234e-08,-4.264635450123941e-07,-7.546026256320102e-07,-6.349393940269877e-07,-3.0962371854301e-07,-2.1264007625278802e-07,-3.8952259708750894e-07,-5.350949615724644e-07,28.346749434515765,55.17560288463531,92.33417529048792,89.72547020356406,11.874568446913244,31.104671778024645,67.79759135537473,38.043176184853834,32.661587363756844,39.135563993849125,91.73321433232663,94.61992140867537,25.97294582817497,25.018552575253512,53.88371055814585,39.99106205551048,1
