p1,p2,p3,p4,p5,p6,p7,p8,rsi,rsi1,rsi2,rsi3,rsi4,rsi5,rsi6,rsi7,sto,sto1,sto2,sto3,sto4,sto5,sto6,sto7,macd,macd1,macd2,macd3,macd4,macd5,macd6,macd7,macdl,macd1l,macd2l,macd3l,macd4l,macd5l,macd6l,macd7l,macds,macd1s,macd2s,macd3s,macd4s,macd5s,macd6s,macd7s,stol,sto1l,sto2l,sto3l,sto4l,sto5l,sto6l,sto7l,stos,sto1s,sto2s,sto3s,sto4s,sto5s,sto6s,sto7s,Pred
0.0004374333333333333,0.0004346833333333333,0.00043245833333333336,0.000431425,0.00043055,0.00042894166666666665,0.0004303916666666667,0.00042698214285714285,26.447798172529954,21.907547081266745,20.36620235770182,23.410314857900534,24.918204566678998,25.72388261464829,36.443304014257386,34.695270980759226,-2.0138022284054475,17.152438681846046,-17.152438681846025,26.188709431729933,-10.866801892317113,6.900314682809431,8.60223219606712,0.035922702516259876,-3.103290559006419e-07,-6.843149982311254e-07,-7.331895567569768e-07,-6.780325920330587e-07,-3.9587492153046864e-07,-2.9528574229492115e-07,8.159026910599426e-08,1.1025018429688993e-08,-8.556194844074202e-07,-1.672860085967632e-06,-2.2450585920843666e-06,-2.7472313385891014e-06,-2.8228071489934383e-06,-2.976111446947105e-06,-2.63312245135917e-06,-2.587693985867128e-06,-5.452904285067782e-07,-9.885450877365067e-07,-1.5118690353273898e-06,-2.0691987465560427e-06,-2.4269322274629697e-06,-2.680825704652184e-06,-2.7147127204651642e-06,-2.5987190042968166e-06,0.0,32.11959706903343,33.333333333333336,62.47909327512313,59.547160535040724,33.333333333333336,91.95316184817474,44.71477834799529,2.0138022284054475,14.967158387187387,50.48577201517936,36.290383843393194,70.41396242735784,26.433018650523906,83.35092965210762,44.67885564547903,1
