p1,p2,p3,p4,p5,p6,p7,p8,rsi,rsi1,rsi2,rsi3,rsi4,rsi5,rsi6,rsi7,sto,sto1,sto2,sto3,sto4,sto5,sto6,sto7,macd,macd1,macd2,macd3,macd4,macd5,macd6,macd7,macdl,macd1l,macd2l,macd3l,macd4l,macd5l,macd6l,macd7l,macds,macd1s,macd2s,macd3s,macd4s,macd5s,macd6s,macd7s,stol,sto1l,sto2l,sto3l,sto4l,sto5l,sto6l,sto7l,stos,sto1s,sto2s,sto3s,sto4s,sto5s,sto6s,sto7s,Pred
0.0003428375,0.00034209375,0.00034173125000000004,0.0003406875,0.00034104375,0.00034015,0.0003405,0.0003386,26.312405451956884,28.18354318648757,30.831997188088508,30.943267386360223,38.48892354556106,36.9643394070709,44.25925450308526,38.194313469262696,13.174443340902853,3.1244931769478423,-20.17684065498348,17.384315692981946,2.8681312171325644,-2.167846115116742,5.571646686444694,-7.429927226646756,-2.1574035257995677e-07,-2.0259218416050395e-07,-6.233878917229986e-08,-7.287233567846989e-08,8.319612459424864e-08,8.098153255566889e-08,1.3798876792222825e-07,-1.9600924778373066e-08,-1.0792946034817271e-06,-1.288129069775977e-06,-1.2479917538322935e-06,-1.3377612448439935e-06,-1.165337465958125e-06,-1.063947437622876e-06,-9.170213262253365e-07,-9.898166503301102e-07,-8.635542509017704e-07,-1.085536885615473e-06,-1.1856529646599937e-06,-1.2648889091655236e-06,-1.2485335905523738e-06,-1.144928970178545e-06,-1.0550100941475648e-06,-9.702157255517372e-07,30.188299989779644,57.81872501117634,49.320223290583016,70.30096650685243,90.04789167939546,59.46997004262796,98.82959001387098,36.12209810115345,17.01385664887679,54.6942318342285,69.4970639455665,52.91665081387049,87.1797604622629,61.63781615774471,93.25794332742629,43.5520253278002,1
