p1,p2,p3,p4,p5,p6,p7,p8,rsi,rsi1,rsi2,rsi3,rsi4,rsi5,rsi6,rsi7,sto,sto1,sto2,sto3,sto4,sto5,sto6,sto7,macd,macd1,macd2,macd3,macd4,macd5,macd6,macd7,macdl,macd1l,macd2l,macd3l,macd4l,macd5l,macd6l,macd7l,macds,macd1s,macd2s,macd3s,macd4s,macd5s,macd6s,macd7s,stol,sto1l,sto2l,sto3l,sto4l,sto5l,sto6l,sto7l,stos,sto1s,sto2s,sto3s,sto4s,sto5s,sto6s,sto7s,Pred
2.59825e-05,2.586267857142857e-05,2.5869642857142857e-05,2.592464285714286e-05,2.593875e-05,2.5893214285714286e-05,2.5811785714285715e-05,2.5731125e-05,29.084016520138206,30.349293977932643,42.5566409117839,52.701797782037794,50.71623617932308,45.42433588912149,39.098809644626314,42.7580369846498,5.750158257066139,-0.04462249922162404,0.04462249922163464,-4.840677730838144,-2.1724100035760565,-0.12976940844294702,5.4136589391245725e-15,3.4181796498518193,-2.5464576966649237e-08,1.083948028308942e-08,1.6517043895102433e-08,1.2010639984925754e-08,3.1926101105142875e-10,-3.6916452577819943e-09,-6.1717006586309815e-09,2.4268659512222105e-09,-1.5115193610295747e-07,-1.0384768705827356e-07,-4.821661155250159e-08,-2.0978382242142182e-09,9.500982949976896e-09,-8.983756163721016e-09,-2.426138343094629e-08,-3.3465784437299044e-08,-1.2568735913630823e-07,-1.1468716734136297e-07,-6.473365544760402e-08,-1.4108478209139972e-08,9.181721938925467e-09,-5.292110905939022e-09,-1.8089682772315307e-08,-3.589265038852126e-08,64.57869388644257,44.046148194417704,69.86823323877013,49.71994207172671,43.433431390655294,51.89611460200543,34.13939193766478,65.04337159370826,58.828535629376425,44.09077069363933,69.8236107395485,54.56061980256486,45.60584139423135,52.02588401044838,34.13939193766478,61.625191943856436,1
