p1,p2,p3,p4,p5,p6,p7,p8,rsi,rsi1,rsi2,rsi3,rsi4,rsi5,rsi6,rsi7,sto,sto1,sto2,sto3,sto4,sto5,sto6,sto7,macd,macd1,macd2,macd3,macd4,macd5,macd6,macd7,macdl,macd1l,macd2l,macd3l,macd4l,macd5l,macd6l,macd7l,macds,macd1s,macd2s,macd3s,macd4s,macd5s,macd6s,macd7s,stol,sto1l,sto2l,sto3l,sto4l,sto5l,sto6l,sto7l,stos,sto1s,sto2s,sto3s,sto4s,sto5s,sto6s,sto7s,Pred
2.6949e-05,2.69195e-05,2.69395e-05,2.6909e-05,2.6874e-05,2.6872e-05,2.6829499999999998e-05,2.6927916666666667e-05,38.72273889559601,40.554085986281706,43.47148572870253,41.23659190190646,40.298805194006334,44.10435275265868,41.243431169640985,53.8300512920641,7.979148647690726,-3.2584246005125195,-3.4029969254942856,-13.338578473993183,9.038541631917184,7.107866763543494,-15.883510857442335,2.8638462487070764,1.4373475535200252e-09,6.757277581303683e-09,1.2781033660235988e-08,9.698659267666273e-09,3.375410149037831e-09,4.546222997873278e-09,2.402764625965809e-09,1.213665371791272e-08,-8.627499118729688e-08,-7.425722259317394e-08,-5.4779804589951223e-08,-4.2983937479442756e-08,-4.284148962244221e-08,-3.740506952858126e-08,-3.412762868702291e-08,-4.6688198755034945e-09,-8.77123387408169e-08,-8.101450017447763e-08,-6.756083825018721e-08,-5.2682596747109026e-08,-4.621689977148004e-08,-4.195129252645453e-08,-3.653039331298872e-08,-1.6805473593416217e-08,64.39377904940736,54.77049634162692,71.31543559348752,29.487968824721733,57.75958581212426,80.34661541261883,10.262273103789557,70.736354394048,56.41463040171663,58.028920942139436,74.71843251898181,42.826547298714914,48.721044180207066,73.23874864907535,26.145783961231892,67.87250814534093,1
