p1,p2,p3,p4,p5,p6,p7,p8,rsi,rsi1,rsi2,rsi3,rsi4,rsi5,rsi6,rsi7,sto,sto1,sto2,sto3,sto4,sto5,sto6,sto7,macd,macd1,macd2,macd3,macd4,macd5,macd6,macd7,macdl,macd1l,macd2l,macd3l,macd4l,macd5l,macd6l,macd7l,macds,macd1s,macd2s,macd3s,macd4s,macd5s,macd6s,macd7s,stol,sto1l,sto2l,sto3l,sto4l,sto5l,sto6l,sto7l,stos,sto1s,sto2s,sto3s,sto4s,sto5s,sto6s,sto7s,Pred
0.005790125,0.005757625,0.0057652187499999995,0.0057484375,0.00573984375,0.00572375,0.00571340625,0.005725187499999999,19.45654018357654,27.990990856133624,37.503429532149084,37.36742299197856,40.77782117629054,38.71080674422679,40.05625263284276,48.6507283543303,0.6199677014964401,10.715986244310386,-0.9719692226327412,-3.082384294689026,-6.613520766703586,11.831920338218424,-9.746522663966704,-2.319518400006966,-7.320623782231937e-06,-2.517716136052758e-06,5.801960026836327e-06,3.5417010917447132e-06,2.4426264918721854e-06,8.930220161466949e-07,8.247807356677034e-07,2.789299456317049e-06,-3.333197324279381e-05,-4.15819521704117e-05,-2.6766793281411596e-05,-1.8548472289239577e-05,-1.5134955583070986e-05,-1.3666662848529389e-05,-1.1701319484095892e-05,-5.9971801834490975e-06,-2.601134946056187e-05,-3.906423603435894e-05,-3.2568753308247924e-05,-2.209017338098429e-05,-1.757758207494317e-05,-1.4559684864676083e-05,-1.2526100219763595e-05,-8.786479639766146e-06,6.056368278827349,87.2088409611386,63.95252316180427,36.28540417955441,61.903404758287884,65.04484226293272,37.086195763952965,63.25798817333881,5.436400577330908,76.49285471682822,64.92449238443702,39.36778847424343,68.51692552499146,53.212921924714294,46.832718427919666,65.57750657334577,1
