p1,p2,p3,p4,p5,p6,p7,p8,rsi,rsi1,rsi2,rsi3,rsi4,rsi5,rsi6,rsi7,sto,sto1,sto2,sto3,sto4,sto5,sto6,sto7,macd,macd1,macd2,macd3,macd4,macd5,macd6,macd7,macdl,macd1l,macd2l,macd3l,macd4l,macd5l,macd6l,macd7l,macds,macd1s,macd2s,macd3s,macd4s,macd5s,macd6s,macd7s,stol,sto1l,sto2l,sto3l,sto4l,sto5l,sto6l,sto7l,stos,sto1s,sto2s,sto3s,sto4s,sto5s,sto6s,sto7s,Pred
2.684785714285714e-05,2.6942857142857143e-05,2.6960357142857144e-05,2.6925e-05,2.6881428571428572e-05,2.677142857142857e-05,2.676607142857143e-05,2.682807692307692e-05,36.263492689620335,49.30290962512215,50.13781253884829,47.961737799637824,42.467982458851516,37.06637351226779,41.17048914202961,51.3282416200683,2.1175527779803636,-1.2439167755959804,-10.397445526193922,11.664753862913102,-11.664753862913098,3.9837997541346075,10.301914531579683,-4.920723798521587,5.652803412461966e-09,2.5840007178609312e-08,1.883734284788673e-08,3.3164837137207187e-09,-1.958810418938561e-09,-1.2967249278127159e-08,-2.0051748772365073e-09,1.149789699356174e-08,-9.698547687590768e-08,-4.4084632260776446e-08,-1.063106766785381e-08,-1.1760259915182114e-08,-1.3592705926906506e-08,-4.28556662845672e-08,-4.367871225771591e-08,-1.3901535015993569e-08,-1.0263828028836965e-07,-6.992463943938575e-08,-2.946841051574054e-08,-1.5076743628902833e-08,-1.1633895507967945e-08,-2.9888417006440044e-08,-4.1673537380479406e-08,-2.539943200955531e-08,75.91175667119964,73.89383384728748,49.856720237587886,71.63376535453563,12.343862073057785,56.0904852952822,69.46966762848561,69.41697961014275,73.79420389321928,75.13775062288346,60.25416576378181,59.96901149162253,24.008615935970884,52.10668554114759,59.16775309690593,74.33770340866434,1
