p1,p2,p3,p4,p5,p6,p7,p8,rsi,rsi1,rsi2,rsi3,rsi4,rsi5,rsi6,rsi7,sto,sto1,sto2,sto3,sto4,sto5,sto6,sto7,macd,macd1,macd2,macd3,macd4,macd5,macd6,macd7,macdl,macd1l,macd2l,macd3l,macd4l,macd5l,macd6l,macd7l,macds,macd1s,macd2s,macd3s,macd4s,macd5s,macd6s,macd7s,stol,sto1l,sto2l,sto3l,sto4l,sto5l,sto6l,sto7l,stos,sto1s,sto2s,sto3s,sto4s,sto5s,sto6s,sto7s,Pred
2.6694999999999998e-05,2.66875e-05,2.6599166666666668e-05,2.656083333333333e-05,2.6555833333333334e-05,2.651e-05,2.6644166666666668e-05,2.66875e-05,29.26132297914582,31.113223792054807,27.064548553940035,26.05918447072006,27.577759708884813,27.32393097046172,47.459190266581444,50.83095330075212,23.346796308247644,-11.666259579821459,-18.83422934368323,27.006952801404726,-15.89584169029366,10.564107995797029,11.658114226425155,-1.460560067951317e-14,-1.4321535829892445e-08,-1.5122978866854837e-09,1.5347906071577688e-10,8.451536600479492e-10,7.273187550636907e-09,7.112955156607446e-09,2.280274498308609e-08,2.9918462632460733e-08,-1.3986688108216393e-07,-1.3140669229495463e-07,-1.2942765887096318e-07,-1.28627058872788e-07,-1.1805593124725721e-07,-1.1289979041616814e-07,-8.539791556579283e-08,-3.0571897647769586e-08,-1.2554534525227146e-07,-1.2989439440826915e-07,-1.2958113793167896e-07,-1.2947221253283596e-07,-1.253291187978941e-07,-1.2001274557277557e-07,-1.0820066054887891e-07,-6.049036028023032e-08,92.59206509250205,77.1607456935367,0.0,47.68752507088092,66.66666666666667,61.6706250791114,100.0,60.4414212858626,69.24526878425442,88.82700527335815,18.83422934368323,20.680572269476194,82.56250835696032,51.10651708331437,88.34188577357484,60.44142128586262,1
