p1,p2,p3,p4,p5,p6,p7,p8,rsi,rsi1,rsi2,rsi3,rsi4,rsi5,rsi6,rsi7,sto,sto1,sto2,sto3,sto4,sto5,sto6,sto7,macd,macd1,macd2,macd3,macd4,macd5,macd6,macd7,macdl,macd1l,macd2l,macd3l,macd4l,macd5l,macd6l,macd7l,macds,macd1s,macd2s,macd3s,macd4s,macd5s,macd6s,macd7s,stol,sto1l,sto2l,sto3l,sto4l,sto5l,sto6l,sto7l,stos,sto1s,sto2s,sto3s,sto4s,sto5s,sto6s,sto7s,Pred
2.470181818181818e-05,2.4592272727272726e-05,2.4532272727272726e-05,2.4485909090909092e-05,2.432363636363636e-05,2.4335454545454546e-05,2.4357272727272726e-05,2.427267857142857e-05,36.25004942863488,40.28331961328095,41.29036755796056,42.90465511784333,37.66462140785707,46.31836023569914,48.65957779392137,42.06249386028733,-4.790780566867342e-15,8.248043780336406,-3.1452672091563065,-3.0714428903879796,0.228960684789279,5.9957278763053505,-6.370142028680759,4.633609484088539,-2.1005682288055263e-08,-7.62446726706374e-09,3.427436659753293e-09,5.41798436774905e-09,-8.61028338294367e-09,9.908343463062467e-09,9.253817724608485e-09,-4.96434215870462e-09,-4.2418601487451195e-08,-6.550898878118491e-08,-5.472571269460697e-08,-4.3313960804201694e-08,-6.159018409317614e-08,-4.568644852013682e-08,-1.1022964777365992e-08,-2.3639858836307303e-08,-2.1412919199395932e-08,-5.788452151412118e-08,-5.8153149354360266e-08,-4.873194517195075e-08,-5.297990071023247e-08,-5.559479198319929e-08,-2.0276782501974475e-08,-1.8675516677602683e-08,47.72877833277252,60.376767013196016,37.73781081916641,55.061076517149196,39.6233892855223,78.38039998016208,42.12729288692475,40.97495059022034,47.72877833277252,52.12872323285961,40.88307802832272,58.13251940753718,39.39442860073302,72.38467210385673,48.49743491560551,36.3413411061318,1
