p1,p2,p3,p4,p5,p6,p7,p8,rsi,rsi1,rsi2,rsi3,rsi4,rsi5,rsi6,rsi7,sto,sto1,sto2,sto3,sto4,sto5,sto6,sto7,macd,macd1,macd2,macd3,macd4,macd5,macd6,macd7,macdl,macd1l,macd2l,macd3l,macd4l,macd5l,macd6l,macd7l,macds,macd1s,macd2s,macd3s,macd4s,macd5s,macd6s,macd7s,stol,sto1l,sto2l,sto3l,sto4l,sto5l,sto6l,sto7l,stos,sto1s,sto2s,sto3s,sto4s,sto5s,sto6s,sto7s,Pred
2.6770208333333335e-05,2.66975e-05,2.6583541666666666e-05,2.645e-05,2.6515e-05,2.6253958333333335e-05,2.6134375e-05,2.6106964285714283e-05,32.95281972453803,41.99542430680304,42.01943058728791,38.64302483753652,49.57977498926742,38.11444032839766,41.1197572393323,43.76487646303167,3.7308142118061203,-0.15290602648363638,-2.090772110957105,3.644405053199484,-3.68685422906462,1.139521601770522,2.527959964815927,-1.4732662911851595,-9.538871043234958e-09,9.357871618315892e-09,6.089772489326067e-09,-2.9126130051602683e-09,1.676184693267836e-08,-1.7375478192784757e-08,-1.2480659097327533e-10,6.452653905968717e-09,-1.0743992858097117e-07,-9.530058961503946e-08,-6.967289507438472e-08,-6.768447260988808e-08,-3.4001678032642776e-08,-6.4577361371837e-08,-8.835144072784853e-08,-4.624655661204693e-08,-9.790105753773621e-08,-1.0465846123335535e-07,-7.576266756371079e-08,-6.477185960472781e-08,-5.0763524965321136e-08,-4.7201883179052244e-08,-8.822663413687525e-08,-5.2699210518015647e-08,40.02327712499233,68.29699084036847,47.212959505812876,38.107314626656354,70.51407884520346,22.921471692917354,63.77574011992724,33.850304282131155,36.29246291318621,68.4498968668521,49.30373161676999,34.46290957345687,74.20093307426808,21.781950091146832,61.247780155111315,35.32357057331631,1
