p1,p2,p3,p4,p5,p6,p7,p8,rsi,rsi1,rsi2,rsi3,rsi4,rsi5,rsi6,rsi7,sto,sto1,sto2,sto3,sto4,sto5,sto6,sto7,macd,macd1,macd2,macd3,macd4,macd5,macd6,macd7,macdl,macd1l,macd2l,macd3l,macd4l,macd5l,macd6l,macd7l,macds,macd1s,macd2s,macd3s,macd4s,macd5s,macd6s,macd7s,stol,sto1l,sto2l,sto3l,sto4l,sto5l,sto6l,sto7l,stos,sto1s,sto2s,sto3s,sto4s,sto5s,sto6s,sto7s,Pred
2.7715e-05,2.7624374999999998e-05,2.75375e-05,2.7488125e-05,2.744375e-05,2.7513125e-05,2.7350625e-05,2.73796875e-05,33.92295141949806,30.430614641622796,32.868582365986185,33.2371623929942,35.528016846306286,41.78782905123204,33.821794910507364,41.68120780941904,10.203789050566215,-10.20378905056622,24.999999999999996,-21.72090183950199,21.720901839501977,-16.84640650189943,0.9719942239991624,6.265608442562095,-3.7050128555345266e-08,-3.224070589909038e-08,-2.5701250373089247e-08,-1.098814527940551e-08,-4.705476051659482e-09,1.4285687682221378e-08,1.7780403111872595e-09,8.560639681621296e-09,-6.00280740806073e-08,-8.88091951458992e-08,-1.128660127711449e-07,-1.1234976466384033e-07,-1.143951870044424e-07,-8.72898049926852e-08,-9.235888192988757e-08,-7.615073565875989e-08,-2.2977945525262033e-08,-5.6568489246808825e-08,-8.716476239805565e-08,-1.0136161938443482e-07,-1.0968971095278292e-07,-1.0157549267490658e-07,-9.413692224107483e-08,-8.471137534038118e-08,39.52234172419058,11.94183866914178,75.0,26.98523293543469,77.51798436168974,69.57953804597956,21.07408412251653,74.94832133291696,29.318552673624367,22.145627719708003,50.0,48.70613477493668,55.79708252218776,86.42594454787898,20.102089898517367,68.68271289035486,1
