p1,p2,p3,p4,p5,p6,p7,p8,rsi,rsi1,rsi2,rsi3,rsi4,rsi5,rsi6,rsi7,sto,sto1,sto2,sto3,sto4,sto5,sto6,sto7,macd,macd1,macd2,macd3,macd4,macd5,macd6,macd7,macdl,macd1l,macd2l,macd3l,macd4l,macd5l,macd6l,macd7l,macds,macd1s,macd2s,macd3s,macd4s,macd5s,macd6s,macd7s,stol,sto1l,sto2l,sto3l,sto4l,sto5l,sto6l,sto7l,stos,sto1s,sto2s,sto3s,sto4s,sto5s,sto6s,sto7s,Pred
2.6503888888888887e-05,2.6405833333333334e-05,2.641888888888889e-05,2.6412777777777778e-05,2.6401111111111113e-05,2.6420833333333333e-05,2.6417222222222223e-05,2.6326153846153846e-05,34.38441691904199,34.76290783793375,44.064275180696036,44.75397390718226,46.213712230151636,49.50814584290111,50.070779227909156,41.604182357094174,-0.9246382191087036,2.876342011817544,0.5991332804248727,5.556616792757156,0.2541446213579661,-8.091432961919057,-1.194803744438377,5.128205128205152,-1.0351737578495681e-08,-7.186688054451635e-09,9.352875445089325e-09,8.501387045668134e-09,2.9146769355499008e-09,5.372925467271139e-09,2.10862292044232e-09,-6.687678760763646e-09,-4.8027437575146635e-08,-6.776948439676454e-08,-5.039815643738708e-08,-2.068022129697933e-08,-1.8771476127654462e-08,-5.083918466592637e-09,-2.9566823161840373e-09,-2.0605287889600244e-08,-3.7675699996650954e-08,-6.05827963423129e-08,-5.97510318824764e-08,-2.9181608342647466e-08,-2.1686153063204363e-08,-1.0456843933863776e-08,-5.065305236626357e-09,-1.3917609128836599e-08,24.694201021276616,44.97254873302702,63.13153682975968,42.31694322741719,66.22372913078256,54.45849983721565,47.27271759294739,41.772778895451225,25.618839240385316,42.09620672120948,62.53240354933481,36.76032643466004,65.96958450942459,62.5499327991347,48.46752133738576,36.64457376724607,1
