p1,p2,p3,p4,p5,p6,p7,p8,rsi,rsi1,rsi2,rsi3,rsi4,rsi5,rsi6,rsi7,sto,sto1,sto2,sto3,sto4,sto5,sto6,sto7,macd,macd1,macd2,macd3,macd4,macd5,macd6,macd7,macdl,macd1l,macd2l,macd3l,macd4l,macd5l,macd6l,macd7l,macds,macd1s,macd2s,macd3s,macd4s,macd5s,macd6s,macd7s,stol,sto1l,sto2l,sto3l,sto4l,sto5l,sto6l,sto7l,stos,sto1s,sto2s,sto3s,sto4s,sto5s,sto6s,sto7s,Pred
2.6885e-05,2.6840357142857142e-05,2.683857142857143e-05,2.668642857142857e-05,2.6622142857142857e-05,2.6568214285714285e-05,2.659214285714286e-05,2.6535892857142857e-05,28.825023890817,33.88836523603351,41.20686211762598,31.205336698235325,33.579725618169974,37.59323964904647,43.583333555034955,39.306375042681424,8.613430894089271,-9.70811861813686,1.1452261361397227,7.455643392273688,-9.307972231174295,3.941191531844563,8.300851285560045,-1.1853121738846515,-1.920380022623148e-08,-1.2140499393851238e-08,3.2592587157134544e-09,-7.20967377195602e-09,-5.405925854539401e-09,8.450482456822596e-10,1.2176026838668218e-08,2.736035798526928e-09,-3.739654434773293e-08,-6.350027419410343e-08,-5.347747325327988e-08,-6.40831090659994e-08,-7.617179958306793e-08,-7.601346997778109e-08,-4.879082955024077e-08,-3.2738746158610345e-08,-1.8192744121501457e-08,-5.135977480025219e-08,-5.673673196899334e-08,-5.687343529404337e-08,-7.076587372852853e-08,-7.685851822346334e-08,-6.096685638890898e-08,-3.5474781957137276e-08,23.08944506315656,62.37221844696951,61.456151492112234,17.277698441610948,48.53818426201438,62.76003035121884,65.35081684782945,33.765851005325175,14.47601416906729,72.08033706510636,60.310925355972515,9.822055049337262,57.84615649318868,58.81883881937428,57.0499655622694,34.95116317920983,1
