p1,p2,p3,p4,p5,p6,p7,p8,rsi,rsi1,rsi2,rsi3,rsi4,rsi5,rsi6,rsi7,sto,sto1,sto2,sto3,sto4,sto5,sto6,sto7,macd,macd1,macd2,macd3,macd4,macd5,macd6,macd7,macdl,macd1l,macd2l,macd3l,macd4l,macd5l,macd6l,macd7l,macds,macd1s,macd2s,macd3s,macd4s,macd5s,macd6s,macd7s,stol,sto1l,sto2l,sto3l,sto4l,sto5l,sto6l,sto7l,stos,sto1s,sto2s,sto3s,sto4s,sto5s,sto6s,sto7s,Pred
2.5667134146341462e-05,2.557859756097561e-05,2.569128048780488e-05,2.5544024390243902e-05,2.5485426829268294e-05,2.5318353658536586e-05,2.52725e-05,2.522059523809524e-05,31.939261002331868,50.59884180070928,53.83010240763659,43.924113643011125,44.74529120628275,43.313158352909014,48.992451268259344,43.981193085907734,0.8004134713866475,-0.7300119971045229,-0.11388355786243343,-0.7821207051956258,0.4827077909075463,1.416942755836535,-1.8996505467440672,1.71688423089383,-3.862435601411404e-09,6.973276216679143e-09,-9.376548933062165e-10,-1.4794702662394645e-09,-6.856998513442458e-10,2.400293431340261e-10,3.1550205859867336e-09,-6.151180455177894e-09,-8.077037848065758e-08,-6.207906757943116e-09,1.542130837129062e-08,-2.3157285085742027e-08,-1.3767990498338126e-08,-2.3007331536741692e-08,-8.81698492436898e-09,-1.7548440193812544e-08,-7.690794287924617e-08,-1.3181182974622259e-08,1.6358963264596836e-08,-2.1677814819502564e-08,-1.308229064699388e-08,-2.324736087987572e-08,-1.1972005510355714e-08,-1.139725973863465e-08,45.88916012414525,58.929977749018335,45.61047167764635,47.939248068751475,50.73835926281175,46.61469892557509,59.725146618415714,44.94480269735179,45.0887466527586,59.65998974612286,45.72435523550878,48.721368773947106,50.2556514719042,45.197756169738554,61.624797165159784,43.22791846645796,1
