p1,p2,p3,p4,p5,p6,p7,p8,rsi,rsi1,rsi2,rsi3,rsi4,rsi5,rsi6,rsi7,sto,sto1,sto2,sto3,sto4,sto5,sto6,sto7,macd,macd1,macd2,macd3,macd4,macd5,macd6,macd7,macdl,macd1l,macd2l,macd3l,macd4l,macd5l,macd6l,macd7l,macds,macd1s,macd2s,macd3s,macd4s,macd5s,macd6s,macd7s,stol,sto1l,sto2l,sto3l,sto4l,sto5l,sto6l,sto7l,stos,sto1s,sto2s,sto3s,sto4s,sto5s,sto6s,sto7s,Pred
2.7036749999999998e-05,2.6994e-05,2.69895e-05,2.69715e-05,2.6916e-05,2.694925e-05,2.6936e-05,2.6900166666666667e-05,33.97568375681081,40.47915408022271,41.910509679471375,44.020144648825536,40.47283550819702,50.186675512657715,46.84637516029766,45.9771347297348,-8.611460641658235,8.273981661587369,-1.607314994920713,0.6901189422109851,-0.9081158677929,-0.45874330452598644,1.8979394091158215,-1.8605154891469489,-1.3306816883419744e-08,1.4455598004384724e-11,7.336067350158031e-09,3.3924854590941344e-09,-1.9193367536438476e-09,6.601544030296516e-09,9.316952813092624e-10,-2.4216625213113767e-09,-4.0035837177584097e-08,-5.566730576263318e-08,-2.711120979534457e-08,-2.0593315052701562e-08,-2.573037033992901e-08,-1.1381166997073402e-08,-3.891361991221226e-09,-1.043456682307423e-08,-2.6729020294164352e-08,-5.568176136063757e-08,-3.4447277145502595e-08,-2.3985800511795696e-08,-2.3811033586285165e-08,-1.7982711027369918e-08,-4.823057272530488e-09,-8.012904301762852e-09,18.78077987121099,89.99012761926733,26.594861089819112,59.3227132661952,48.92335445139986,60.50154305137295,33.71977007232642,48.22367267215866,27.392240512869225,81.71614595767996,28.202176084739826,58.632594323984215,49.83147031919276,60.96028635589893,31.821830663210598,50.08418816130561,1
