p1,p2,p3,p4,p5,p6,p7,p8,rsi,rsi1,rsi2,rsi3,rsi4,rsi5,rsi6,rsi7,sto,sto1,sto2,sto3,sto4,sto5,sto6,sto7,macd,macd1,macd2,macd3,macd4,macd5,macd6,macd7,macdl,macd1l,macd2l,macd3l,macd4l,macd5l,macd6l,macd7l,macds,macd1s,macd2s,macd3s,macd4s,macd5s,macd6s,macd7s,stol,sto1l,sto2l,sto3l,sto4l,sto5l,sto6l,sto7l,stos,sto1s,sto2s,sto3s,sto4s,sto5s,sto6s,sto7s,Pred
1.550807692307692e-05,1.5592692307692306e-05,1.5456538461538462e-05,1.5207884615384615e-05,1.5273846153846152e-05,1.5286346153846156e-05,1.5193076923076924e-05,1.526625e-05,35.14708501909934,48.684668473299574,42.27264787234646,37.219015827039826,48.30164549299411,48.54354945819267,44.33034899114646,52.96011280000281,-3.4052292153312793,3.351309170471031,-0.28127409382066915,1.4110467494290622,-6.765604483215267,2.1325105495260814,1.6748257468523327,2.136527023826617,-2.9638422119027133e-10,2.4930192164490957e-08,-2.708128896102273e-09,-1.5269073683104354e-08,1.9552195805554847e-08,6.4866855624444016e-09,-5.498655453350295e-09,1.6808921034705964e-08,-1.2713903047895424e-07,-4.3463058183699485e-08,-4.43224191902944e-08,-8.472058142533803e-08,-4.536178975622762e-08,-2.18062251796009e-09,-2.7466063772232195e-08,-4.691123531625687e-09,-1.2684264625776396e-07,-6.839325034819045e-08,-4.161429029419212e-08,-6.945150774223367e-08,-6.491398556178246e-08,-8.667308080404491e-09,-2.1967408318881903e-08,-2.150004456633165e-08,63.673513651182,64.11403117085166,54.372792172091266,52.52155209234322,64.90514253341993,40.06567629624009,63.345821486467344,69.74392583051493,67.07874286651328,60.762722000380634,54.654066265911936,51.11050534291416,71.67074701663519,37.93316574671401,61.67099573961501,67.6073988066883,1
