p1,p2,p3,p4,p5,p6,p7,p8,rsi,rsi1,rsi2,rsi3,rsi4,rsi5,rsi6,rsi7,sto,sto1,sto2,sto3,sto4,sto5,sto6,sto7,macd,macd1,macd2,macd3,macd4,macd5,macd6,macd7,macdl,macd1l,macd2l,macd3l,macd4l,macd5l,macd6l,macd7l,macds,macd1s,macd2s,macd3s,macd4s,macd5s,macd6s,macd7s,stol,sto1l,sto2l,sto3l,sto4l,sto5l,sto6l,sto7l,stos,sto1s,sto2s,sto3s,sto4s,sto5s,sto6s,sto7s,Pred
1.460375e-05,1.4591875e-05,1.4639375e-05,1.46875e-05,1.4599999999999999e-05,1.4555624999999998e-05,1.4789375e-05,1.4931785714285714e-05,29.736684584271554,33.343784304321275,39.29252669061178,45.844688960048465,37.26093418582721,35.51400360975491,62.64206856235056,64.86306814766141,-20.612146191369135,23.44903584773803,1.5509641522619688,-11.909897350017372,-13.09010264998263,20.047393813232116,3.7496725024289006,-11.798411798063684,-1.953523975152908e-08,-5.324933826987385e-09,1.2453822358697667e-08,2.4607828921975335e-08,1.2591770955500394e-08,2.916241346830892e-09,2.8251402687388176e-08,4.066215994277747e-08,-1.1717481784345501e-07,-1.14834488807642e-07,-9.10510616364145e-08,-5.744156716699528e-08,-5.1291098759127806e-08,-5.543403493032205e-08,-1.53872603560171e-08,5.7527799961174716e-08,-9.763957809192594e-08,-1.0950955498065462e-07,-1.0350488399511216e-07,-8.204939608897062e-08,-6.38828697146282e-08,-5.8350276277152944e-08,-4.3638663043405277e-08,1.6865640018397243e-08,25.0,92.95609772824096,100.0,65.52383566680257,0.0,35.14218143969635,98.19559947349151,29.99106876720597,45.612146191369135,69.50706188050293,98.44903584773803,77.43373301681993,13.09010264998263,15.094787626464234,94.44592697106262,41.789480565269656,1
