p1,p2,p3,p4,p5,p6,p7,p8,rsi,rsi1,rsi2,rsi3,rsi4,rsi5,rsi6,rsi7,sto,sto1,sto2,sto3,sto4,sto5,sto6,sto7,macd,macd1,macd2,macd3,macd4,macd5,macd6,macd7,macdl,macd1l,macd2l,macd3l,macd4l,macd5l,macd6l,macd7l,macds,macd1s,macd2s,macd3s,macd4s,macd5s,macd6s,macd7s,stol,sto1l,sto2l,sto3l,sto4l,sto5l,sto6l,sto7l,stos,sto1s,sto2s,sto3s,sto4s,sto5s,sto6s,sto7s,Pred
1.591375e-05,1.5905416666666665e-05,1.59125e-05,1.5924166666666666e-05,1.5789166666666668e-05,1.5783333333333335e-05,1.5838749999999998e-05,1.591583333333333e-05,34.59039271215477,39.11262681942564,44.879794872454546,47.3845789935812,38.384882488352844,41.274489474888114,48.81030933817747,58.75671570902773,-7.538864321283417,1.2999715746512084,9.184861681940065,-14.01003207544028,6.845152656647856,7.164879418792364,3.671137468093851e-14,-10.090533572776005,9.930825383610353e-09,1.4320775069536467e-08,1.4279566507718972e-08,1.535092280595379e-08,-7.397968114561372e-09,-2.9428086932761124e-09,9.591085431268986e-09,1.7850598290466596e-08,-9.10631255443574e-08,-6.753139929249784e-08,-4.758119317103633e-08,-2.1188192549800314e-08,-4.179530385675128e-08,-4.6588331669790836e-08,-2.736245952624769e-08,3.224977985459836e-09,-1.0099395092796775e-07,-8.18521743620343e-08,-6.18607596787553e-08,-3.65391153557541e-08,-3.439733574218991e-08,-4.3645522976514724e-08,-3.695354495751668e-08,-1.462562030500676e-08,50.660416240065445,68.76359785765486,69.73753285634773,38.3945613397853,40.052714711947765,75.56935105286126,85.91026886013782,84.86419964083599,58.199280561348864,67.46362628300365,60.552671174407664,52.40459341522558,33.20756205529991,68.4044716340689,85.91026886013778,94.954733213612,1
