p1,p2,p3,p4,p5,p6,p7,p8,rsi,rsi1,rsi2,rsi3,rsi4,rsi5,rsi6,rsi7,sto,sto1,sto2,sto3,sto4,sto5,sto6,sto7,macd,macd1,macd2,macd3,macd4,macd5,macd6,macd7,macdl,macd1l,macd2l,macd3l,macd4l,macd5l,macd6l,macd7l,macds,macd1s,macd2s,macd3s,macd4s,macd5s,macd6s,macd7s,stol,sto1l,sto2l,sto3l,sto4l,sto5l,sto6l,sto7l,stos,sto1s,sto2s,sto3s,sto4s,sto5s,sto6s,sto7s,Pred
1.5555625e-05,1.5550624999999998e-05,1.53625e-05,1.5239375e-05,1.5031875e-05,1.5009375e-05,1.5145e-05,1.5245714285714286e-05,37.52012508438441,37.872690035078904,29.673721937254562,32.1686565364121,25.84987352386168,32.633650229929614,43.50422509938497,50.464194117267546,11.35080918705463,-24.999999999999993,-1.1250259982868252e-14,19.313509711143737,-16.862907098451473,22.54939738730771,-3.205697433941614,-2.6054461565290077,1.2867671478063216e-09,1.5512727803967294e-08,-1.9524539838880923e-10,-1.488118636899547e-08,-2.3868539273073717e-08,-1.1381411631866637e-08,2.2663684903699288e-08,4.3657739674627907e-08,-1.3917501865311247e-07,-1.124341245444843e-07,-1.1887878166567625e-07,-1.4727882146757785e-07,-1.756402586424569e-07,-1.8128259527844507e-07,-1.3732179992400784e-07,-6.533987758518504e-08,-1.404617858009188e-07,-1.279468523484516e-07,-1.1868353626728743e-07,-1.3239763509858237e-07,-1.5177171936938318e-07,-1.6990118364657843e-07,-1.5998548482770712e-07,-1.0899761725981295e-07,74.99999999999997,43.870761005762944,12.373058420688647,71.6490181766295,6.97344548789676,87.37741781489899,86.06045891654155,76.24951712755716,63.64919081294535,68.87076100576294,12.373058420688658,52.33550846548576,23.836352586348234,64.82802042759128,89.26615635048316,78.85496328408617,1
