p1,p2,p3,p4,p5,p6,p7,p8,rsi,rsi1,rsi2,rsi3,rsi4,rsi5,rsi6,rsi7,sto,sto1,sto2,sto3,sto4,sto5,sto6,sto7,macd,macd1,macd2,macd3,macd4,macd5,macd6,macd7,macdl,macd1l,macd2l,macd3l,macd4l,macd5l,macd6l,macd7l,macds,macd1s,macd2s,macd3s,macd4s,macd5s,macd6s,macd7s,stol,sto1l,sto2l,sto3l,sto4l,sto5l,sto6l,sto7l,stos,sto1s,sto2s,sto3s,sto4s,sto5s,sto6s,sto7s,Pred
1.74125e-05,1.73475e-05,1.7175625e-05,1.7250625e-05,1.71728125e-05,1.71040625e-05,1.70571875e-05,1.7180333333333332e-05,32.327060011060986,35.326335815939075,33.707453760762974,45.17969079536394,41.75727420557616,40.547677588890856,40.04766061254445,52.41795373330568,1.2488683024344356,-12.289254472313976,11.941769606367274,0.5582303936327477,-6.327334402372166,-4.891543401020764,0.7094958864083857,0.8348580994388733,-3.2793014005656882e-09,2.0258518047066575e-08,5.677610222602701e-09,2.7513159237024592e-08,1.3188234238747612e-08,-3.1359108664879443e-10,3.5608638171345997e-09,2.129427746166243e-08,-1.9850639141725762e-07,-1.4786580932146155e-07,-1.4730333779832473e-07,-8.768556031139234e-08,-4.8917389093965966e-08,-6.401493782157454e-08,-5.4128774688296454e-08,-6.279750470703072e-09,-1.9522709001669194e-07,-1.6812432736852813e-07,-1.529809480209274e-07,-1.1519871954841693e-07,-6.210562333271358e-08,-6.370134673492575e-08,-5.768963850543105e-08,-2.7574027932365503e-08,50.574347209473046,38.844350037760385,70.56527808519753,81.76443349887575,24.112564102789754,63.48237009588762,38.58618970877424,62.09639602537668,49.32547890703861,51.13360451007436,58.62350847883026,81.206203105243,30.43989850516192,68.37391349690839,37.87669382236586,61.26153792593781,1
