p1,p2,p3,p4,p5,p6,p7,p8,rsi,rsi1,rsi2,rsi3,rsi4,rsi5,rsi6,rsi7,sto,sto1,sto2,sto3,sto4,sto5,sto6,sto7,macd,macd1,macd2,macd3,macd4,macd5,macd6,macd7,macdl,macd1l,macd2l,macd3l,macd4l,macd5l,macd6l,macd7l,macds,macd1s,macd2s,macd3s,macd4s,macd5s,macd6s,macd7s,stol,sto1l,sto2l,sto3l,sto4l,sto5l,sto6l,sto7l,stos,sto1s,sto2s,sto3s,sto4s,sto5s,sto6s,sto7s,Pred
1.2701764705882353e-05,1.265985294117647e-05,1.2638382352941177e-05,1.2622941176470588e-05,1.2635147058823528e-05,1.26425e-05,1.2578088235294117e-05,1.25675e-05,32.8087963853568,35.58687983084739,43.522623264699874,47.87507511220305,50.08184660493614,49.88854187586981,42.596300111631834,47.656493807181825,5.312983363113819,-5.1415706752077535,4.8853627029855415,-1.2004700847735772,2.026047635058602,-1.7035326663067425,0.6680052614948065,-3.695121942507724,-4.163988744194077e-09,5.4628958201819775e-09,4.710821228455761e-09,2.1980197353555938e-09,1.4642885509053598e-09,-9.508799933157273e-10,-2.8118696283926767e-09,2.425539759296518e-09,-7.097832513505902e-08,-3.858288843316726e-08,-2.0494776532775294e-08,-1.0137974392073584e-08,1.5833767575830852e-09,2.1081510966533583e-09,-1.584159300999772e-08,-1.0158583413093094e-08,-6.681433639086495e-08,-4.404578425334924e-08,-2.5205597761231056e-08,-1.2335994127429177e-08,1.1908820667772535e-10,3.059031089969086e-09,-1.3029723381605044e-08,-1.2584123172389613e-08,74.63771357353325,39.234868993081655,75.50794074266771,64.34151385055213,38.653605474988524,45.67938109109414,56.96401546234593,59.614403839791166,69.32473021041943,44.37643966828941,70.62257803968217,65.5419839353257,36.62755783992992,47.382913757400885,56.29601020085112,63.30952578229889,1
