p1,p2,p3,p4,p5,p6,p7,p8,rsi,rsi1,rsi2,rsi3,rsi4,rsi5,rsi6,rsi7,sto,sto1,sto2,sto3,sto4,sto5,sto6,sto7,macd,macd1,macd2,macd3,macd4,macd5,macd6,macd7,macdl,macd1l,macd2l,macd3l,macd4l,macd5l,macd6l,macd7l,macds,macd1s,macd2s,macd3s,macd4s,macd5s,macd6s,macd7s,stol,sto1l,sto2l,sto3l,sto4l,sto5l,sto6l,sto7l,stos,sto1s,sto2s,sto3s,sto4s,sto5s,sto6s,sto7s,Pred
1.3045625000000001e-05,1.3043750000000002e-05,1.3030625e-05,1.30175e-05,1.2985624999999998e-05,1.299625e-05,1.303625e-05,1.3050833333333334e-05,37.45278360015263,38.71340605292056,39.77399507361075,38.873571532256356,35.29523833350075,40.74673889363142,52.024088121046134,54.08114330019988,-1.706641430945119,-8.080407751008693,7.118605449058345,-12.56742356243195,6.126226333536755,14.774530562228458,-1.4210854715202004e-14,-1.4210854715202004e-14,-3.7004119285158628e-09,7.189296324396136e-10,3.182413049592387e-09,3.23798636851642e-09,3.1666385955336533e-10,2.190946445299493e-09,9.111475611511046e-09,9.613265246068928e-09,-4.313602734564491e-08,-3.962730101573771e-08,-3.463722273253885e-08,-3.1254371199085134e-08,-3.266050777745185e-08,-2.997893035038422e-08,-1.6469996110320297e-08,-3.5716762549621567e-09,-3.943561541712905e-08,-4.034623064817732e-08,-3.7819635782131235e-08,-3.4492357567601556e-08,-3.2977171637005215e-08,-3.2169876795683715e-08,-2.5581471721831344e-08,-1.3184941501031084e-08,83.27397609014791,48.065672421127935,57.871748167337174,41.73097799188893,26.339536376524435,90.33820415665728,100.0,78.70872100510141,84.98061752109304,56.14608017213663,50.75314271827883,54.298401554320876,20.213310042987683,75.56367359442882,100.00000000000001,78.70872100510144,1
