p1,p2,p3,p4,p5,p6,p7,p8,rsi,rsi1,rsi2,rsi3,rsi4,rsi5,rsi6,rsi7,sto,sto1,sto2,sto3,sto4,sto5,sto6,sto7,macd,macd1,macd2,macd3,macd4,macd5,macd6,macd7,macdl,macd1l,macd2l,macd3l,macd4l,macd5l,macd6l,macd7l,macds,macd1s,macd2s,macd3s,macd4s,macd5s,macd6s,macd7s,stol,sto1l,sto2l,sto3l,sto4l,sto5l,sto6l,sto7l,stos,sto1s,sto2s,sto3s,sto4s,sto5s,sto6s,sto7s,Pred
0.0057124125,0.0056824125,0.005673825,0.005673075,0.0056565625,0.0056506125,0.0056671375,0.0056284375,34.080922451331865,37.175132540695415,42.5171407965322,47.764790358064,43.02082973611652,48.303185379975915,55.20749477601381,39.01722839512412,0.4363461401410688,0.45589134214507226,2.2787686162272944,-1.6793929644311183,0.6799323212160092,-0.39260505257842077,1.3095189335562145,-1.9759208689651468,-3.3649130566765575e-06,1.9170031411354434e-06,1.0889622467421679e-06,5.192800969976153e-07,-5.096561353491895e-07,7.02655936297006e-07,7.279345502397139e-07,-2.3661045057693594e-06,-1.3470873983240442e-05,-1.279043667389572e-05,-5.326591343605795e-06,-1.7198129327009991e-06,-4.191556736360446e-06,-3.1412228067029866e-06,3.4409956570411857e-06,-8.086116982094723e-06,-1.0105960926563884e-05,-1.4707439815031164e-05,-6.415553590347963e-06,-2.2390930296986145e-06,-3.681900601011256e-06,-3.843878742999993e-06,2.713061106801472e-06,-5.720012476325364e-06,52.79767400730635,54.26962996320681,39.97358353193903,46.804885309711736,45.26066497127007,60.09102057505248,41.529645715640555,43.267379931314636,52.36132786716528,53.81373862106174,37.69481491571173,48.48427827414286,44.58073265005406,60.4836256276309,40.220126782084336,45.24330080027978,1
