p1,p2,p3,p4,p5,p6,p7,p8,rsi,rsi1,rsi2,rsi3,rsi4,rsi5,rsi6,rsi7,sto,sto1,sto2,sto3,sto4,sto5,sto6,sto7,macd,macd1,macd2,macd3,macd4,macd5,macd6,macd7,macdl,macd1l,macd2l,macd3l,macd4l,macd5l,macd6l,macd7l,macds,macd1s,macd2s,macd3s,macd4s,macd5s,macd6s,macd7s,stol,sto1l,sto2l,sto3l,sto4l,sto5l,sto6l,sto7l,stos,sto1s,sto2s,sto3s,sto4s,sto5s,sto6s,sto7s,Pred
1.3922500000000001e-05,1.3912708333333333e-05,1.391125e-05,1.3901041666666666e-05,1.3910833333333334e-05,1.3866458333333333e-05,1.3738125e-05,1.37275e-05,33.41790182061741,36.16075182869251,44.51056713328117,45.93011555736729,49.463488262813314,42.97747936119502,33.16993742573089,41.49825375986464,1.3497314583278495,-5.131925711236881,4.215009593852418,-1.1352656071494007,-0.8590133448906236,-3.9197192056874486,6.83091427511187,-3.9265192981594392,-4.762216183949786e-09,1.0913645957198614e-08,7.948429811964743e-09,3.0413955707838564e-09,2.6310478394979707e-09,-3.357039115364545e-09,-1.0035535368578743e-08,5.356202239121879e-09,-8.684048694425764e-08,-4.557768474617954e-08,-2.2665608617526667e-08,-1.1323093963410354e-08,-3.0978250427909062e-09,-7.869625913501662e-09,-4.069213391242139e-08,-2.8106744811380364e-08,-8.207827076030787e-08,-5.649133070337815e-08,-3.061403842949141e-08,-1.4364489534194212e-08,-5.728872882288877e-09,-4.512586798137118e-09,-3.0656598543842644e-08,-3.346294705050224e-08,91.08909755015853,41.81763251659668,66.41517540176476,70.3398200863268,36.75065070829019,27.908126567988536,48.52027898563558,65.26847983607176,89.73936609183068,46.94955822783356,62.200165807912335,71.47508569347619,37.609664053180815,31.827845773675982,41.689364710523705,69.19499913423121,1
