p1,p2,p3,p4,p5,p6,p7,p8,rsi,rsi1,rsi2,rsi3,rsi4,rsi5,rsi6,rsi7,sto,sto1,sto2,sto3,sto4,sto5,sto6,sto7,macd,macd1,macd2,macd3,macd4,macd5,macd6,macd7,macdl,macd1l,macd2l,macd3l,macd4l,macd5l,macd6l,macd7l,macds,macd1s,macd2s,macd3s,macd4s,macd5s,macd6s,macd7s,stol,sto1l,sto2l,sto3l,sto4l,sto5l,sto6l,sto7l,stos,sto1s,sto2s,sto3s,sto4s,sto5s,sto6s,sto7s,Pred
0.000308345,0.0003082725,0.00030815,0.000308155,0.0003081375,0.0003074375,0.0003065725,0.000307155,31.372726935804586,39.31896167244335,43.94786266633276,47.09997937317171,48.553285534919674,39.767793509385946,35.85357919705345,51.0254857404033,6.305118636150063,-7.174826904359502,7.173680295957632,-3.2970573156844094,-4.687212739854589,-0.8396588351598655,9.695833318372024,-4.0992325267870005,1.7447879117316584e-08,7.637616764153066e-08,4.820277746976603e-08,3.416604036563899e-08,1.504827017729821e-08,-5.7538930381402354e-08,-7.131496081781191e-08,1.0468859925891119e-07,-5.456449579405642e-07,-3.1434145436515694e-07,-2.081924255517792e-07,-8.615024457223476e-08,-6.527377512210823e-08,-1.7565369352501693e-07,-4.0313574679036827e-07,-1.6422920407898755e-07,-5.630928370578807e-07,-3.907176220066876e-07,-2.5639520302154525e-07,-1.2031628493787376e-07,-8.032204529940644e-08,-1.1811476314361458e-07,-3.3182078597255635e-07,-2.6891780333789873e-07,82.83857651993358,58.0247685650649,61.90129212306096,39.62939438274149,54.59158813006815,20.03857328769818,52.85568771272045,72.83509554465864,76.53345788378351,65.1995954694244,54.72761182710333,42.92645169842589,59.27880086992274,20.878232122858044,43.15985439434843,76.93432807144565,1
