p1,p2,p3,p4,p5,p6,p7,p8,rsi,rsi1,rsi2,rsi3,rsi4,rsi5,rsi6,rsi7,sto,sto1,sto2,sto3,sto4,sto5,sto6,sto7,macd,macd1,macd2,macd3,macd4,macd5,macd6,macd7,macdl,macd1l,macd2l,macd3l,macd4l,macd5l,macd6l,macd7l,macds,macd1s,macd2s,macd3s,macd4s,macd5s,macd6s,macd7s,stol,sto1l,sto2l,sto3l,sto4l,sto5l,sto6l,sto7l,stos,sto1s,sto2s,sto3s,sto4s,sto5s,sto6s,sto7s,Pred
0.0003238625,0.00032410416666666666,0.0003239791666666667,0.00032377083333333335,0.0003230625,0.00032269583333333334,0.00032290416666666663,0.0003242111111111111,41.84910306152456,48.01297916147276,47.31422729569977,45.02581268715305,39.23890812239607,38.587118264037535,46.425800319704535,62.38821607837487,-10.114367267579416,-2.9874371777922115,9.32517034688528,-6.638217203127915,13.979713522909293,-1.9554274981859165,1.9554274981859265,5.526443500356335e-15,5.136315019373858e-08,1.1823190740205539e-07,6.177578471659672e-08,1.1489069348975864e-08,-7.100322787030663e-08,-5.8839049498203135e-08,3.162508724726802e-08,1.880155555552441e-07,-4.1632785537741297e-07,-1.9289539266574272e-07,-1.248959026501269e-07,-1.1349761717236611e-07,-2.6779624937887096e-07,-3.5001731894389494e-07,-2.843105910601853e-07,9.931938931864802e-08,-4.6769100557115153e-07,-3.111273000677981e-07,-1.866716873667236e-07,-1.2498668652134198e-07,-1.9679302150856436e-07,-2.911782694456918e-07,-3.159356783074533e-07,-8.869616623659608e-08,75.62897820004329,61.183662273593654,62.95522389964337,28.31989793803629,36.963951346851026,48.29150881637241,86.89915408977116,90.40585485781305,85.7433454676227,64.17109945138586,53.63005355275809,34.95811514116421,22.984237823941733,50.246936314558326,84.94372659158523,90.40585485781305,1
