p1,p2,p3,p4,p5,p6,p7,p8,rsi,rsi1,rsi2,rsi3,rsi4,rsi5,rsi6,rsi7,sto,sto1,sto2,sto3,sto4,sto5,sto6,sto7,macd,macd1,macd2,macd3,macd4,macd5,macd6,macd7,macdl,macd1l,macd2l,macd3l,macd4l,macd5l,macd6l,macd7l,macds,macd1s,macd2s,macd3s,macd4s,macd5s,macd6s,macd7s,stol,sto1l,sto2l,sto3l,sto4l,sto5l,sto6l,sto7l,stos,sto1s,sto2s,sto3s,sto4s,sto5s,sto6s,sto7s,Pred
0.000328703125,0.000330134375,0.000329909375,0.00032933124999999996,0.00032435,0.00032429375,0.00032440625,0.0003244,27.043716399743133,44.06464083740902,45.679273412193666,44.18426097650298,27.226307507727,39.31665249244366,46.365293589756504,45.59712370553214,9.334634332724875,-3.25097084901432,-0.9156958176523289,-0.3365531907007051,0.42945546137533935,-0.9468726056686534,1.1960495759571197,-8.675412574296383,-1.0502832298416023e-07,4.1064449077271884e-07,2.5926661761540043e-07,4.081428434581249e-08,-4.398867270829175e-07,-4.250669244850595e-08,2.1569260821846746e-07,2.066563894339063e-07,-2.0013207019347316e-06,-1.0550727092726466e-06,-4.160042131425614e-07,-4.1057299986542196e-07,-1.3487591769217817e-06,-1.4387070127185684e-06,-1.0398193040127168e-06,-4.7339728336100796e-07,-1.8962923789505713e-06,-1.4657172000453655e-06,-6.752708307579619e-07,-4.5138728421123447e-07,-9.088724498388643e-07,-1.3962003202700624e-06,-1.2555119122311842e-06,-6.800536727949143e-07,86.07585694628163,73.413151974052,24.198674226400374,38.25279258008317,33.48427496468436,68.83536063788395,88.6804590612021,21.30226133444027,76.74122261355676,76.66412282306632,25.114370044052702,38.58934577078387,33.05481950330902,69.7822332435526,87.48440948524498,29.977673908736655,1
