p1,p2,p3,p4,p5,p6,p7,p8,rsi,rsi1,rsi2,rsi3,rsi4,rsi5,rsi6,rsi7,sto,sto1,sto2,sto3,sto4,sto5,sto6,sto7,macd,macd1,macd2,macd3,macd4,macd5,macd6,macd7,macdl,macd1l,macd2l,macd3l,macd4l,macd5l,macd6l,macd7l,macds,macd1s,macd2s,macd3s,macd4s,macd5s,macd6s,macd7s,stol,sto1l,sto2l,sto3l,sto4l,sto5l,sto6l,sto7l,stos,sto1s,sto2s,sto3s,sto4s,sto5s,sto6s,sto7s,Pred
0.00035434999999999997,0.00035331875,0.0003539375,0.00035419375,0.0003541875,0.0003537125,0.00035371875,0.0003564340909090909,41.64282649232453,32.68299168358176,45.22009570770994,48.22084356950045,48.18986946207336,42.963465370204965,46.263296191011506,67.19393988590217,-16.465562472881366,17.686882870211807,7.313117129788221,1.7763568394002505e-14,-2.2662639435657663,-15.786134717535933,18.05239866110175,-1.8478430609074676,1.1655924270209437e-08,-8.01011925705607e-08,2.175238594686649e-08,1.0929302969394184e-07,1.0289522357868698e-07,3.0449862219468044e-08,-6.225324551497066e-09,2.9654111815473716e-07,-3.7996220180147545e-07,-5.156737305282667e-07,-4.4814399224821233e-07,-2.7261566683897556e-07,-1.6733341618950092e-07,-1.7265635012336474e-07,-2.213486483026078e-07,4.5186992600970946e-07,-3.916181260716849e-07,-4.35572537957706e-07,-4.698963781950788e-07,-3.819086965329174e-07,-2.702286397681879e-07,-2.031062123428328e-07,-2.1512332375111072e-07,1.5532880785497233e-07,34.285805292464566,28.791859248189624,94.35031150146371,77.44600949667823,61.63471401363061,27.391128100506137,81.26269019218984,80.5546241359703,50.75136776534593,11.104976377977817,87.03719437167548,77.44600949667822,63.900977957196375,43.177262818042074,63.21029153108809,82.40246719687777,1
