p1,p2,p3,p4,p5,p6,p7,p8,p9,p10,p11,p12,p13,p14,p15,p16,rsi,rsi1,rsi2,rsi3,rsi4,rsi5,rsi6,rsi7,rsi8,rsi9,rsi10,rsi11,rsi12,rsi13,rsi14,rsi15,macd,macd1,macd2,macd3,macd4,macd5,macd6,macd7,macd8,macd9,macd10,macd11,macd12,macd13,macd14,macd15,macdl,macd1l,macd2l,macd3l,macd4l,macd5l,macd6l,macd7l,macd8l,macd9l,macd10l,macd11l,macd12l,macd13l,macd14l,macd15l,macds,macd1s,macd2s,macd3s,macd4s,macd5s,macd6s,macd7s,macd8s,macd9s,macd10s,macd11s,macd12s,macd13s,macd14s,macd15s,macdh,macd1h,macd2h,macd3h,macd4h,macd5h,macd6h,macd7h,macd8h,macd9h,macd10h,macd11h,macd12h,macd13h,macd14h,macd15h,Pred
7883.86475,7877.3675,7905.45825,7916.63125,7919.2785,7895.41975,7886.66725,7886.725,7881.7125,7876.7654999999995,7865.272,7864.7105,7866.794,7883.86775,7886.005249999999,7876.699772727273,38.440706357900595,41.20318322268008,65.64094908449142,63.14893129904711,57.38261970263761,39.363141247335165,41.233941692381585,46.34350637133297,46.250377604203656,44.21916639832564,39.484729987116715,45.364836995920754,50.266535100708126,61.89452342627666,55.71737842421929,46.692995082282174,-1.2591795569365811,-0.34914422077213275,3.3799120590548783,1.2904076843970533,-0.738868578322837,-3.317060018707321,-1.36863694314654,0.6878167402890967,0.37478444521764226,0.11161958659345195,-0.7626879591101113,0.44361320977553625,1.0604474074011752,2.1015401595279317,0.07826458429930891,-1.5603819481084296,-3.0237214676845725,-5.440367632508332,3.388059891537978,8.442744231102006,5.472307472927878,-1.7410479436761306,-6.1936906168621135,-4.08571722635088,-3.9737624252774366,-2.904910286282939,-4.825755837222459,-4.1236007618821535,-2.0298469969763575,3.769622316349887,4.4952491285826905,0.06719695239338432,-1.7645419107479912,-5.0912234117362,0.00814783248309956,7.1523365467049524,6.211176051250715,1.5760120750311906,-4.825053673715574,-4.7735339666399765,-4.348546870495079,-3.0165298728763905,-4.063067878112348,-4.567213971657689,-3.0902944043775324,1.6680821568219555,4.416984544283382,1.627578900501814,-1.2591795569365811,-0.34914422077213275,3.3799120590548783,1.2904076843970533,-0.738868578322837,-3.317060018707321,-1.36863694314654,0.6878167402890967,0.37478444521764226,0.11161958659345195,-0.7626879591101113,0.44361320977553625,1.0604474074011752,1.6680821568219555,0.07826458429930891,-1.5603819481084296,0
