p1,p2,p3,p4,p5,p6,p7,p8,p9,p10,p11,p12,p13,p14,p15,p16,rsi,rsi1,rsi2,rsi3,rsi4,rsi5,rsi6,rsi7,rsi8,rsi9,rsi10,rsi11,rsi12,rsi13,rsi14,rsi15,macd,macd1,macd2,macd3,macd4,macd5,macd6,macd7,macd8,macd9,macd10,macd11,macd12,macd13,macd14,macd15,macdl,macd1l,macd2l,macd3l,macd4l,macd5l,macd6l,macd7l,macd8l,macd9l,macd10l,macd11l,macd12l,macd13l,macd14l,macd15l,macds,macd1s,macd2s,macd3s,macd4s,macd5s,macd6s,macd7s,macd8s,macd9s,macd10s,macd11s,macd12s,macd13s,macd14s,macd15s,macdh,macd1h,macd2h,macd3h,macd4h,macd5h,macd6h,macd7h,macd8h,macd9h,macd10h,macd11h,macd12h,macd13h,macd14h,macd15h,Pred
7863.1539999999995,7867.24475,7866.3395,7867.58425,7874.694,7874.15525,7876.75225,7890.23875,7905.83425,7919.9765,7931.66275,7929.84375,7935.2305,7898.23175,7899.31275,7869.25,36.29726787814211,50.37590060557904,47.23163850018667,52.46787577102714,62.306608247555445,53.47526653352274,56.49032879989932,65.22586375555466,70.76686134186244,65.27345229230792,61.29341958431792,56.56168335174397,55.030709100134246,39.64875695395263,43.58031275730571,33.96506360944378,-0.7462379848801909,0.6340730222895418,0.2242626535605951,0.25285294036774025,0.7644087846303445,-0.22352991553341509,0.04591226927229286,1.184040882381591,1.1975484613141494,0.6446897540733947,-0.16891248911841678,-1.2871552225888823,-0.7388876001433592,-4.1173123770469795,0.2798264077653282,-1.848956013212465,-2.63729426824857,-1.8244221802245193,-0.3235403768661854,-0.3168626038022012,1.9068683348421474,1.6007441014507093,0.9913971166247393,4.664225591914419,6.558242148802947,8.977302645802501,9.162317978771352,5.055815694823741,5.526821103762631,-8.079519619479196,-6.302408473041851,-10.51481708721605,-1.8910562833683793,-2.458495202514061,-0.5478030304267805,-0.5697155441699414,1.142459550211803,1.8242740169841245,0.9454848473524464,3.480184709532828,5.360693687488798,8.332612891729108,9.33123046788977,6.342970917412623,6.26570870390599,-3.9622072424322172,-6.582234880807179,-8.665861074003585,-0.7462379848801909,0.6340730222895418,0.2242626535605951,0.25285294036774025,0.7644087846303445,-0.22352991553341509,0.04591226927229286,1.184040882381591,1.1975484613141494,0.6446897540733947,-0.16891248911841678,-1.2871552225888823,-0.7388876001433592,-3.9622072424322172,0.2798264077653282,-1.848956013212465,0
