p1,p2,p3,p4,p5,p6,p7,p8,p9,p10,p11,p12,p13,p14,p15,p16,rsi,rsi1,rsi2,rsi3,rsi4,rsi5,rsi6,rsi7,rsi8,rsi9,rsi10,rsi11,rsi12,rsi13,rsi14,rsi15,macd,macd1,macd2,macd3,macd4,macd5,macd6,macd7,macd8,macd9,macd10,macd11,macd12,macd13,macd14,macd15,macdl,macd1l,macd2l,macd3l,macd4l,macd5l,macd6l,macd7l,macd8l,macd9l,macd10l,macd11l,macd12l,macd13l,macd14l,macd15l,macds,macd1s,macd2s,macd3s,macd4s,macd5s,macd6s,macd7s,macd8s,macd9s,macd10s,macd11s,macd12s,macd13s,macd14s,macd15s,macdh,macd1h,macd2h,macd3h,macd4h,macd5h,macd6h,macd7h,macd8h,macd9h,macd10h,macd11h,macd12h,macd13h,macd14h,macd15h,Pred
7342.199500000001,7341.05025,7341.34,7340.4865,7321.7095,7307.62125,7315.3345,7317.2385,7318.57175,7312.85475,7312.174,7318.7225,7317.985,7312.1515,7320.7235,7330.776136363636,37.764409378519794,45.86737493336434,45.91274339922152,48.10412019408349,34.357433782617306,36.66886417892111,48.15223292063879,50.55984892680409,50.6157806976952,45.93565967274867,47.41034763825655,55.07478126939021,51.25680340191898,42.88186081903111,59.641346615289706,60.47203235616575,-0.02548869979447064,0.8956779250563551,0.7721043076312247,0.24022263635447288,-1.6630528043462025,-1.0200318271283535,1.7991925321942952,1.184658465890453,0.360730781221967,-0.5334973725281705,-0.06501427040589829,0.7749597376101716,-0.038848568331033694,-0.714553290233077,0.8744340176443611,0.9224982872127705,-5.7526410197441695,-4.719539640371385,-1.4119877567050936,-1.4631299542338638,-4.601498494681982,-8.554113094292735,-3.7326189584497116,-0.7434770492484859,0.47686253525653227,-1.085682161654404,-1.3049781729003371,0.8206590316714027,1.0436621989927517,-1.0180132773678452,0.608607090013902,3.9154429855127755,-5.727152319949699,-5.6152175654277405,-2.184092064336318,-1.7033525905883367,-2.93844569033578,-7.53408126716438,-5.531811490644007,-1.928135515138939,0.11613175403456527,-0.5521847891262334,-1.2399639024944389,0.04569929406123121,1.0825107673237853,-0.3034599871347682,-0.2658269276304591,2.992944698300005,-0.02548869979447064,0.8956779250563551,0.7721043076312247,0.24022263635447288,-1.6630528043462025,-1.0200318271283535,1.7991925321942952,1.184658465890453,0.360730781221967,-0.5334973725281705,-0.06501427040589829,0.7749597376101716,-0.038848568331033694,-0.3034599871347682,0.8744340176443611,0.9224982872127705,0
