p1,p2,p3,p4,p5,p6,p7,p8,p9,p10,p11,p12,p13,p14,p15,p16,rsi,rsi1,rsi2,rsi3,rsi4,rsi5,rsi6,rsi7,rsi8,rsi9,rsi10,rsi11,rsi12,rsi13,rsi14,rsi15,macd,macd1,macd2,macd3,macd4,macd5,macd6,macd7,macd8,macd9,macd10,macd11,macd12,macd13,macd14,macd15,macdl,macd1l,macd2l,macd3l,macd4l,macd5l,macd6l,macd7l,macd8l,macd9l,macd10l,macd11l,macd12l,macd13l,macd14l,macd15l,macds,macd1s,macd2s,macd3s,macd4s,macd5s,macd6s,macd7s,macd8s,macd9s,macd10s,macd11s,macd12s,macd13s,macd14s,macd15s,macdh,macd1h,macd2h,macd3h,macd4h,macd5h,macd6h,macd7h,macd8h,macd9h,macd10h,macd11h,macd12h,macd13h,macd14h,macd15h,Pred
7112.547500000001,7111.36125,7113.2325,7110.43625,7111.991250000001,7108.16,7111.637500000001,7115.75375,7115.7325,7120.8475,7120.36,7120.87875,7123.2625,7125.9925,7123.389999999999,7128.249318181818,47.88173726571246,47.37237856051827,50.65310850640647,46.50248209469313,48.583708657732814,44.65120221710582,50.11618778131714,55.85097220986867,55.26350777259829,61.79379815171626,57.831153210538574,59.302822751737594,62.383220855508156,64.85646500360903,57.93312068804872,62.869052858693934,-0.6214322593790362,-0.5614381969554155,-0.3059897079820491,-0.373955780835194,-0.20115104285969526,-0.43415971510097934,-0.12640920671725597,0.4175214330314699,0.6297001197601928,1.0955138889965146,1.0317501780128944,0.8238737643346454,0.8358775297086114,0.9468944284098963,0.5023563484863494,0.3644721192199919,-0.08215238539332859,-0.31098027189955246,-0.25374238746417177,-0.4956001888731407,-0.4346560414119267,-0.8607635883440707,-0.6591649925831007,0.01852403142993353,0.5217933269395871,1.4783658237929558,1.9669137485834653,2.1779911211638137,2.599733758192542,3.1819475064930884,3.053395406776872,3.190899091040261,0.5392798739857076,0.25045792505586306,0.052247320517877324,-0.12164440803794675,-0.23350499855223145,-0.4266038732430914,-0.5327557858658447,-0.39899740160153635,-0.10790679282060568,0.38285193479644114,0.935163570570571,1.3541173568291682,1.7638562284839308,2.235053078083192,2.5510390582905225,2.8264269718202693,-0.6214322593790362,-0.5614381969554155,-0.3059897079820491,-0.373955780835194,-0.20115104285969526,-0.43415971510097934,-0.12640920671725597,0.4175214330314699,0.6297001197601928,1.0955138889965146,1.0317501780128944,0.8238737643346454,0.8358775297086114,2.235053078083192,0.5023563484863494,0.3644721192199919,0
