p1,p2,p3,p4,p5,p6,p7,p8,p9,p10,p11,p12,p13,p14,p15,p16,rsi,rsi1,rsi2,rsi3,rsi4,rsi5,rsi6,rsi7,rsi8,rsi9,rsi10,rsi11,rsi12,rsi13,rsi14,rsi15,macd,macd1,macd2,macd3,macd4,macd5,macd6,macd7,macd8,macd9,macd10,macd11,macd12,macd13,macd14,macd15,macdl,macd1l,macd2l,macd3l,macd4l,macd5l,macd6l,macd7l,macd8l,macd9l,macd10l,macd11l,macd12l,macd13l,macd14l,macd15l,macds,macd1s,macd2s,macd3s,macd4s,macd5s,macd6s,macd7s,macd8s,macd9s,macd10s,macd11s,macd12s,macd13s,macd14s,macd15s,macdh,macd1h,macd2h,macd3h,macd4h,macd5h,macd6h,macd7h,macd8h,macd9h,macd10h,macd11h,macd12h,macd13h,macd14h,macd15h,Pred
7214.296249999999,7221.604583333334,7228.439583333333,7233.857083333333,7230.475833333333,7232.055833333334,7224.515833333333,7230.416666666666,7227.82375,7230.0008333333335,7235.925,7230.8825,7234.383333333333,7240.655833333333,7240.939583333334,7244.871363636364,49.60685531885226,59.320380524226294,64.05403600198419,67.00068513464093,54.49796346582991,54.762631949892324,44.18697552112145,55.05100253341107,47.84762554148036,53.14245503411433,61.77740574794728,48.61585313893039,55.160602517333416,62.47947195784574,59.22927654222329,56.19123001037895,0.7542807216024549,1.2999989767760902,1.4242851475774316,0.8832053515877681,-0.2721411417873963,-0.539657040066437,-1.3998134345387045,-0.15092448466670927,-0.07243324853691756,-0.022789167724763526,0.7092649171250971,-0.20755120982498101,-0.07811627687507262,0.7123910200429341,0.19928316796173565,0.12484330534493723,-1.2430475991159255,0.980036108879934,3.30226098117267,4.205682520827092,3.6691822618101164,2.615600297858388,0.1986590143402888,0.12877724107647737,0.45603394152719073,0.19719705133911702,1.5594495659235388,1.1364643303562236,0.822590645890917,2.246229785024449,2.2981734386301773,2.8014999583637374,-1.9973283207183805,-0.3199628678961562,1.8779758335952386,3.3224771692393236,3.941323403597513,3.155257337924825,1.5984724488789932,0.27970172574318664,0.5284671900641082,0.21998621906388055,0.8501846487984416,1.3440155401812048,0.9007069227659896,1.533838764981515,2.0988902706684414,2.6766566530188003,0.7542807216024549,1.2999989767760902,1.4242851475774316,0.8832053515877681,-0.2721411417873963,-0.539657040066437,-1.3998134345387045,-0.15092448466670927,-0.07243324853691756,-0.022789167724763526,0.7092649171250971,-0.20755120982498101,-0.07811627687507262,1.533838764981515,0.19928316796173565,0.12484330534493723,0
