p1,p2,p3,p4,p5,p6,p7,p8,p9,p10,p11,p12,p13,p14,p15,p16,rsi,rsi1,rsi2,rsi3,rsi4,rsi5,rsi6,rsi7,rsi8,rsi9,rsi10,rsi11,rsi12,rsi13,rsi14,rsi15,macd,macd1,macd2,macd3,macd4,macd5,macd6,macd7,macd8,macd9,macd10,macd11,macd12,macd13,macd14,macd15,macdl,macd1l,macd2l,macd3l,macd4l,macd5l,macd6l,macd7l,macd8l,macd9l,macd10l,macd11l,macd12l,macd13l,macd14l,macd15l,macds,macd1s,macd2s,macd3s,macd4s,macd5s,macd6s,macd7s,macd8s,macd9s,macd10s,macd11s,macd12s,macd13s,macd14s,macd15s,macdh,macd1h,macd2h,macd3h,macd4h,macd5h,macd6h,macd7h,macd8h,macd9h,macd10h,macd11h,macd12h,macd13h,macd14h,macd15h,Pred
7340.560416666667,7338.235,7349.552083333333,7345.45375,7349.046666666667,7358.897916666667,7358.2425,7360.158333333333,7351.3445833333335,7350.41625,7345.013333333333,7342.580416666667,7338.892916666667,7336.324166666667,7330.158333333334,7336.1225,46.98638603579787,47.02436258044024,61.10410076480574,52.32908661058314,56.278203320678955,63.85233440782492,56.66976301484909,56.31106944130823,45.95575228705698,46.12468383390156,41.75460221763326,39.96892474722749,38.75497185633225,37.563731163621775,35.69807114894419,50.04858244410442,-0.9372831790334802,-1.2211661073613849,0.9672827115201683,0.07087686209797432,0.1466136789831163,1.0468147034588584,0.268435458656021,-0.23578175716801844,-1.4813101027858098,-1.0014997953309328,-0.906629322200162,-0.5249279536859549,-0.35863071564280186,-0.10543054391326094,-0.5026388489808228,1.0217470471256451,1.6036958060164277,-0.8405015007295636,1.649249226171681,1.4993688722168674,1.7012119028025456,3.5293612936149352,3.933478935566048,3.339022123547238,0.49390010260306855,-0.8707386365726961,-2.163413326919605,-2.782847471362705,-3.309935800038602,-3.2097287232851763,-4.309987172483488,-2.1732025126669794,2.540978985049908,0.3806646066318213,0.6819665146515126,1.4284920101188932,1.5545982238194294,2.482546590156077,3.665043476910027,3.5748038807152565,1.9752102053888783,0.13076115875823657,-1.2567840047194432,-2.25791951767675,-2.9513050843958,-3.1042981793719155,-3.8073483235026657,-3.1949495597926245,-0.9372831790334802,-1.2211661073613849,0.9672827115201683,0.07087686209797432,0.1466136789831163,1.0468147034588584,0.268435458656021,-0.23578175716801844,-1.4813101027858098,-1.0014997953309328,-0.906629322200162,-0.5249279536859549,-0.35863071564280186,-3.1042981793719155,-0.5026388489808228,1.0217470471256451,0
