p1,p2,p3,p4,p5,p6,p7,p8,p9,p10,p11,p12,p13,p14,p15,p16,rsi,rsi1,rsi2,rsi3,rsi4,rsi5,rsi6,rsi7,rsi8,rsi9,rsi10,rsi11,rsi12,rsi13,rsi14,rsi15,macd,macd1,macd2,macd3,macd4,macd5,macd6,macd7,macd8,macd9,macd10,macd11,macd12,macd13,macd14,macd15,macdl,macd1l,macd2l,macd3l,macd4l,macd5l,macd6l,macd7l,macd8l,macd9l,macd10l,macd11l,macd12l,macd13l,macd14l,macd15l,macds,macd1s,macd2s,macd3s,macd4s,macd5s,macd6s,macd7s,macd8s,macd9s,macd10s,macd11s,macd12s,macd13s,macd14s,macd15s,macdh,macd1h,macd2h,macd3h,macd4h,macd5h,macd6h,macd7h,macd8h,macd9h,macd10h,macd11h,macd12h,macd13h,macd14h,macd15h,Pred
7485.927083333334,7488.004166666667,7498.116666666667,7505.670833333334,7524.495416666667,7525.06125,7517.4225,7516.821666666667,7513.9679166666665,7516.996666666667,7517.12875,7511.2716666666665,7517.796249999999,7508.535833333333,7506.704583333333,7504.112954545455,47.33006106984316,50.564878954821395,61.79428516097005,61.69136755368346,69.38987752736678,59.94747240136629,52.61136407264232,51.60827501255166,48.75375807440025,52.150963053352235,50.37564746298535,46.99562800869964,52.2217951948296,43.12502958428956,43.282491643489685,46.693058383960135,-0.8141474490636297,-0.4108189324578961,0.9336673665679183,1.476597213941328,2.18193526530954,0.6460521107346467,-1.7407658782853725,-1.6715377479561613,-1.1930091936355605,-0.37462326679426644,0.032079988509008193,-0.9391470466984992,0.5191696952077257,-0.8060480384399606,-0.635190823986978,-0.014134581720923784,0.8223293323740108,0.17224289640792753,1.8566540268739118,4.704753002380888,8.031820520689203,8.940923103236097,5.049894531096318,2.261026864056172,0.8740838137317345,0.5083884453374594,1.06513373337278,-1.1590345170017524,0.48966236192806417,-1.252235995015629,-2.156327295047504,-2.8957100960402715,1.6364767814376406,0.5830618288658236,0.9229866603059935,3.22815578843956,5.8498852553796645,8.294870992501451,6.790660409381691,3.9325646120123334,2.067093007367295,0.8830117121317259,1.0330537448637718,-0.21988747030325312,-0.029507333279661572,-0.44618795657566845,-1.521136471060526,-2.8815755143193478,-0.8141474490636297,-0.4108189324578961,0.9336673665679183,1.476597213941328,2.18193526530954,0.6460521107346467,-1.7407658782853725,-1.6715377479561613,-1.1930091936355605,-0.37462326679426644,0.032079988509008193,-0.9391470466984992,0.5191696952077257,-0.44618795657566845,-0.635190823986978,-0.014134581720923784,0
