p1,p2,p3,p4,p5,p6,p7,p8,p9,p10,p11,p12,p13,p14,p15,p16,rsi,rsi1,rsi2,rsi3,rsi4,rsi5,rsi6,rsi7,rsi8,rsi9,rsi10,rsi11,rsi12,rsi13,rsi14,rsi15,macd,macd1,macd2,macd3,macd4,macd5,macd6,macd7,macd8,macd9,macd10,macd11,macd12,macd13,macd14,macd15,macdl,macd1l,macd2l,macd3l,macd4l,macd5l,macd6l,macd7l,macd8l,macd9l,macd10l,macd11l,macd12l,macd13l,macd14l,macd15l,macds,macd1s,macd2s,macd3s,macd4s,macd5s,macd6s,macd7s,macd8s,macd9s,macd10s,macd11s,macd12s,macd13s,macd14s,macd15s,macdh,macd1h,macd2h,macd3h,macd4h,macd5h,macd6h,macd7h,macd8h,macd9h,macd10h,macd11h,macd12h,macd13h,macd14h,macd15h,Pred
8749.4575,8746.79,8744.44625,8742.568749999999,8741.32,8739.80875,8741.197499999998,8740.901249999999,8739.259999999998,8738.82,8741.79375,8742.41375,8741.615,8738.098750000001,8734.3325,8733.77,58.89495474759357,51.95261241051122,48.08643335957105,45.28414695809167,44.193054716486486,40.81100384952132,46.07062169522939,45.69275910145957,41.34617753026275,41.491918662308414,52.269309392661995,50.4118712201347,48.268119922498514,39.509866122027276,32.94926405409657,41.45217002416735,-0.3692332720112088,-0.4629706722702265,-0.786611134141064,-1.0126934141861663,-1.1187205165647125,-1.16195928902,-0.8859755538905003,-0.571579237263002,-0.5533394646436545,-0.47186201333754874,-0.05150939713868363,0.1934751928072571,0.20862729241316713,-0.174678619010257,-0.6145484622907716,-0.3338753422382494,2.3859778984124205,2.095487794717883,1.4172573488367561,0.7136733993947928,0.05025545809257892,-0.5684248858797218,-0.7850066017954305,-0.7857630835596865,-1.0427116442069746,-1.2035546436245568,-0.8790545750371166,-0.5565486040986798,-0.42949310386848083,-0.8499156509296881,-1.531175674728729,-2.385736360994501,2.755211170423629,2.5584584669881094,2.2038684829778203,1.7263668135809591,1.1689759746572914,0.593534403140278,0.10096895209506983,-0.21418384629668458,-0.4893721795633201,-0.731692630287008,-0.827545177898433,-0.7500237969059369,-0.638120396281648,-0.6752370319194312,-0.9166272124379574,-2.0518610187562514,-0.3692332720112088,-0.4629706722702265,-0.786611134141064,-1.0126934141861663,-1.1187205165647125,-1.16195928902,-0.8859755538905003,-0.571579237263002,-0.5533394646436545,-0.47186201333754874,-0.05150939713868363,0.1934751928072571,0.20862729241316713,-0.6752370319194312,-0.6145484622907716,-0.3338753422382494,0
