p1,p2,p3,p4,p5,p6,p7,p8,p9,p10,p11,p12,p13,p14,p15,p16,rsi,rsi1,rsi2,rsi3,rsi4,rsi5,rsi6,rsi7,rsi8,rsi9,rsi10,rsi11,rsi12,rsi13,rsi14,rsi15,macd,macd1,macd2,macd3,macd4,macd5,macd6,macd7,macd8,macd9,macd10,macd11,macd12,macd13,macd14,macd15,macdl,macd1l,macd2l,macd3l,macd4l,macd5l,macd6l,macd7l,macd8l,macd9l,macd10l,macd11l,macd12l,macd13l,macd14l,macd15l,macds,macd1s,macd2s,macd3s,macd4s,macd5s,macd6s,macd7s,macd8s,macd9s,macd10s,macd11s,macd12s,macd13s,macd14s,macd15s,macdh,macd1h,macd2h,macd3h,macd4h,macd5h,macd6h,macd7h,macd8h,macd9h,macd10h,macd11h,macd12h,macd13h,macd14h,macd15h,Pred
9049.37375,9038.018750000001,9031.8825,9023.35375,9088.525,9108.15875,9124.619999999999,9090.40875,9082.56875,9069.522500000001,9065.83375,9066.47625,9056.0175,9065.438750000001,9051.3325,9041.936363636363,40.40708250239912,38.61773852264629,36.48173213222438,33.246663850622035,64.03696416895919,61.139501737307114,62.804614417735216,53.1695506923451,51.05462996934129,48.29705305536854,47.19834798084855,48.04451010250108,44.207294663257315,48.414490761809326,42.767256502861244,44.3196675339164,-2.3608247562067612,-3.6632085614107344,-4.063118326131776,-4.198672235115604,2.2518504456687634,7.390846390693403,9.522143118745111,5.906952428985807,2.2383643761517784,-1.2423320953620993,-2.932063001235919,-2.9573093441404867,-3.6542539000786673,-2.868888375819976,-3.0362898235204727,-1.8793625898119701,-2.805124992945821,-5.835212629413036,-8.252019603884037,-10.47352304607739,-4.05030773751605,4.356930466197809,11.148990370489628,11.064750229034871,8.98209088502972,5.203349230428103,2.215477078517324,0.7152141499354912,-1.6890792649737705,-2.516943047019595,-4.049835465317301,-8.36395675554873,-0.4443002367390594,-2.1720040680023014,-4.188901277752261,-6.2748508109617855,-6.3021581831848135,-3.0339159244955938,1.6268472517445174,5.157797800049064,6.743726508877941,6.445681325790202,5.147540079753243,3.672523494075978,1.9651746351048969,0.3519453288003813,-1.0135456417968283,-6.484594165736759,-2.3608247562067612,-3.6632085614107344,-4.063118326131776,-4.198672235115604,2.2518504456687634,7.390846390693403,9.522143118745111,5.906952428985807,2.2383643761517784,-1.2423320953620993,-2.932063001235919,-2.9573093441404867,-3.6542539000786673,0.3519453288003813,-3.0362898235204727,-1.8793625898119701,0
