p1,p2,p3,p4,p5,p6,p7,p8,p9,p10,p11,p12,p13,p14,p15,p16,rsi,rsi1,rsi2,rsi3,rsi4,rsi5,rsi6,rsi7,rsi8,rsi9,rsi10,rsi11,rsi12,rsi13,rsi14,rsi15,macd,macd1,macd2,macd3,macd4,macd5,macd6,macd7,macd8,macd9,macd10,macd11,macd12,macd13,macd14,macd15,macdl,macd1l,macd2l,macd3l,macd4l,macd5l,macd6l,macd7l,macd8l,macd9l,macd10l,macd11l,macd12l,macd13l,macd14l,macd15l,macds,macd1s,macd2s,macd3s,macd4s,macd5s,macd6s,macd7s,macd8s,macd9s,macd10s,macd11s,macd12s,macd13s,macd14s,macd15s,macdh,macd1h,macd2h,macd3h,macd4h,macd5h,macd6h,macd7h,macd8h,macd9h,macd10h,macd11h,macd12h,macd13h,macd14h,macd15h,Pred
7434.58625,7433.73625,7434.97125,7435.245,7435.2612500000005,7435.3925,7443.5675,7447.12625,7440.530000000001,7437.5275,7434.81875,7428.987499999999,7431.835,7444.3862500000005,7449.9275,7446.505227272727,50.6788499421401,49.226523114620385,49.85183210138823,51.009051335509795,51.055333354042446,50.549863783291144,60.7034516795256,61.661453384224245,51.275579421661206,50.40644581309839,44.7264776615376,39.62578872462671,44.9664623908715,61.374142890206905,60.54284809055522,53.967707965906044,1.1877526834523426,0.9551133906671004,0.864863974411805,0.7450859210130698,0.6297384964231958,0.5492983212343701,1.1732946004400735,1.6281833420051592,0.8806977599149747,0.12498014539366153,-0.5290075022766012,-1.3606683385483407,-1.281472052966158,0.27525431297980074,1.5147849291800435,0.5604066570638124,-1.3677732265996383,-1.0909542570880149,-0.7216709053236627,-0.46542108075664146,-0.2581383880992689,-0.0403945348389243,1.058897584711758,2.294758899133285,2.1147992841847554,1.4922633964306442,0.6835797381290831,-0.7468201101819432,-1.354571853581092,0.08156273216536647,1.9755460349642817,2.7507708619224847,-2.5555259100519807,-2.046067647755115,-1.5865348797354677,-1.2105070017697113,-0.8878768845224647,-0.5896928560732944,-0.11439701572831548,0.6665755571281258,1.2341015242697808,1.3672832510369828,1.2125872404056843,0.6138482283663975,-0.07309980061493393,-0.19369158081443427,0.46076110578423823,2.1903642048586724,1.1877526834523426,0.9551133906671004,0.864863974411805,0.7450859210130698,0.6297384964231958,0.5492983212343701,1.1732946004400735,1.6281833420051592,0.8806977599149747,0.12498014539366153,-0.5290075022766012,-1.3606683385483407,-1.281472052966158,-0.19369158081443427,1.5147849291800435,0.5604066570638124,0
