p1,p2,p3,p4,p5,p6,p7,p8,p9,p10,p11,p12,p13,p14,p15,p16,rsi,rsi1,rsi2,rsi3,rsi4,rsi5,rsi6,rsi7,rsi8,rsi9,rsi10,rsi11,rsi12,rsi13,rsi14,rsi15,macd,macd1,macd2,macd3,macd4,macd5,macd6,macd7,macd8,macd9,macd10,macd11,macd12,macd13,macd14,macd15,macdl,macd1l,macd2l,macd3l,macd4l,macd5l,macd6l,macd7l,macd8l,macd9l,macd10l,macd11l,macd12l,macd13l,macd14l,macd15l,macds,macd1s,macd2s,macd3s,macd4s,macd5s,macd6s,macd7s,macd8s,macd9s,macd10s,macd11s,macd12s,macd13s,macd14s,macd15s,macdh,macd1h,macd2h,macd3h,macd4h,macd5h,macd6h,macd7h,macd8h,macd9h,macd10h,macd11h,macd12h,macd13h,macd14h,macd15h,Pred
8195.44125,8203.08375,8201.737500000001,8201.85125,8211.314999999999,8209.45125,8214.235,8217.33625,8207.8125,8196.55125,8192.236250000002,8197.3,8200.49875,8199.14875,8200.286250000001,8205.240454545454,46.46212862075042,53.79955697650122,51.99576974979857,52.144655458941344,60.96203253305824,56.586670862318286,60.21538197575072,60.636262881028706,50.06897535685098,43.74816235830039,41.129321827131065,46.597049497618926,48.75089979931654,47.33687743950757,49.51809530556002,52.62366701656593,-0.985249737874165,-0.3693533080495548,-0.020825907694534573,-0.08228504192557329,0.751852410691963,0.9864491022289322,1.1423142760402156,1.3155703772006326,0.25869376010581835,-1.4509806868016646,-2.488206148061341,-1.995272803012151,-1.1740081916323526,-0.7564367389487139,-0.3381111930938319,0.6290376578668097,0.29767619043832383,0.6407320322468877,0.9741619859960338,0.8510117162613824,1.930263429831939,2.6789380006302963,3.3745513147887323,4.202191810561999,3.477625540601366,1.21156283928849,-0.9833538698339908,-1.5813892235173626,-1.4527062470660894,-1.450947010701384,-1.2722360446596213,0.22947962012668457,1.2829259283124888,1.0100853402964425,0.9949878936905683,0.9332967581869557,1.178411019139976,1.692488898401364,2.232237038748517,2.8866214333613662,3.2189317804955477,2.662543526090155,1.5048522782273497,0.41388357949478827,-0.2786980554337368,-0.6945102717526701,-0.9341248515657894,-0.3995580377401251,-0.985249737874165,-0.3693533080495548,-0.020825907694534573,-0.08228504192557329,0.751852410691963,0.9864491022289322,1.1423142760402156,1.3155703772006326,0.25869376010581835,-1.4509806868016646,-2.488206148061341,-1.995272803012151,-1.1740081916323526,-0.6945102717526701,-0.3381111930938319,0.6290376578668097,0
