p1,p2,p3,p4,p5,p6,p7,p8,p9,p10,p11,p12,p13,p14,p15,p16,rsi,rsi1,rsi2,rsi3,rsi4,rsi5,rsi6,rsi7,rsi8,rsi9,rsi10,rsi11,rsi12,rsi13,rsi14,rsi15,macd,macd1,macd2,macd3,macd4,macd5,macd6,macd7,macd8,macd9,macd10,macd11,macd12,macd13,macd14,macd15,macdl,macd1l,macd2l,macd3l,macd4l,macd5l,macd6l,macd7l,macd8l,macd9l,macd10l,macd11l,macd12l,macd13l,macd14l,macd15l,macds,macd1s,macd2s,macd3s,macd4s,macd5s,macd6s,macd7s,macd8s,macd9s,macd10s,macd11s,macd12s,macd13s,macd14s,macd15s,macdh,macd1h,macd2h,macd3h,macd4h,macd5h,macd6h,macd7h,macd8h,macd9h,macd10h,macd11h,macd12h,macd13h,macd14h,macd15h,Pred
8684.46375,8694.05875,8691.72875,8698.985,8686.29875,8684.03,8694.40625,8692.79625,8684.84,8683.48375,8680.41375,8677.3275,8678.68,8680.0225,8675.942500000001,8670.968636363636,60.973315333026164,64.11471694296937,60.428436585349814,61.62289153614298,53.817353517811114,53.91115732106164,58.13143510925004,55.18108451194783,50.53191594977311,50.437137858967816,48.9961966567763,46.45687426961386,48.211169431278684,49.400527514131184,45.770821247125255,44.97303956798605,3.772908674561088,3.549681602942642,2.4019364879252594,2.0717206063108584,0.16746639350279846,-1.130352317165503,-0.8262338197420549,-0.7384254147624114,-1.8430197019110128,-2.320946787707895,-2.484572432960084,-2.593120978463452,-2.316441530736014,-1.603599446857688,-1.5329191610439388,-1.102508144399936,8.633792116119366,10.198288534240419,10.423947621889965,11.174600635867137,9.618262520167264,7.853228823199061,7.654905338658864,7.442270530751557,5.5396508942430955,3.926969119946989,2.5285161120327757,1.151768186652589,0.1997151299028701,0.03574722099801875,-0.6539319475023149,-2.5259454328127258,4.860883441558278,6.648606931297777,8.022011133964707,9.102880029556278,9.450796126664464,8.983581140364564,8.481139158400918,8.180695945513968,7.382670596154108,6.247915907654884,5.0130885449928595,3.744889165116041,2.516156660638884,1.6393466678557067,0.8789872135416239,-1.4234372884127895,3.772908674561088,3.549681602942642,2.4019364879252594,2.0717206063108584,0.16746639350279846,-1.130352317165503,-0.8262338197420549,-0.7384254147624114,-1.8430197019110128,-2.320946787707895,-2.484572432960084,-2.593120978463452,-2.316441530736014,1.6393466678557067,-1.5329191610439388,-1.102508144399936,0
