p1,p2,p3,p4,p5,p6,p7,p8,rsi,rsi1,rsi2,rsi3,rsi4,rsi5,rsi6,rsi7,sto,sto1,sto2,sto3,sto4,sto5,sto6,sto7,macd,macd1,macd2,macd3,macd4,macd5,macd6,macd7,macdl,macd1l,macd2l,macd3l,macd4l,macd5l,macd6l,macd7l,macds,macd1s,macd2s,macd3s,macd4s,macd5s,macd6s,macd7s,stol,sto1l,sto2l,sto3l,sto4l,sto5l,sto6l,sto7l,stos,sto1s,sto2s,sto3s,sto4s,sto5s,sto6s,sto7s,Pred
0.01352275,0.0135330625,0.0135481875,0.0135215,0.013545375,0.013557,0.013549937500000001,0.01359465,32.86765453884548,40.76240440285531,45.96868249441338,41.60100638196386,48.31613815431599,52.0950097079209,49.13004006194851,58.402913430516215,2.040807351039466,5.733638767139766,-17.94675725645286,14.248487871987738,-10.402151422784721,16.700115373443353,-18.507511747629152,2.7775279053820263,1.3314887935353386e-06,4.53769164668908e-06,8.456186107459713e-06,5.073454822012394e-06,6.768599198037211e-06,7.273617387302828e-06,5.391036112112468e-06,6.549018775572681e-06,-4.440248975529342e-05,-3.820752359394832e-05,-2.7064935363807063e-05,-2.3937431012970023e-05,-1.6259028549828972e-05,-8.796274070417987e-06,-3.87698174952357e-06,5.371112541506344e-06,-4.573397854882876e-05,-4.27452152406374e-05,-3.5521121471266776e-05,-2.9010885834982415e-05,-2.3027627747866182e-05,-1.6069891457720815e-05,-9.268017861636037e-06,-1.1779062340663374e-06,33.32552988502892,85.47872837274973,59.22575105397388,31.106108148024013,64.8483067274234,92.11316438584484,34.73873237855628,78.94746553448493,31.284722533989456,79.74508960560996,77.17250831042674,16.857620276036275,75.25045815020813,75.41304901240147,53.246244126185424,76.1699376291029,0
