p1,p2,p3,p4,p5,p6,p7,p8,rsi,rsi1,rsi2,rsi3,rsi4,rsi5,rsi6,rsi7,sto,sto1,sto2,sto3,sto4,sto5,sto6,sto7,macd,macd1,macd2,macd3,macd4,macd5,macd6,macd7,macdl,macd1l,macd2l,macd3l,macd4l,macd5l,macd6l,macd7l,macds,macd1s,macd2s,macd3s,macd4s,macd5s,macd6s,macd7s,stol,sto1l,sto2l,sto3l,sto4l,sto5l,sto6l,sto7l,stos,sto1s,sto2s,sto3s,sto4s,sto5s,sto6s,sto7s,Pred
0.017585999999999997,0.01758275,0.0175945,0.01763475,0.0176378125,0.017633562499999998,0.0176475625,0.01764445,42.419137378700036,42.37633146479385,47.682672790682176,57.667929650928166,56.320141946247645,53.62494610088835,56.134136415748046,51.359398858582935,20.746875551385926,-21.1529772939249,24.371406547771258,-1.4182618744449478,-21.739535278981887,9.102251493995889,14.684139111659801,-9.019774869252993,-5.393721143633942e-06,-1.8844363382957716e-06,6.200973445146482e-07,7.337478018365803e-06,7.195771963019753e-06,2.991312782929894e-06,1.3373068976968028e-06,-1.2410665239279972e-07,-1.4331670380690435e-05,-1.3523179809469925e-05,-1.1996051355348154e-05,-3.232869712375616e-07,7.620962738599628e-06,7.944767900455209e-06,7.5344790263090836e-06,9.174942165026539e-06,-8.937949237056494e-06,-1.1638743471174154e-05,-1.2616148699862803e-05,-7.660764989603366e-06,4.2519077557987507e-07,4.953455117525314e-06,6.1971721286122806e-06,9.299048817419339e-06,73.08888486028128,37.5112596087016,83.00590107586866,96.92971700998939,21.359752622284685,38.24287395856423,74.74771081266817,19.9616153015627,52.34200930889535,58.6642369026265,58.634494528097406,98.34797888443433,43.09928790126657,29.14062246456834,60.063571701008364,28.98139017081569,0
