p1,p2,p3,p4,p5,p6,p7,p8,rsi,rsi1,rsi2,rsi3,rsi4,rsi5,rsi6,rsi7,sto,sto1,sto2,sto3,sto4,sto5,sto6,sto7,macd,macd1,macd2,macd3,macd4,macd5,macd6,macd7,macdl,macd1l,macd2l,macd3l,macd4l,macd5l,macd6l,macd7l,macds,macd1s,macd2s,macd3s,macd4s,macd5s,macd6s,macd7s,stol,sto1l,sto2l,sto3l,sto4l,sto5l,sto6l,sto7l,stos,sto1s,sto2s,sto3s,sto4s,sto5s,sto6s,sto7s,Pred
0.014177812500000001,0.0141125,0.014109812499999999,0.014172375000000001,0.014205437500000001,0.01418475,0.014284,0.01434125,42.41448551147978,39.89438882240834,41.64136746611527,49.82983107165434,53.36527820448294,50.145007647136,60.14292405930249,61.128898653993765,1.509903313490213e-14,20.99824152755265,-4.331574860885962,1.2113646072491182,-7.132846553340336,5.921481946091198,3.09110441720472,1.9710598026141333,-7.751761227998163e-06,-9.671397264322109e-06,-2.2583053919131496e-06,1.1301399413889882e-05,1.7925828194889325e-05,1.1987447391068412e-05,1.73068333400843e-05,1.4068153604921539e-05,-5.403679539019981e-05,-6.610234254667263e-05,-6.34133694960297e-05,-4.3888638799286644e-05,-2.0977399044288646e-05,-1.2162024756462528e-05,7.591563567508133e-06,3.409843397901256e-05,-4.628503416220165e-05,-5.643094528235052e-05,-6.115506410411655e-05,-5.5190038213176525e-05,-3.890322723917797e-05,-2.414947214753094e-05,-9.715269772576166e-06,2.0030280374091023e-05,6.143663163731266,57.31445939140741,48.70356575457339,88.16539991755137,77.09794588943299,35.16787596665232,87.59258777923361,47.36971083604835,6.143663163731251,36.31621786385476,53.03514061545935,86.95403531030226,84.23079244277332,29.24639402056112,84.50148336202889,45.39865103343421,0
