p1,p2,p3,p4,p5,p6,p7,p8,rsi,rsi1,rsi2,rsi3,rsi4,rsi5,rsi6,rsi7,sto,sto1,sto2,sto3,sto4,sto5,sto6,sto7,macd,macd1,macd2,macd3,macd4,macd5,macd6,macd7,macdl,macd1l,macd2l,macd3l,macd4l,macd5l,macd6l,macd7l,macds,macd1s,macd2s,macd3s,macd4s,macd5s,macd6s,macd7s,stol,sto1l,sto2l,sto3l,sto4l,sto5l,sto6l,sto7l,stos,sto1s,sto2s,sto3s,sto4s,sto5s,sto6s,sto7s,Pred
0.014849374999999998,0.0148510625,0.0148421875,0.014839000000000001,0.0148529375,0.01487775,0.014874,0.014855425,50.88379758483896,50.45468425411383,47.39636826856972,47.891438646992654,53.64555715977761,62.16375988124492,58.05056109693273,47.18371283377615,22.106982513082546,-22.10698251308257,0.9341824793953087,13.120263348678163,9.699009801236677,-7.843112990143295,5.029997555320007,-7.487041249439628,-2.605926131196947e-06,-2.0202436383405024e-06,-2.3287287447696916e-06,-1.904654701484887e-06,4.808586287847805e-07,3.9617435380403856e-06,2.5930881602330662e-06,-1.6002379853932456e-06,2.522240895826318e-06,9.784788806677623e-07,-1.519745110033742e-06,-3.444796473721628e-06,-1.6341607399438483e-06,4.748422713436902e-06,6.589646298868143e-06,2.4459059024041844e-06,5.128167027023265e-06,2.9987225190082647e-06,8.089836347359496e-07,-1.5401417722367408e-06,-2.1150193687286288e-06,7.866791753965168e-07,3.996558138635077e-06,4.04614388779743e-06,55.75281009600088,27.825845164843376,22.29968763598129,57.95536447679501,77.65435727637787,86.36551395875037,50.642041166921615,16.23627722577551,33.64582758291833,49.93282767792594,21.365505156585982,44.83510112811685,67.95534747514118,94.20862694889367,45.61204361160161,23.723318475215137,0
