p1,p2,p3,p4,p5,p6,p7,p8,rsi,rsi1,rsi2,rsi3,rsi4,rsi5,rsi6,rsi7,sto,sto1,sto2,sto3,sto4,sto5,sto6,sto7,macd,macd1,macd2,macd3,macd4,macd5,macd6,macd7,macdl,macd1l,macd2l,macd3l,macd4l,macd5l,macd6l,macd7l,macds,macd1s,macd2s,macd3s,macd4s,macd5s,macd6s,macd7s,stol,sto1l,sto2l,sto3l,sto4l,sto5l,sto6l,sto7l,stos,sto1s,sto2s,sto3s,sto4s,sto5s,sto6s,sto7s,Pred
0.014874,0.0148650625,0.0148526875,0.0148386875,0.014837,0.014841375,0.014844875,0.0148229,57.7493452356403,50.97162830385128,45.54394852374004,40.072976844810704,40.83485318878993,44.95867947797457,47.28458179182657,39.36100931503963,4.930528136093251,-20.99074122053212,2.220446049250313e-15,-8.881784197001252e-16,19.69560707033719,-12.467679788575364,8.469980408794394,-1.653239740034174,4.08892209078089e-06,1.3449922865029817e-06,-1.7821547778995516e-06,-3.354783823186138e-06,-2.654613196313764e-06,-5.290820535969574e-07,7.022087501715703e-07,-1.0641031787828793e-06,3.926520594426525e-06,3.8820252790216885e-06,-9.158401952308673e-08,-4.524081156146147e-06,-6.920142847954055e-06,-6.1602481447068855e-06,-4.6180379884483945e-06,-6.920195163467001e-06,-1.6240149635436555e-07,2.5370329925187067e-06,1.6905707583764648e-06,-1.1692973329600096e-06,-4.265529651640291e-06,-5.631166091109928e-06,-5.320246738619965e-06,-5.856091984684122e-06,50.944447323192726,13.620549122038698,20.67493428578514,6.732909874622558,68.13728414725573,68.01408085135267,67.42424632916664,33.30934053279193,46.013919187099475,34.61129034257082,20.67493428578514,6.732909874622559,48.44167707691854,80.48176063992803,58.95426592037224,34.9625802728261,0
