p1,p2,p3,p4,p5,p6,p7,p8,rsi,rsi1,rsi2,rsi3,rsi4,rsi5,rsi6,rsi7,sto,sto1,sto2,sto3,sto4,sto5,sto6,sto7,macd,macd1,macd2,macd3,macd4,macd5,macd6,macd7,macdl,macd1l,macd2l,macd3l,macd4l,macd5l,macd6l,macd7l,macds,macd1s,macd2s,macd3s,macd4s,macd5s,macd6s,macd7s,stol,sto1l,sto2l,sto3l,sto4l,sto5l,sto6l,sto7l,stos,sto1s,sto2s,sto3s,sto4s,sto5s,sto6s,sto7s,Pred
0.015042062500000002,0.0150275,0.0150261875,0.0150370625,0.0150378125,0.0150353125,0.0150365,0.0150547,47.03221731604776,42.23860660162691,45.00538277947737,50.851660520822115,50.123421668068126,48.92864457048492,50.389626503192055,55.48010678201054,-14.525210489415969,17.775419299466176,4.744176686507416,-0.7532629187911191,-7.179612278113978,-13.314335606056185,19.977197471190856,-4.908113398447287,-3.1810495216972742e-06,-4.314172692631355e-06,-2.6303007599546188e-06,4.715942700239932e-07,1.4243050478723036e-06,9.68532267045e-07,2.9925035596255945e-07,2.053699716375514e-06,6.822404582627895e-07,-4.516713374068133e-06,-6.181076118723372e-06,-3.860080838449277e-06,-1.5509771514096021e-06,-6.959389223749543e-07,-1.157066236074679e-06,4.024721214598327e-06,3.863289979960064e-06,-2.025406814367774e-07,-3.5507753587687533e-06,-4.331675108473271e-06,-2.9752821992819057e-06,-1.6644711894199544e-06,-1.4563165920372383e-06,1.971021498222813e-06,25.368741905492307,55.93814977066572,65.87127091352393,81.32406168537707,46.871472505262375,23.034710851226603,69.96338441266255,55.655548988615024,39.893952394908275,38.162730471199545,61.12709422701651,82.07732460416818,54.05108478337635,36.34904645728279,49.986186941471686,60.56366238706231,0
