p1,p2,p3,p4,p5,p6,p7,p8,rsi,rsi1,rsi2,rsi3,rsi4,rsi5,rsi6,rsi7,sto,sto1,sto2,sto3,sto4,sto5,sto6,sto7,macd,macd1,macd2,macd3,macd4,macd5,macd6,macd7,macdl,macd1l,macd2l,macd3l,macd4l,macd5l,macd6l,macd7l,macds,macd1s,macd2s,macd3s,macd4s,macd5s,macd6s,macd7s,stol,sto1l,sto2l,sto3l,sto4l,sto5l,sto6l,sto7l,stos,sto1s,sto2s,sto3s,sto4s,sto5s,sto6s,sto7s,Pred
0.015164562500000001,0.0151829375,0.0151466875,0.0151171875,0.01510025,0.015117125,0.0151113125,0.015091,61.215107692253014,62.84906029113015,49.537781049680625,45.02692422936596,42.13640134825737,47.40831135601612,45.9312144961665,41.20543840829623,-19.901169857488544,19.901169857488547,-25.0,7.535242708226086,12.302375097658006,-0.8401050196663284,-13.325215474054286,7.47013703124221,2.9144844653653614e-06,8.192057979624627e-07,-4.102820010825532e-06,-9.398161340431507e-06,-9.226828045635267e-06,-4.032045440396801e-06,-1.1276253698541724e-06,-1.736669583301601e-06,2.3662743161872567e-05,2.2569155207529182e-05,1.627905147139801e-05,2.865899105931099e-06,-6.422953443128553e-06,-7.519314890682208e-06,-6.421359425377859e-06,-9.225310128514568e-06,2.0748258696507208e-05,2.174994940956672e-05,2.0381871482223544e-05,1.2264060446362606e-05,2.8038746025067133e-06,-3.4872694502854065e-06,-5.293734055523687e-06,-7.488640545212967e-06,49.26489327817811,81.57685359990207,8.317938100245394,27.00558458346125,34.51285341765225,88.05293784794469,21.123427276476917,33.61256850874698,69.16606313566665,61.675683742413526,33.31793810024539,19.470341875235164,22.210478319994245,88.89304286761102,34.44864275053121,26.142431477504775,0
