p1,p2,p3,p4,p5,p6,p7,p8,rsi,rsi1,rsi2,rsi3,rsi4,rsi5,rsi6,rsi7,sto,sto1,sto2,sto3,sto4,sto5,sto6,sto7,macd,macd1,macd2,macd3,macd4,macd5,macd6,macd7,macdl,macd1l,macd2l,macd3l,macd4l,macd5l,macd6l,macd7l,macds,macd1s,macd2s,macd3s,macd4s,macd5s,macd6s,macd7s,stol,sto1l,sto2l,sto3l,sto4l,sto5l,sto6l,sto7l,stos,sto1s,sto2s,sto3s,sto4s,sto5s,sto6s,sto7s,Pred
0.0149508125,0.014948312500000002,0.014928125,0.014928499999999999,0.0149174375,0.014913125000000001,0.0148946875,0.014820175,61.179767515316826,57.220189628349274,48.500572569517246,48.39481305523288,43.56598554056107,42.14538977288581,38.15890431069015,35.01470359934762,-12.171221213882642,-12.828778786117363,17.375600706536254,-17.37560070653626,3.707179808831929,1.9009323727689655,8.8970877065424,1.1385362725160568,1.67143402858485e-06,-6.284413523307074e-07,-4.647963074824479e-06,-4.258087458349154e-06,-4.278704728907528e-06,-3.405001215913896e-06,-3.2876513810115743e-06,-8.282449113351661e-06,1.6998936792169718e-05,1.5193546891524405e-05,7.778803830420147e-06,3.6458982762186364e-06,-7.076206328428258e-07,-3.625967139623317e-06,-6.69245112656057e-06,-2.591615261759144e-05,1.5327502763584868e-05,1.5821988243855113e-05,1.2426766905244626e-05,7.90398573456779e-06,3.5710840960647018e-06,-2.2096592370942133e-07,-3.4047997455489953e-06,-1.763370350423978e-05,27.069310312763832,25.000000000000004,32.09954357258086,45.22800361500376,15.75658348413103,30.58880418144083,34.25779983221498,56.102033774543635,39.24053152664647,37.82877878611737,14.723942866044606,62.60360432154002,12.0494036752991,28.68787180867186,25.360712125672578,54.96349750202758,0
