p1,p2,p3,p4,p5,p6,p7,p8,rsi,rsi1,rsi2,rsi3,rsi4,rsi5,rsi6,rsi7,sto,sto1,sto2,sto3,sto4,sto5,sto6,sto7,macd,macd1,macd2,macd3,macd4,macd5,macd6,macd7,macdl,macd1l,macd2l,macd3l,macd4l,macd5l,macd6l,macd7l,macds,macd1s,macd2s,macd3s,macd4s,macd5s,macd6s,macd7s,stol,sto1l,sto2l,sto3l,sto4l,sto5l,sto6l,sto7l,stos,sto1s,sto2s,sto3s,sto4s,sto5s,sto6s,sto7s,Pred
0.0147351875,0.0147338125,0.0147161875,0.0146743125,0.0146501875,0.014683499999999999,0.014689250000000001,0.014707075,55.68953388348292,55.027823374378386,49.90419316673275,42.217555742070985,39.217223751694554,48.58932351757659,50.547987014725805,53.54790221932517,-18.996570388439103,21.85056037088218,-25.00000000000002,2.6286065700663985,14.038060096600233,-7.162813337331102,15.496146670664393,-6.411991935721006,1.6061732628067517e-05,8.433625956691052e-06,2.2696901685548773e-06,-5.5696657425966465e-06,-8.170025752185759e-06,-1.7127006764711894e-06,1.2696573758582879e-06,3.387759117461665e-06,8.181160479673287e-06,1.1474405414746511e-05,1.0387038186799799e-05,-5.078204932187913e-07,-1.076585656335739e-05,-8.663186138038043e-06,-5.557801501609224e-06,2.6585138702217225e-06,-7.880572148394232e-06,3.0407794580554586e-06,8.117348018244923e-06,5.061845249377855e-06,-2.5958308111716303e-06,-6.950485461566853e-06,-6.827458877467512e-06,-7.292452472399427e-07,16.828648257592274,50.0,15.784890955029951,7.885819710199252,37.41458292587094,73.67643047915573,81.98960368303247,56.66574532801603,35.82521864603138,28.14943962911782,40.78489095502997,5.257213140132854,23.376522829270705,80.83924381648683,66.49345701236808,63.077737263737035,0
