p1,p2,p3,p4,p5,p6,p7,p8,rsi,rsi1,rsi2,rsi3,rsi4,rsi5,rsi6,rsi7,sto,sto1,sto2,sto3,sto4,sto5,sto6,sto7,macd,macd1,macd2,macd3,macd4,macd5,macd6,macd7,macdl,macd1l,macd2l,macd3l,macd4l,macd5l,macd6l,macd7l,macds,macd1s,macd2s,macd3s,macd4s,macd5s,macd6s,macd7s,stol,sto1l,sto2l,sto3l,sto4l,sto5l,sto6l,sto7l,stos,sto1s,sto2s,sto3s,sto4s,sto5s,sto6s,sto7s,Pred
0.01523625,0.015247625,0.015249687500000001,0.015239437500000001,0.01523825,0.01523725,0.0152266875,0.015238699999999999,46.67874363805912,51.09726303284762,49.834447421995165,47.90041874776371,47.98201539112646,48.470258456670734,43.77912233727112,50.97366382375469,-12.475728002627696,17.522695670535718,-14.842464384491771,10.190456929249404,0.47895557884157824,7.459417541826122,-13.454654085136516,-4.618138365945357,-6.556207018219628e-06,-3.2508359619368965e-06,-6.688826283136459e-07,-1.5249217286182536e-06,-1.29735777730368e-06,-7.012806920850995e-07,-1.438410725751879e-06,9.478909045431304e-07,1.8075084627405986e-06,1.7592065354021108e-07,1.7351172313701153e-06,-3.8330420428422593e-07,-1.6373444842029614e-06,-1.9830986056805847e-06,-3.643044428221307e-06,-1.2055854017468254e-06,8.363715480960227e-06,3.4267566154771076e-06,2.403999859683761e-06,1.1416175243340277e-06,-3.3998670689928125e-07,-1.2818179135954852e-06,-2.204633702469428e-06,-2.153476306289956e-06,43.66297692151125,74.15146501526355,33.63725414397559,41.052795623223815,61.61458365579108,58.84713302946235,20.37761014118959,61.04504203557305,56.13870492413895,56.628769344727836,48.47971852846736,30.86233869397441,61.1356280769495,51.38771548763623,33.8322642263261,65.6631804015184,0
