p1,p2,p3,p4,p5,p6,p7,p8,rsi,rsi1,rsi2,rsi3,rsi4,rsi5,rsi6,rsi7,sto,sto1,sto2,sto3,sto4,sto5,sto6,sto7,macd,macd1,macd2,macd3,macd4,macd5,macd6,macd7,macdl,macd1l,macd2l,macd3l,macd4l,macd5l,macd6l,macd7l,macds,macd1s,macd2s,macd3s,macd4s,macd5s,macd6s,macd7s,stol,sto1l,sto2l,sto3l,sto4l,sto5l,sto6l,sto7l,stos,sto1s,sto2s,sto3s,sto4s,sto5s,sto6s,sto7s,Pred
0.013823687500000001,0.0138004375,0.0137664375,0.0137539375,0.01374775,0.013746250000000002,0.0137180625,0.013717725,53.733343454791644,47.92142065223644,44.602353251541345,44.52780804886885,44.41169519527506,44.70073984556162,41.28233844276026,44.76408023690583,21.35112387777402,-25.000000000000004,21.73160298179319,1.7662500114473145,-20.876238888301536,-0.3352466130795886,20.409467829109808,-7.246687588848326,-2.149901340281166e-05,-1.3977495456467411e-05,-1.556786555105713e-05,-1.1084125876816807e-05,-5.849845109773918e-06,-3.1061157487098472e-06,-4.295222699170276e-06,5.206353305327953e-08,2.454329746661441e-05,1.711323588223781e-05,-4.1794588631497223e-07,-8.794541790823045e-06,-1.0781551728190116e-05,-1.216091257338946e-05,-1.7359102027129578e-05,-1.6089198034206256e-05,4.604231086942607e-05,3.109073133870522e-05,1.5149919664742157e-05,2.289584085993761e-06,-4.931706618416198e-06,-9.054796824679613e-06,-1.3063879327959302e-05,-1.6141261567259534e-05,80.75566540660566,12.564919473796328,56.83554483529011,48.394194430380786,26.40122927431468,56.8591024755782,43.08750596290763,51.37558558866728,59.40454152883163,37.56491947379633,35.10394185349692,46.62794441893347,47.277468162616216,57.19434908865779,22.678038133797816,58.6222731775156,0
