p1,p2,p3,p4,p5,p6,p7,p8,rsi,rsi1,rsi2,rsi3,rsi4,rsi5,rsi6,rsi7,sto,sto1,sto2,sto3,sto4,sto5,sto6,sto7,macd,macd1,macd2,macd3,macd4,macd5,macd6,macd7,macdl,macd1l,macd2l,macd3l,macd4l,macd5l,macd6l,macd7l,macds,macd1s,macd2s,macd3s,macd4s,macd5s,macd6s,macd7s,stol,sto1l,sto2l,sto3l,sto4l,sto5l,sto6l,sto7l,stos,sto1s,sto2s,sto3s,sto4s,sto5s,sto6s,sto7s,Pred
0.014407812499999999,0.0144194375,0.01441175,0.014394875,0.014408250000000001,0.014421375,0.0144120625,0.01445425,51.43343516379266,52.03007163632915,50.47183100310583,48.222127174176045,50.890339152770856,53.400450104074274,49.959081242621664,58.39821195494271,11.359042557442162,-18.65665630179219,-6.343343698207805,5.625129991434126e-15,17.697448609829884,1.262300027189374,-15.430130041710086,5.076905758185047,-1.1089665533133954e-06,1.2609791684692924e-06,-1.1619367202608722e-06,-3.691064655039932e-06,-2.234679957822006e-06,6.28696309000552e-07,4.667169953402411e-07,3.581647308980121e-06,8.173410442638852e-06,1.1579599862194916e-05,8.921729866309593e-06,3.6768064095729983e-06,1.9127873418902167e-06,4.03285729892516e-06,5.307834727230447e-06,1.1539361428303426e-05,9.282376995952248e-06,1.0318620693725623e-05,1.0083666586570465e-05,7.36787106461293e-06,4.147467299712222e-06,3.404160989924608e-06,4.8411177318902055e-06,7.957714119323305e-06,64.59668923883949,41.435448041098084,23.88312534285519,11.632954822788763,76.69129515633156,66.07815832654727,16.089156101021267,68.2621202125402,53.23764668139732,60.09210434289027,30.226469041062995,11.632954822788758,58.99384654650168,64.8158582993579,31.519286142731353,63.185214454355155,0
