p1,p2,p3,p4,p5,p6,p7,p8,rsi,rsi1,rsi2,rsi3,rsi4,rsi5,rsi6,rsi7,sto,sto1,sto2,sto3,sto4,sto5,sto6,sto7,macd,macd1,macd2,macd3,macd4,macd5,macd6,macd7,macdl,macd1l,macd2l,macd3l,macd4l,macd5l,macd6l,macd7l,macds,macd1s,macd2s,macd3s,macd4s,macd5s,macd6s,macd7s,stol,sto1l,sto2l,sto3l,sto4l,sto5l,sto6l,sto7l,stos,sto1s,sto2s,sto3s,sto4s,sto5s,sto6s,sto7s,Pred
0.014456687499999999,0.0144385,0.01444625,0.0145445,0.014548,0.014516625,0.0145008125,0.014516625,39.988402820748504,38.95543871739568,44.56702222876971,61.41913615851417,57.68667624398073,51.43883300247575,48.917886327700074,51.95542151155649,6.509389688286385,-3.9512019822109314,6.871960577746453,-13.81747719075152,-0.9097020110463987,-7.019554574770803,0.2894705620402013,3.086196164794607,5.008890190806727e-06,2.6958339315586674e-06,2.9930185524630394e-06,1.5327597848053616e-05,1.3537766057768562e-05,4.1056553507966476e-06,-3.014281067151275e-06,-1.2095829096822522e-06,-2.5192314712423926e-05,-2.3760654237111375e-05,-2.125955947954476e-05,1.9969324215121653e-06,1.5258017875380194e-05,1.3879828807453285e-05,5.769072616556518e-06,3.5850808332597503e-06,-3.020120490323065e-05,-2.6456488168670044e-05,-2.4252578032007798e-05,-1.333066542654145e-05,1.7202518176116326e-06,9.774173456656638e-06,8.783353683707793e-06,4.794663742942002e-06,41.231521310509905,45.17385052817862,78.81862964350937,72.1820877400678,40.487513927983066,9.218066123035717,13.455621404682061,62.35068254903443,34.722131622223515,49.12505251038955,71.9466690657629,85.99956493081932,41.397215939029465,16.23762069780652,13.16615084264186,59.264486384239824,0
