p1,p2,p3,p4,p5,p6,p7,p8,rsi,rsi1,rsi2,rsi3,rsi4,rsi5,rsi6,rsi7,sto,sto1,sto2,sto3,sto4,sto5,sto6,sto7,macd,macd1,macd2,macd3,macd4,macd5,macd6,macd7,macdl,macd1l,macd2l,macd3l,macd4l,macd5l,macd6l,macd7l,macds,macd1s,macd2s,macd3s,macd4s,macd5s,macd6s,macd7s,stol,sto1l,sto2l,sto3l,sto4l,sto5l,sto6l,sto7l,stos,sto1s,sto2s,sto3s,sto4s,sto5s,sto6s,sto7s,Pred
0.014459875,0.014442,0.01447075,0.0144835,0.0144555,0.014465124999999999,0.0144505625,0.01442185,49.215087873726894,46.58041188040126,51.792650698865,52.47623763302548,47.59051345092848,50.38754451487564,47.30856918070967,43.98846826280316,-8.173728119664252,6.428034270069835,8.333333333333332,-24.021801720481196,1.484608978034767,16.517345309740776,-2.31348590062768,0.8721643223123581,-3.828862418444653e-06,-5.230616986539037e-06,-1.501212858616208e-06,3.486913051739804e-06,-1.0945122507865065e-06,-1.117206146990132e-06,-1.7078227608922325e-06,-3.6723564290755346e-06,3.5270866631633216e-06,-2.482854121245784e-06,-2.774064407433472e-06,4.964603415018136e-06,1.1142610973763345e-06,-5.267617416144892e-07,-2.3195315671381556e-06,-1.0074885685147465e-05,7.355949081607975e-06,2.7477628652932543e-06,-1.272851548817264e-06,1.4776903632783318e-06,2.208773348162841e-06,5.904444053756429e-07,-6.117088062459231e-07,-6.40252925607193e-06,54.2004784888769,39.07854351544602,81.62937244708716,27.139688786528726,12.500955999827719,78.27040692499314,29.153363665504784,36.6418225559977,62.37420660854115,32.650509245376185,73.29603911375384,51.16149050700992,11.016347021792951,61.75306161525236,31.466849566132463,35.76965823368534,0
