p1,p2,p3,p4,p5,p6,p7,p8,rsi,rsi1,rsi2,rsi3,rsi4,rsi5,rsi6,rsi7,sto,sto1,sto2,sto3,sto4,sto5,sto6,sto7,macd,macd1,macd2,macd3,macd4,macd5,macd6,macd7,macdl,macd1l,macd2l,macd3l,macd4l,macd5l,macd6l,macd7l,macds,macd1s,macd2s,macd3s,macd4s,macd5s,macd6s,macd7s,stol,sto1l,sto2l,sto3l,sto4l,sto5l,sto6l,sto7l,stos,sto1s,sto2s,sto3s,sto4s,sto5s,sto6s,sto7s,Pred
0.0144776875,0.0144535625,0.014508125,0.0145930625,0.0145784375,0.01459625,0.01459075,0.014576200000000001,27.84385348106051,32.780200940024855,43.56462036036948,53.6214608955638,50.67097249295423,53.28563498248025,50.4936584879169,49.22942688577606,3.7172122615102077,13.090780276735279,0.07264008515885223,-4.423609272172072,-8.62323729354151,8.167764272503959,-20.1209177067904,0.5596055806457366,-1.737385789544387e-05,-1.4486778109084811e-05,3.1314607936485596e-06,1.9108943967066305e-05,1.6042951038512462e-05,1.134830827327225e-05,6.682007729949222e-06,1.121413782185394e-08,-5.128268835083265e-05,-6.557546521057103e-05,-5.197115973757478e-05,-2.173001779166763e-05,-6.337335417559535e-06,1.1726233226129479e-06,5.723794679617696e-06,7.896348733854585e-07,-3.390883045538878e-05,-5.108868710148622e-05,-5.510262053122334e-05,-4.0838961758733936e-05,-2.2380286456071997e-05,-1.0175684950659301e-05,-9.582130503315258e-07,7.784207355636047e-07,17.7548694571588,84.13341748604427,99.50095139155464,92.93010630340147,32.37404315478953,63.844853786426484,16.94417150329399,47.212347228522326,14.037657195648592,71.04263720930898,99.42831130639578,97.35371557557355,40.99728044833105,55.677089513922525,37.065089210084395,46.65274164787659,0
