p1,p2,p3,p4,p5,p6,p7,p8,rsi,rsi1,rsi2,rsi3,rsi4,rsi5,rsi6,rsi7,sto,sto1,sto2,sto3,sto4,sto5,sto6,sto7,macd,macd1,macd2,macd3,macd4,macd5,macd6,macd7,macdl,macd1l,macd2l,macd3l,macd4l,macd5l,macd6l,macd7l,macds,macd1s,macd2s,macd3s,macd4s,macd5s,macd6s,macd7s,stol,sto1l,sto2l,sto3l,sto4l,sto5l,sto6l,sto7l,stos,sto1s,sto2s,sto3s,sto4s,sto5s,sto6s,sto7s,Pred
0.0146033125,0.014528625,0.0144494375,0.0143863125,0.01438425,0.0144229375,0.0144855625,0.01440915,57.80112029644773,47.07248582801631,38.28178372949914,33.99470235860141,36.606687570937595,45.23668573181809,55.51099924554501,43.62009275329468,13.138484389977625,-16.966156862645132,9.347506131733821,1.1440848732867412,9.586777446764726,-1.9735678144375193,4.773697481480696,-5.914743443894496,-1.3307378911751188e-05,-1.577247561073564e-05,-2.3508926021877027e-05,-2.3607768158813985e-05,-1.4568074901274465e-05,-3.620999257646479e-08,1.184537499579168e-05,1.5639213810366532e-06,3.580417549501171e-05,1.9976117617894265e-05,-8.832771634234224e-06,-3.30273717657841e-05,-4.270877344888808e-05,-3.359782606038699e-05,-1.4546291780522316e-05,-1.137064034602217e-05,4.91115544067629e-05,3.5748593228629906e-05,1.4676154387642803e-05,-9.419603606970114e-06,-2.814069854761361e-05,-3.356161606781052e-05,-2.6391666776313998e-05,-1.2934561727058824e-05,87.94923529396777,2.7506957172443072e-14,14.021259197600685,15.737386507530736,81.18036075154502,87.74353529210961,96.81774717824243,18.113731010689005,74.81075090399014,16.966156862645157,4.673753065866864,14.593301634243995,71.5935833047803,89.71710310654714,92.04404969676173,24.0284744545835,0
