p1,p2,p3,p4,p5,p6,p7,p8,rsi,rsi1,rsi2,rsi3,rsi4,rsi5,rsi6,rsi7,sto,sto1,sto2,sto3,sto4,sto5,sto6,sto7,macd,macd1,macd2,macd3,macd4,macd5,macd6,macd7,macdl,macd1l,macd2l,macd3l,macd4l,macd5l,macd6l,macd7l,macds,macd1s,macd2s,macd3s,macd4s,macd5s,macd6s,macd7s,stol,sto1l,sto2l,sto3l,sto4l,sto5l,sto6l,sto7l,stos,sto1s,sto2s,sto3s,sto4s,sto5s,sto6s,sto7s,Pred
0.013673749999999998,0.0136806875,0.013648062499999999,0.013760999999999999,0.013857,0.013923,0.0138283125,0.01376555,66.1889631174586,58.74217299121709,52.61302848989782,63.8678228272062,67.62397216348955,65.09290954936927,54.174356306838405,49.741952109041094,7.308126527366898,-22.827564995930693,8.030214659469022,10.000086287233202,4.544585505770103,-22.57488645247234,-2.3684757858670005e-15,7.385122231349938,8.017289788594222e-06,8.998642256631661e-06,-1.8542262685756173e-06,5.626173716539329e-06,1.664736596143557e-05,1.9000156200553174e-05,-3.3020472298332848e-06,-1.7626132541429936e-05,2.0592146691788323e-05,3.227240654836124e-05,2.3195016815298446e-05,3.1469386535679014e-05,5.5653934201772056e-05,7.866634331375527e-05,6.218155181866641e-05,1.5641425687221504e-05,1.2574856903194102e-05,2.3273764291729577e-05,2.5049243083874065e-05,2.5843212819139684e-05,3.9006568240336484e-05,5.96661871132021e-05,6.54835990484997e-05,3.326755822865144e-05,93.48269498779206,10.131966581749065,25.355901259138815,89.54545142005335,61.18324594737935,30.416195910673174,4.607440429552973,68.5807067552336,86.17456846042515,32.959531577679755,17.325686599669794,79.54536513282015,56.63866044160925,52.991082363145516,4.607440429552976,61.19558452388366,0
