p1,p2,p3,p4,p5,p6,p7,p8,rsi,rsi1,rsi2,rsi3,rsi4,rsi5,rsi6,rsi7,sto,sto1,sto2,sto3,sto4,sto5,sto6,sto7,macd,macd1,macd2,macd3,macd4,macd5,macd6,macd7,macdl,macd1l,macd2l,macd3l,macd4l,macd5l,macd6l,macd7l,macds,macd1s,macd2s,macd3s,macd4s,macd5s,macd6s,macd7s,stol,sto1l,sto2l,sto3l,sto4l,sto5l,sto6l,sto7l,stos,sto1s,sto2s,sto3s,sto4s,sto5s,sto6s,sto7s,Pred
0.012403625,0.012387249999999999,0.0124001875,0.012401875,0.01238525,0.0123795,0.012351,0.012320625,49.406778976359035,46.67067159321731,50.477426542891585,50.46722176131642,45.32669288271484,45.30366234433726,38.574224650485036,37.784144517552726,0.7529799741253025,17.63668541557865,3.6400375015799753,-4.2228616565409585,-17.505815012947178,13.412663115755485,-13.713689337551322,4.653674688507679,1.2873352106418004e-05,4.861781309059885e-06,4.148514678810196e-06,3.912255825092756e-06,1.2019674993970404e-06,-7.416008140825552e-07,-2.8566686748715026e-06,-3.8292014564847086e-06,-1.1028320540487548e-05,-1.200291642444902e-05,-8.713984905387752e-06,-4.788690641933328e-06,-4.846871704016452e-06,-7.271571584696775e-06,-1.1099567251204867e-05,-1.9737091285584873e-05,-2.3901672646905552e-05,-1.6864697733508906e-05,-1.2862499584197948e-05,-8.700946467026084e-06,-6.048839203413492e-06,-6.529970770614219e-06,-8.242898576333364e-06,-1.5907889829100166e-05,24.013021729532568,63.31336684928736,91.0891086738518,41.20302364108822,11.132587576687767,66.03787151212542,18.105780070329697,46.33951119083473,23.26004175540726,45.67668143370871,87.44907117227181,45.42588529762918,28.638402589634946,52.62520839636994,31.81946940788102,41.68583650232705,0
