p1,p2,p3,p4,p5,p6,p7,p8,rsi,rsi1,rsi2,rsi3,rsi4,rsi5,rsi6,rsi7,sto,sto1,sto2,sto3,sto4,sto5,sto6,sto7,macd,macd1,macd2,macd3,macd4,macd5,macd6,macd7,macdl,macd1l,macd2l,macd3l,macd4l,macd5l,macd6l,macd7l,macds,macd1s,macd2s,macd3s,macd4s,macd5s,macd6s,macd7s,stol,sto1l,sto2l,sto3l,sto4l,sto5l,sto6l,sto7l,stos,sto1s,sto2s,sto3s,sto4s,sto5s,sto6s,sto7s,Pred
0.0126748125,0.0127039375,0.012772687500000001,0.0127865,0.0127838125,0.0128476875,0.01278925,0.01273955,61.39940475414947,65.1293233792613,73.27366473551253,66.44256905229597,62.12909508186594,69.0062811759037,53.17983334398088,46.754543578123226,2.076836562684427,20.8324310181399,2.0907324191756835,-22.25141803448932,16.514373345866538,-9.426460748736085,-6.417930001734224,1.1696685407379395,-4.277949888134824e-06,-6.994477971438749e-06,-7.842396670980738e-07,2.0191422809568295e-06,-4.186286775773603e-06,1.7542170560227972e-07,-6.980197362757906e-06,-1.4319703465131801e-05,5.766090753718577e-05,4.7945081878579196e-05,5.007920907283822e-05,5.551741174292246e-05,4.692774539426367e-05,4.9128574288472525e-05,3.943730513798066e-05,8.63216826668036e-06,6.193885742532059e-05,5.4939559850017945e-05,5.086344873993629e-05,5.3498269461965634e-05,5.111403217003727e-05,4.8953152582870245e-05,4.641750250073857e-05,2.295187173181216e-05,3.1152548440266368,91.2998892836109,100.0,8.555254845302862,43.90976484859468,77.25474184396168,7.381284749041148,38.344804396998676,1.0384182813422098,70.467458265471,97.90926758082432,30.80667287979218,27.395391502728145,86.68120259269776,13.799214750775372,37.17513585626074,0
