p1,p2,p3,p4,p5,p6,p7,p8,rsi,rsi1,rsi2,rsi3,rsi4,rsi5,rsi6,rsi7,sto,sto1,sto2,sto3,sto4,sto5,sto6,sto7,macd,macd1,macd2,macd3,macd4,macd5,macd6,macd7,macdl,macd1l,macd2l,macd3l,macd4l,macd5l,macd6l,macd7l,macds,macd1s,macd2s,macd3s,macd4s,macd5s,macd6s,macd7s,stol,sto1l,sto2l,sto3l,sto4l,sto5l,sto6l,sto7l,stos,sto1s,sto2s,sto3s,sto4s,sto5s,sto6s,sto7s,Pred
0.012261875,0.012257875000000001,0.012262875,0.01229175,0.0123315625,0.01234,0.0123234375,0.0123635,45.22059097563244,45.353036402912366,46.99099458620937,58.01902699858311,66.00911941879934,58.223069688458686,54.48833930188859,61.0904346709551,7.031173754822031,6.801922813289956,-2.1128490210972792,-6.295965346984712,10.54526278824626,-24.154263244674116,7.1216546934794716,1.707886333228453,2.5844759725827206e-06,3.169120181482912e-06,3.3576291652057977e-06,6.275696061874543e-06,8.85812781652384e-06,8.280241133388532e-06,9.992283458124354e-07,1.8097943892653342e-06,-1.4956471963999563e-05,-1.126489624931606e-05,-7.700844508256536e-06,1.7962371670621202e-07,1.02898968904982e-05,1.954164184973144e-05,1.545676536433534e-05,1.7496641367763766e-05,-1.7540947936582282e-05,-1.4434016430798973e-05,-1.1058473673462334e-05,-6.096072345168331e-06,1.4317690739743587e-06,1.1261400716342908e-05,1.4457537018522906e-05,1.568684697849843e-05,82.22511552472199,43.590654739507215,65.55093105029192,78.0774984573808,85.1578548531986,11.533146412318274,33.45106002579564,68.41425936740399,75.19394176989995,36.78873192621727,67.6637800713892,84.37346380436551,74.61259206495234,35.687409656992386,26.32940533231617,66.70637303417553,0
