p1,p2,p3,p4,p5,p6,p7,p8,rsi,rsi1,rsi2,rsi3,rsi4,rsi5,rsi6,rsi7,sto,sto1,sto2,sto3,sto4,sto5,sto6,sto7,macd,macd1,macd2,macd3,macd4,macd5,macd6,macd7,macdl,macd1l,macd2l,macd3l,macd4l,macd5l,macd6l,macd7l,macds,macd1s,macd2s,macd3s,macd4s,macd5s,macd6s,macd7s,stol,sto1l,sto2l,sto3l,sto4l,sto5l,sto6l,sto7l,stos,sto1s,sto2s,sto3s,sto4s,sto5s,sto6s,sto7s,Pred
0.0132356875,0.0132263125,0.0132276875,0.0132035625,0.0131723125,0.013176499999999999,0.0131409375,0.0131445,56.534761011468404,54.28614414618275,54.56936519427908,46.63128810448256,40.762913775469244,43.20178025810193,35.352934851228,45.428311031365624,17.55168019807212,-24.11883597375782,17.68359337249903,-18.564757398741186,19.293035229016038,-17.018521131793705,-2.2745140972222835,7.022226923783587,-1.4157589446900547e-06,-7.089641428472714e-07,-1.5561175353376756e-06,-3.5648777436133516e-06,-7.553079556054186e-06,-4.694651496976384e-06,-5.2376380490618934e-06,2.658942089005752e-07,9.019201121473076e-06,9.276816481131739e-06,6.647347664684184e-06,2.5156756731361737e-06,-7.997662841032534e-06,-1.0997264926670882e-05,-1.5972954855851453e-05,-1.8745414286612182e-05,1.043496006616313e-05,9.98578062397901e-06,8.20346520002186e-06,6.080553416749525e-06,-4.4458328497834886e-07,-6.302613429694498e-06,-1.073531680678956e-05,-1.9011308495512757e-05,51.88641314290752,19.312342349879984,63.222800030890276,1.1992724061184914,32.87910568704808,46.25918277812292,0.0,64.82706275923938,34.33473294483541,43.4311783236378,45.53920665839125,19.764029804859675,13.586070458032042,63.277703909916625,2.2745140972222835,57.80483583545579,0
