p1,p2,p3,p4,p5,p6,p7,p8,rsi,rsi1,rsi2,rsi3,rsi4,rsi5,rsi6,rsi7,sto,sto1,sto2,sto3,sto4,sto5,sto6,sto7,macd,macd1,macd2,macd3,macd4,macd5,macd6,macd7,macdl,macd1l,macd2l,macd3l,macd4l,macd5l,macd6l,macd7l,macds,macd1s,macd2s,macd3s,macd4s,macd5s,macd6s,macd7s,stol,sto1l,sto2l,sto3l,sto4l,sto5l,sto6l,sto7l,stos,sto1s,sto2s,sto3s,sto4s,sto5s,sto6s,sto7s,Pred
0.0118245625,0.01183,0.0118278125,0.0118224375,0.0118288125,0.011791187500000001,0.011758125,0.011769525,58.15092852223678,58.729459610439115,56.16180164664293,51.134740316165725,54.08127069024573,41.165628417077265,39.298024414213884,45.490583363518844,-1.2538193484608176,-13.636302042757444,6.208351532351397,-12.877020671086958,25.00000000000001,-24.99999999999999,20.89836192912633,-0.8853991880499479,1.9550580610963114e-06,1.0246674238572594e-06,-4.995074131062998e-07,-1.526917383912846e-06,-2.1321036731966476e-06,-4.113371521730849e-06,-8.985075831019921e-06,-1.8090935698722149e-06,1.0441698910838848e-05,1.0876780137529605e-05,9.332205266295631e-06,7.45498224831876e-06,4.26746258861202e-06,6.904441577195233e-08,-1.2694925912317898e-05,-1.258390843486383e-05,8.486640849742537e-06,9.852112713672346e-06,9.831712679401931e-06,8.981899632231606e-06,6.3995662618086674e-06,4.182415937502801e-06,-3.7098500812979764e-06,-1.0774814864991615e-05,55.75309933941004,55.38337513947015,39.33479908965393,17.893752701770588,71.9254676437402,0.8650909364885168,50.64075278803662,65.90668337355002,57.00691868787086,69.0196771822276,33.126447557302534,30.770773372857544,46.92546764374019,25.865090936488507,29.742390858910287,66.79208256159997,0
