p1,p2,p3,p4,p5,p6,p7,p8,rsi,rsi1,rsi2,rsi3,rsi4,rsi5,rsi6,rsi7,sto,sto1,sto2,sto3,sto4,sto5,sto6,sto7,macd,macd1,macd2,macd3,macd4,macd5,macd6,macd7,macdl,macd1l,macd2l,macd3l,macd4l,macd5l,macd6l,macd7l,macds,macd1s,macd2s,macd3s,macd4s,macd5s,macd6s,macd7s,stol,sto1l,sto2l,sto3l,sto4l,sto5l,sto6l,sto7l,stos,sto1s,sto2s,sto3s,sto4s,sto5s,sto6s,sto7s,Pred
0.0117173125,0.0117451875,0.011761875,0.0117805,0.0117870625,0.011738,0.011757687499999999,0.011758575,65.11721649690692,65.40811701946282,67.47867936606485,70.21860284071896,65.8049474174688,49.985024241953795,55.255862589359424,53.85669209467512,8.986976948224068,-10.863121794945224,-5.096424443038922,15.959546237984155,-22.38860889647173,2.4750815703622466,19.913527326109474,-7.105427357601002e-16,1.9909412371116128e-05,2.0075996005687706e-05,1.4027058156605189e-05,8.247740296298332e-06,3.837006801791323e-06,-5.799090150741683e-06,-5.5694504218357854e-06,-2.970387204741906e-06,-7.846265095291793e-06,1.3365754973020724e-05,2.3790034090327445e-05,2.8115142847056664e-05,2.965181545098181e-05,1.7629115556503944e-05,1.1409603787039882e-05,6.49864606241321e-06,-2.775567746640792e-05,-6.710241032666981e-06,9.762975933722256e-06,1.986740255075833e-05,2.5814808649190487e-05,2.3428205707245627e-05,1.6979054208875667e-05,9.469033267155117e-06,100.0,53.419532291838586,70.08015707364606,87.1038820421809,41.415826535133775,11.23731991528264,91.78892564152301,61.446286364255876,91.01302305177593,64.28265408678381,75.17658151668499,71.14433580419674,63.804435431605505,8.762238344920394,71.87539831541353,61.446286364255876,0
