p1,p2,p3,p4,p5,p6,p7,p8,rsi,rsi1,rsi2,rsi3,rsi4,rsi5,rsi6,rsi7,sto,sto1,sto2,sto3,sto4,sto5,sto6,sto7,macd,macd1,macd2,macd3,macd4,macd5,macd6,macd7,macdl,macd1l,macd2l,macd3l,macd4l,macd5l,macd6l,macd7l,macds,macd1s,macd2s,macd3s,macd4s,macd5s,macd6s,macd7s,stol,sto1l,sto2l,sto3l,sto4l,sto5l,sto6l,sto7l,stos,sto1s,sto2s,sto3s,sto4s,sto5s,sto6s,sto7s,Pred
0.0128223125,0.013024125000000001,0.0130684375,0.0129125625,0.012838124999999999,0.012842000000000001,0.0128015625,0.0128539,61.39350133911253,75.56000478819183,71.76049256574058,53.040495666829024,44.85280739966831,47.427753859209005,43.777219883558956,50.60227920228823,14.138949811302155,5.170957249532194,-25.0,5.6845756103660054,-5.175673837565817,17.3923878138165,-1.9885249919525663,-4.494397565336479,-2.4362304676569596e-05,8.685646723039165e-07,9.700681900716576e-06,-1.785003915360056e-05,-3.33442271593705e-05,-2.753003688208254e-05,-2.063503817689377e-05,-1.4677563892371563e-06,7.49044128919938e-05,8.943161361175045e-05,0.0001084448344208502,7.403722866510453e-05,3.007695183412538e-05,4.204340898091713e-06,-1.1824695778472286e-05,-4.824785008610346e-06,9.92667175685634e-05,8.856304893944653e-05,9.874415252013362e-05,9.188726781870509e-05,6.342117899349589e-05,3.1734377780174254e-05,8.810342398421482e-06,-3.3570286193731904e-06,36.50176074543271,100.0,20.799177120123325,8.526863415549013,2.1473578432470175,72.38318353373938,45.365582934979884,55.185191166615034,22.362810934130557,94.8290427504678,45.799177120123325,2.8422878051830067,7.323031680812835,54.990795719922886,47.35410792693245,59.67958873195152,0
