p1,p2,p3,p4,p5,p6,p7,p8,rsi,rsi1,rsi2,rsi3,rsi4,rsi5,rsi6,rsi7,sto,sto1,sto2,sto3,sto4,sto5,sto6,sto7,macd,macd1,macd2,macd3,macd4,macd5,macd6,macd7,macdl,macd1l,macd2l,macd3l,macd4l,macd5l,macd6l,macd7l,macds,macd1s,macd2s,macd3s,macd4s,macd5s,macd6s,macd7s,stol,sto1l,sto2l,sto3l,sto4l,sto5l,sto6l,sto7l,stos,sto1s,sto2s,sto3s,sto4s,sto5s,sto6s,sto7s,Pred
0.0119096875,0.011850375,0.011841250000000001,0.011860812500000002,0.011895,0.01190675,0.011921625,0.011900474999999999,33.03015977697123,30.864076913289928,31.981594669655816,38.585544992714446,47.81058858631854,50.05753426336216,52.78897523224414,47.82803093678143,-7.258759653814863,23.101531118011735,-4.73518351068887,6.633652392677103,-6.778210916752327,-4.446334266625636,-4.579930125107397,0.03607471527202595,-1.299522209905876e-05,-1.5898258172603676e-05,-7.414680916749458e-06,2.2972481858985076e-06,1.0674483709757505e-05,1.190010634503342e-05,1.0893884970370247e-05,2.7278007483700735e-06,-3.1701199171656896e-05,-5.0814997357469336e-05,-5.291733394476028e-05,-4.4599756331628604e-05,-2.8270641273697716e-05,-1.5319949627803225e-05,-4.706446483106717e-06,-4.284084557387713e-06,-1.8705977072598137e-05,-3.491673918486566e-05,-4.550265302801082e-05,-4.689700451752711e-05,-3.894512498345522e-05,-2.7220055972836646e-05,-1.5600331453476966e-05,-7.011885305757786e-06,13.518434998178497,60.46643609860313,68.93035932622283,99.26295222784819,82.62267925026975,69.61999427833047,63.55265598861492,37.746305590706264,20.777194651993362,37.3649049805914,73.6655428369117,92.6292998351711,89.40089016702208,74.0663285449561,68.13258611372233,37.71023087543424,0
