p1,p2,p3,p4,p5,p6,p7,p8,rsi,rsi1,rsi2,rsi3,rsi4,rsi5,rsi6,rsi7,sto,sto1,sto2,sto3,sto4,sto5,sto6,sto7,macd,macd1,macd2,macd3,macd4,macd5,macd6,macd7,macdl,macd1l,macd2l,macd3l,macd4l,macd5l,macd6l,macd7l,macds,macd1s,macd2s,macd3s,macd4s,macd5s,macd6s,macd7s,stol,sto1l,sto2l,sto3l,sto4l,sto5l,sto6l,sto7l,stos,sto1s,sto2s,sto3s,sto4s,sto5s,sto6s,sto7s,Pred
0.01172775,0.0117565625,0.011785375,0.0117896875,0.011767375,0.0117653125,0.011698625,0.0115687,40.3285150524455,47.330964561373875,53.38031697766622,53.03015481168591,47.46099383018608,47.712541708260815,35.57145928524675,29.558759302574853,-0.46522665003374364,-8.019088657328615,11.5464040372426,-14.26149365470517,9.812083421038716,-17.439752049467458,1.9513834011987892,4.865209308425251,-1.8009281069372183e-07,3.5797582054169663e-06,7.826240713079172e-06,7.202472562036597e-06,1.5224111175078742e-06,-1.1893697221497898e-08,-6.9220466534037515e-06,-1.7908245553364472e-05,-2.1849292086220228e-05,-1.6325853368329753e-05,-5.730351422828569e-06,1.4306923985579409e-06,-4.45868586898112e-07,-1.5261680607349913e-06,-1.2152126692544993e-05,-4.45316067084962e-05,-2.1669199275526506e-05,-1.990561157374672e-05,-1.355659213590774e-05,-5.771780163478656e-06,-1.968279704405986e-06,-1.5142743635134933e-06,-5.230080039141241e-06,-2.6623361155131726e-05,36.57529848933643,79.0726344261939,96.39224048205779,50.0,29.43625026311609,39.26928014731108,3.985572159154979,45.92852511141904,37.040525139370175,87.09172308352252,84.84583644481518,64.26149365470516,19.624166842077372,56.70903219677854,2.0341887579561893,41.063315802993785,0
