p1,p2,p3,p4,p5,p6,p7,p8,rsi,rsi1,rsi2,rsi3,rsi4,rsi5,rsi6,rsi7,sto,sto1,sto2,sto3,sto4,sto5,sto6,sto7,macd,macd1,macd2,macd3,macd4,macd5,macd6,macd7,macdl,macd1l,macd2l,macd3l,macd4l,macd5l,macd6l,macd7l,macds,macd1s,macd2s,macd3s,macd4s,macd5s,macd6s,macd7s,stol,sto1l,sto2l,sto3l,sto4l,sto5l,sto6l,sto7l,stos,sto1s,sto2s,sto3s,sto4s,sto5s,sto6s,sto7s,Pred
0.011002749999999999,0.010973625,0.0109461875,0.0109208125,0.010932375000000001,0.0109406875,0.010925625,0.011008225,52.49092804227193,51.102132499341174,47.57279395508953,45.55913991509923,47.977094462234774,49.22021324605779,47.221557135944664,59.41941323390181,-22.61878636269457,22.210515346531622,-22.21051534653165,17.764552113350664,-0.4899914087963424,-12.575512930081258,-0.3947611531707884,8.27828535147908,-8.991496430460364e-06,-1.6072346074783957e-05,-1.53398813661995e-05,-1.5156291973173071e-05,-8.395222707952901e-06,-2.7342816281631437e-06,-2.2461120122881012e-06,7.5935527064120855e-06,5.270183644074961e-05,3.061788272051488e-05,1.6185748789418215e-05,5.403086779163895e-07,-3.627160592407832e-06,-2.7985202590823793e-06,-4.347745034925278e-06,1.049905233569369e-05,6.169333287120997e-05,4.6690228795298844e-05,3.152563015561772e-05,1.569660065108946e-05,4.768062115545069e-06,-6.423863091923567e-08,-2.1016330226371768e-06,2.9054996292816044e-06,11.118606630517222,68.41573464467257,0.0,37.735946621817696,59.01199959820482,44.509613136451776,17.124524324771524,88.25130250434366,33.73739299321179,46.205219298140946,22.21051534653165,19.97139450846703,59.50199100700116,57.085126066533036,17.51928547794231,79.97301715286457,0
