p1,p2,p3,p4,p5,p6,p7,p8,rsi,rsi1,rsi2,rsi3,rsi4,rsi5,rsi6,rsi7,sto,sto1,sto2,sto3,sto4,sto5,sto6,sto7,macd,macd1,macd2,macd3,macd4,macd5,macd6,macd7,macdl,macd1l,macd2l,macd3l,macd4l,macd5l,macd6l,macd7l,macds,macd1s,macd2s,macd3s,macd4s,macd5s,macd6s,macd7s,stol,sto1l,sto2l,sto3l,sto4l,sto5l,sto6l,sto7l,stos,sto1s,sto2s,sto3s,sto4s,sto5s,sto6s,sto7s,Pred
0.014398875,0.0144098125,0.014397875,0.014369625,0.014391875,0.0144339375,0.014464875,0.01449815,49.651112389367235,52.94104598153601,47.785869265440994,40.47435077786013,50.603981472563504,63.0006639802402,66.47314894278013,65.52747142851942,-5.741364995705368,-6.584735443358909,-10.035394989142661,-1.569142419276382,24.99999999999999,-1.0658141036401503e-14,-7.204558373102003,2.8818233492407916,4.768494087973793e-06,5.497234811221387e-06,2.7617562563859274e-06,-2.065929742722125e-06,-4.196892407536517e-07,5.473007952185353e-06,9.142822746078041e-06,5.582117099478909e-06,-6.684550816460008e-06,-7.400438004965919e-07,7.248429126369485e-07,-4.534782592413664e-06,-4.641126303486873e-06,4.403613705709995e-06,1.6421937595987365e-05,2.6091021637249245e-05,-1.1453044904433801e-05,-6.237278611717979e-06,-2.036913343748979e-06,-2.4688528496915394e-06,-4.221437062733221e-06,-1.0693942464753578e-06,7.279114849909322e-06,2.0508904537770336e-05,69.18539924972386,78.14468190276506,4.707427257829098,1.3166783975405782,100.0,96.61756510155797,54.856416485617416,60.78098724787803,74.92676424542923,84.72941734612397,14.742822246971759,2.88582081681696,75.00000000000001,96.61756510155797,62.06097485871942,57.89916389863724,0
