p1,p2,p3,p4,p5,p6,p7,p8,rsi,rsi1,rsi2,rsi3,rsi4,rsi5,rsi6,rsi7,sto,sto1,sto2,sto3,sto4,sto5,sto6,sto7,macd,macd1,macd2,macd3,macd4,macd5,macd6,macd7,macdl,macd1l,macd2l,macd3l,macd4l,macd5l,macd6l,macd7l,macds,macd1s,macd2s,macd3s,macd4s,macd5s,macd6s,macd7s,stol,sto1l,sto2l,sto3l,sto4l,sto5l,sto6l,sto7l,stos,sto1s,sto2s,sto3s,sto4s,sto5s,sto6s,sto7s,Pred
0.01516725,0.0151741875,0.015140500000000001,0.0151304375,0.015100875,0.015086812500000001,0.0149958125,0.01497925,34.0441076024709,40.02733685617663,31.749807781790437,34.469653771194714,29.535305459490573,32.466429464602136,28.282260397032907,33.9181974862149,20.631526594109218,-18.748891478485895,-6.251108521514108,19.48844614749664,-15.99334072582629,0.01208979155373413,21.492804786775906,-0.3210434414329151,-9.075455034689545e-07,1.923728269524181e-06,-3.968204784470065e-07,-1.6103551950011656e-06,-2.6692821154786427e-06,-2.159554108401134e-06,-8.878707336975247e-06,-4.235670095536432e-06,-2.104914789833722e-05,-1.7180889804245796e-05,-1.8662502423701186e-05,-2.138066741101414e-05,-2.44718542621071e-05,-2.6461110512002086e-05,-3.913296333019067e-05,-4.458272064609987e-05,-2.0141602394868267e-05,-1.910461807376998e-05,-1.826568194525418e-05,-1.9770312216012974e-05,-2.1802572146628458e-05,-2.430155640360095e-05,-3.0254255993215428e-05,-4.0347050550563435e-05,60.94822790042018,59.23068848269885,0.0,82.24165503866259,9.181736391622483,55.072780168864746,50.0,43.6798426599998,40.31670130631096,77.97957996118474,6.251108521514108,62.75320889116595,25.175077117448772,55.06069037731101,28.507195213224094,44.00088610143271,0
