p1,p2,p3,p4,p5,p6,p7,p8,rsi,rsi1,rsi2,rsi3,rsi4,rsi5,rsi6,rsi7,sto,sto1,sto2,sto3,sto4,sto5,sto6,sto7,macd,macd1,macd2,macd3,macd4,macd5,macd6,macd7,macdl,macd1l,macd2l,macd3l,macd4l,macd5l,macd6l,macd7l,macds,macd1s,macd2s,macd3s,macd4s,macd5s,macd6s,macd7s,stol,sto1l,sto2l,sto3l,sto4l,sto5l,sto6l,sto7l,stos,sto1s,sto2s,sto3s,sto4s,sto5s,sto6s,sto7s,Pred
0.015439875,0.0155123125,0.0155675625,0.015556875000000001,0.015537562500000001,0.0155385625,0.015506687500000001,0.01546865,34.13238587425273,52.51956974603951,56.32723500318745,54.80017755694239,50.81226608333988,50.30710714520703,45.17807739972388,41.34520197690796,16.53640161231333,3.833952352186831,-23.60202337448326,22.95396775560805,-15.244278894588403,-3.8852476486711103,-0.9208524170868309,7.366402350829903,-1.4444702428310768e-05,-2.0130260527193708e-06,1.1792442950610447e-05,7.3509342914528045e-06,1.4937305477558333e-06,-1.2112822593201014e-06,-4.446612225941536e-06,-6.474778233243062e-06,-2.0946714464697026e-05,-1.720010481948012e-05,5.461339902380121e-06,1.0133497733204756e-05,8.073712663983316e-06,4.94428399920371e-06,-1.0586788918120864e-06,-1.547194636290286e-05,-6.502012036386258e-06,-1.5187078766760748e-05,-6.331103048230327e-06,2.782563441751951e-06,6.579982116227483e-06,6.155566258523811e-06,3.38793333412945e-06,-8.997168129659799e-06,38.49814294343952,99.29436660581919,33.625501707703,50.85302779195947,20.793839803144294,35.33429458827659,21.137484320311348,47.12790001227101,21.961741331126184,95.46041425363236,57.22752508218626,27.899060036351422,36.0381186977327,39.2195422369477,22.05833673739818,39.761497661441105,0
