p1,p2,p3,p4,p5,p6,p7,p8,rsi,rsi1,rsi2,rsi3,rsi4,rsi5,rsi6,rsi7,sto,sto1,sto2,sto3,sto4,sto5,sto6,sto7,macd,macd1,macd2,macd3,macd4,macd5,macd6,macd7,macdl,macd1l,macd2l,macd3l,macd4l,macd5l,macd6l,macd7l,macds,macd1s,macd2s,macd3s,macd4s,macd5s,macd6s,macd7s,stol,sto1l,sto2l,sto3l,sto4l,sto5l,sto6l,sto7l,stos,sto1s,sto2s,sto3s,sto4s,sto5s,sto6s,sto7s,Pred
0.01552825,0.0156845625,0.0156561875,0.0156885,0.015670125,0.0155795,0.0154749375,0.015467825,57.18933882623392,72.0098879465958,63.92543550898562,66.17570106839831,61.06150091129036,42.68416831072382,31.257770644513425,39.153843672681674,18.36063468232145,-18.904444453702347,12.043291334782246,-12.106963314790198,-3.91351162889992,-2.118371937389777,4.542240506085486,5.893640769828359,-8.831907575054763e-07,1.826723750017646e-05,9.502259479327207e-06,4.669276765369759e-06,-2.78869117128026e-06,-1.588603264309428e-05,-2.858146410419026e-05,-1.2429366124594881e-05,1.304001684843516e-05,4.4387667605784355e-05,4.926185046692051e-05,5.072615839496605e-05,4.3252908802455733e-05,2.033846908678933e-05,-1.716765396474239e-05,-3.7537524201112195e-05,1.3923207605940636e-05,2.6120430105607895e-05,3.9759590987593305e-05,4.6056881629596294e-05,4.604159997373599e-05,3.622450172988361e-05,1.1413810139447867e-05,-2.510815807651731e-05,55.13566983840808,68.28666663889295,33.60306720237081,68.0956506988691,14.539427354532368,0.0,10.291195367884963,70.98330956175127,36.77503515608663,87.1911110925953,21.559775867588563,80.20261401365929,18.45293898343229,2.118371937389777,5.7489548617994775,65.0896687919229,0
