p1,p2,p3,p4,p5,p6,p7,p8,rsi,rsi1,rsi2,rsi3,rsi4,rsi5,rsi6,rsi7,sto,sto1,sto2,sto3,sto4,sto5,sto6,sto7,macd,macd1,macd2,macd3,macd4,macd5,macd6,macd7,macdl,macd1l,macd2l,macd3l,macd4l,macd5l,macd6l,macd7l,macds,macd1s,macd2s,macd3s,macd4s,macd5s,macd6s,macd7s,stol,sto1l,sto2l,sto3l,sto4l,sto5l,sto6l,sto7l,stos,sto1s,sto2s,sto3s,sto4s,sto5s,sto6s,sto7s,Pred
0.0156505625,0.015696875,0.01567375,0.015592749999999999,0.0154088125,0.015501187500000001,0.0155856875,0.0153297,29.280542346012957,34.04768935980316,35.34971876487723,33.186497069597465,26.94831246675972,41.20048932725403,46.5361317215416,34.99326930120158,7.612558989968683,-8.802940447887154,4.507378640602656,-19.59845272321015,12.988036873139206,11.584120945598277,-16.23882448540413,-2.927809401559603,-7.457143996056753e-05,-2.4967771350492756e-05,3.875434011728106e-06,1.127107029005309e-05,-5.234959149426981e-06,9.232893896253847e-06,3.417892172413266e-05,1.3549672680119616e-06,-0.00018897445337796425,-0.0001828944024957549,-0.00015941148368566176,-0.000140789779613946,-0.00015480829424894703,-0.0001415328852774093,-8.952597031875158e-05,-9.304432822505888e-05,-0.00011440301341739672,-0.00015792663114526213,-0.00016328691769738988,-0.00015206084990399907,-0.00014957333509952003,-0.00015076577917366317,-0.00012370489204288426,-9.439929549307084e-05,97.08338252435205,81.8553044207126,53.79759798872251,11.332823121804461,19.48205530970879,98.71647345621238,70.5846101175391,9.207762575764386,89.47082353438337,90.65824486859975,49.29021934811985,30.931275845014614,6.494018436569585,87.13235251061411,86.82343460294322,12.13557197732399,0
