p1,p2,p3,p4,p5,p6,p7,p8,rsi,rsi1,rsi2,rsi3,rsi4,rsi5,rsi6,rsi7,sto,sto1,sto2,sto3,sto4,sto5,sto6,sto7,macd,macd1,macd2,macd3,macd4,macd5,macd6,macd7,macdl,macd1l,macd2l,macd3l,macd4l,macd5l,macd6l,macd7l,macds,macd1s,macd2s,macd3s,macd4s,macd5s,macd6s,macd7s,stol,sto1l,sto2l,sto3l,sto4l,sto5l,sto6l,sto7l,stos,sto1s,sto2s,sto3s,sto4s,sto5s,sto6s,sto7s,Pred
5.6436250000000004e-05,5.6468125000000004e-05,5.6338125000000004e-05,5.6387499999999995e-05,5.63275e-05,5.63025e-05,5.632625e-05,5.6287e-05,47.224472046712705,49.04296300609507,37.151008191084244,45.30589885576042,40.150272062002955,42.25666368562035,45.73277019137209,42.02531739425526,1.0030903529171784,-24.14313982714358,4.044558886258562,18.53671305582874,-23.43813211494379,22.20768179365932,-4.54786500506413,-5.720882950310336,-1.4276243640035626e-08,-3.8824493726201933e-10,-1.106267951700361e-08,-5.000082706763968e-09,-2.0339107629078523e-09,-5.637202075547214e-09,1.6114125566101296e-09,1.3787968989984907e-09,-2.3150299155645128e-08,-1.3287084799881686e-08,-3.0322591494017406e-08,-3.346108163086965e-08,-3.0941561890478414e-08,-4.054532292936344e-08,-3.436763190618808e-08,-2.7759454779688385e-08,-8.874055515609502e-09,-1.2898839862619667e-08,-1.9259911977013796e-08,-2.846099892410568e-08,-2.890765112757056e-08,-3.490812085381622e-08,-3.597904446279821e-08,-2.9138251678686876e-08,76.68502961427225,33.68909462861989,7.3521285886725165,87.31155644574788,22.340612986063704,79.06280588852047,66.50529129381398,40.497914640374226,75.68193926135508,57.832234455763476,3.3075697024139545,68.77484338991914,45.778745101007495,56.85512409486115,71.05315629887811,46.21879759068456,0
