p1,p2,p3,p4,p5,p6,p7,p8,rsi,rsi1,rsi2,rsi3,rsi4,rsi5,rsi6,rsi7,sto,sto1,sto2,sto3,sto4,sto5,sto6,sto7,macd,macd1,macd2,macd3,macd4,macd5,macd6,macd7,macdl,macd1l,macd2l,macd3l,macd4l,macd5l,macd6l,macd7l,macds,macd1s,macd2s,macd3s,macd4s,macd5s,macd6s,macd7s,stol,sto1l,sto2l,sto3l,sto4l,sto5l,sto6l,sto7l,stos,sto1s,sto2s,sto3s,sto4s,sto5s,sto6s,sto7s,Pred
7.6048125e-05,7.6071875e-05,7.612375e-05,7.617625e-05,7.6199375e-05,7.6179375e-05,7.617e-05,7.625425e-05,55.160852287588284,55.882081166439285,59.61868937220296,63.124437018084315,63.370761324982496,57.04854107694769,54.32610346125635,61.42425803087606,4.410733989912778,11.277479458199057,1.627274163337903,4.409359071059413,-17.01507802015157,-0.8346467039840868,-0.552800428493613,-1.622215627584931,-5.951665934387442e-09,-6.0352540370905676e-09,2.45233432557076e-10,4.114874637897388e-09,3.7173060647656043e-09,-2.7304938260304993e-09,-7.207170143608941e-09,1.2795325040996014e-09,3.9903721170906346e-08,3.312134886904785e-08,3.716932275706506e-08,4.405766954019251e-08,4.813049670234203e-08,4.1543959566417974e-08,3.10402111189434e-08,3.7956462796529085e-08,4.585538710529379e-08,3.915660290613842e-08,3.692408932450798e-08,3.994279490229512e-08,4.4413190637576426e-08,4.4274453392448475e-08,3.8247381262552345e-08,3.6676930292429485e-08,31.591318132408677,62.625927054534344,83.41556974612013,100.0,61.97738296977266,19.233999093148242,28.630329870458578,61.52516146704507,27.1805841424959,51.34844759633528,81.78829558278221,95.59064092894059,78.99246098992424,20.06864579713233,29.18313029895219,63.14737709463,0
