p1,p2,p3,p4,p5,p6,p7,p8,rsi,rsi1,rsi2,rsi3,rsi4,rsi5,rsi6,rsi7,sto,sto1,sto2,sto3,sto4,sto5,sto6,sto7,macd,macd1,macd2,macd3,macd4,macd5,macd6,macd7,macdl,macd1l,macd2l,macd3l,macd4l,macd5l,macd6l,macd7l,macds,macd1s,macd2s,macd3s,macd4s,macd5s,macd6s,macd7s,stol,sto1l,sto2l,sto3l,sto4l,sto5l,sto6l,sto7l,stos,sto1s,sto2s,sto3s,sto4s,sto5s,sto6s,sto7s,Pred
7.658125e-05,7.643875e-05,7.634125e-05,7.6301875e-05,7.6471875e-05,7.6583125e-05,7.650437499999999e-05,7.657225e-05,42.203070442652304,31.333353629436985,33.32108076015685,37.03405481036668,50.459456167404376,55.971967522941426,50.05452790624007,53.79312818496372,6.087525482435046,-6.0875254824350655,17.50382442636716,6.423651426305474,1.0725241473273677,-7.0850883027007185,-7.994924219370296,-0.6346616578382628,9.37510613059923e-10,-1.7736504788829845e-08,-2.6002089350003366e-08,-1.9002265724006387e-08,1.3522153719092683e-08,3.6564811603045106e-08,2.1272347773436595e-08,1.2059491361427314e-08,-1.8578758475340854e-08,-4.7155942002896644e-08,-7.959758412153374e-08,-9.630814052187449e-08,-6.404470967918407e-08,-1.0157149920397661e-08,3.045158851457347e-09,1.337868439738949e-08,-1.9516269088400776e-08,-2.94194372140668e-08,-5.359549477153037e-08,-7.730587479786811e-08,-7.756686339827675e-08,-4.672196152344277e-08,-1.822718892197925e-08,1.3191930359621755e-09,25.65261394351741,2.706540233946494,69.95592269079425,83.90792536235348,98.57394437791007,71.05984031694123,33.681042194527514,58.402432846915495,19.56508846108236,8.79406571638156,52.45209826442709,77.48427393604801,97.50142023058271,78.14492861964195,41.67596641389781,59.03709450475376,0
