p1,p2,p3,p4,p5,p6,p7,p8,rsi,rsi1,rsi2,rsi3,rsi4,rsi5,rsi6,rsi7,sto,sto1,sto2,sto3,sto4,sto5,sto6,sto7,macd,macd1,macd2,macd3,macd4,macd5,macd6,macd7,macdl,macd1l,macd2l,macd3l,macd4l,macd5l,macd6l,macd7l,macds,macd1s,macd2s,macd3s,macd4s,macd5s,macd6s,macd7s,stol,sto1l,sto2l,sto3l,sto4l,sto5l,sto6l,sto7l,stos,sto1s,sto2s,sto3s,sto4s,sto5s,sto6s,sto7s,Pred
7.792375e-05,7.7888125e-05,7.778249999999999e-05,7.7936875e-05,7.8056875e-05,7.8008125e-05,7.7918125e-05,7.793125e-05,55.89818905975615,53.23660508170033,42.13994242557513,55.60385684229656,62.27919433615711,54.663790154735196,48.39559674865916,49.662344828473664,-24.999999999999996,3.848773152033876e-15,7.0705819968750285,13.691044993494698,4.238373009630303,-24.99999999999999,17.725607539371385,-3.75690968241521,2.1156075219558214e-08,3.075337958089873e-10,-1.7363009985905105e-08,-2.322572219262229e-09,1.9193097776530752e-08,1.270234054136412e-08,-1.1435367585023803e-08,-8.833027470170017e-09,4.24718818695208e-08,2.840112659675893e-08,4.020738135304973e-10,2.338871996006601e-09,3.72313598124996e-08,4.983646280828146e-08,2.1584247814446808e-08,2.0860408866173814e-09,2.1315806649962587e-08,2.8093592800949943e-08,1.7765083799435602e-08,4.661444215268831e-09,1.803826203596885e-08,3.713412226691734e-08,3.301961539947061e-08,1.0919068356787399e-08,0.0,11.090741697383413,13.500411262379064,73.32178454855972,84.50267416287011,11.776021050903084,29.58182131058969,61.57115317185194,24.999999999999996,11.09074169738341,6.429829265504036,59.63073955506501,80.2643011532398,36.776021050903076,11.856213771218304,65.32806285426715,0
