p1,p2,p3,p4,p5,p6,p7,p8,rsi,rsi1,rsi2,rsi3,rsi4,rsi5,rsi6,rsi7,sto,sto1,sto2,sto3,sto4,sto5,sto6,sto7,macd,macd1,macd2,macd3,macd4,macd5,macd6,macd7,macdl,macd1l,macd2l,macd3l,macd4l,macd5l,macd6l,macd7l,macds,macd1s,macd2s,macd3s,macd4s,macd5s,macd6s,macd7s,stol,sto1l,sto2l,sto3l,sto4l,sto5l,sto6l,sto7l,stos,sto1s,sto2s,sto3s,sto4s,sto5s,sto6s,sto7s,Pred
7.9205e-05,7.92675e-05,7.930375e-05,7.930625e-05,7.9326875e-05,7.931375e-05,7.9328125e-05,7.923625e-05,46.64471826088585,53.59558382357581,54.80205722737029,55.73451284327545,55.89987081870062,53.555981561384264,54.54657891320982,42.50862007083824,-8.984620879645291,19.72716019491949,-19.127844249438002,19.97107316230783,-19.438114922857473,-5.02206007228107,5.9872702664114295,6.260022586547204,2.6672681163713373e-09,7.63042105186121e-09,1.1505520157046327e-08,7.612309479031504e-09,5.634264830611413e-09,7.079107968745214e-10,-9.451398731942348e-10,-1.0976903442685033e-08,-1.3904211371333435e-08,-4.3955144060489e-09,1.086734092789143e-08,1.567532275578438e-08,2.0683964353432468e-08,1.821826531693492e-08,1.5687334572079826e-08,-7.827880128070866e-09,-1.6571479487704773e-08,-1.202593545791011e-08,-6.381792291548967e-10,8.063013276752875e-09,1.5049699522821054e-08,1.75103545200604e-08,1.6632474445274062e-08,3.149023314614167e-09,58.041676713935146,97.72256768516542,35.65605596224085,75.0,40.25365776276384,27.262746814426908,47.27992605731097,26.335122629135192,67.02629759358044,77.99540749024592,54.78390021167885,55.02892683769216,59.691772685621316,32.284806886707976,41.292655790899545,20.07510004258799,0
