p1,p2,p3,p4,p5,p6,p7,p8,rsi,rsi1,rsi2,rsi3,rsi4,rsi5,rsi6,rsi7,sto,sto1,sto2,sto3,sto4,sto5,sto6,sto7,macd,macd1,macd2,macd3,macd4,macd5,macd6,macd7,macdl,macd1l,macd2l,macd3l,macd4l,macd5l,macd6l,macd7l,macds,macd1s,macd2s,macd3s,macd4s,macd5s,macd6s,macd7s,stol,sto1l,sto2l,sto3l,sto4l,sto5l,sto6l,sto7l,stos,sto1s,sto2s,sto3s,sto4s,sto5s,sto6s,sto7s,Pred
8.0160625e-05,8.0163125e-05,8.0056875e-05,7.997937500000001e-05,8.003875000000001e-05,8.006437499999999e-05,8.017875e-05,8.028574999999999e-05,41.913383540244155,42.86347005623709,38.78428802702734,36.46616858632107,42.88001846078221,46.59263281068465,54.188163000544904,59.24218998827925,-7.190307891834453,14.644509515419792,-16.630546672591827,16.66666666666669,-6.453369662975911,9.758135666105016,1.8624731632096214,1.1903729790789241,2.342599900534494e-09,5.323414476255035e-09,1.9927309133134805e-09,-6.8528902193366405e-09,7.509354773903406e-09,1.66610136628188e-08,3.0976527008315215e-08,2.821893876466186e-08,-9.292815563636839e-08,-8.730794678957682e-08,-8.461989723483615e-08,-9.898658463422763e-08,-8.343257780285153e-08,-6.134006312358709e-08,-2.069403550471912e-08,3.084383527725894e-08,-9.527075553690289e-08,-9.263136126583186e-08,-8.661262814814963e-08,-9.213369441489099e-08,-9.094193257675494e-08,-7.80010767864059e-08,-5.1670562513034336e-08,2.6248965125970794e-09,11.536853889344163,62.44582000888777,15.81885618495521,32.11646439063369,72.74442466956128,66.65490683402948,95.25085874950798,68.41705628147828,18.727161781178616,47.80131049346798,32.449402857547035,15.449797723967002,79.1977943325372,56.896771167924456,93.38838558629836,67.22668330239937,0
