p1,p2,p3,p4,p5,p6,p7,p8,rsi,rsi1,rsi2,rsi3,rsi4,rsi5,rsi6,rsi7,sto,sto1,sto2,sto3,sto4,sto5,sto6,sto7,macd,macd1,macd2,macd3,macd4,macd5,macd6,macd7,macdl,macd1l,macd2l,macd3l,macd4l,macd5l,macd6l,macd7l,macds,macd1s,macd2s,macd3s,macd4s,macd5s,macd6s,macd7s,stol,sto1l,sto2l,sto3l,sto4l,sto5l,sto6l,sto7l,stos,sto1s,sto2s,sto3s,sto4s,sto5s,sto6s,sto7s,Pred
8.0258125e-05,8.0175e-05,8.01375e-05,8.0124375e-05,8.0075625e-05,8.00525e-05,7.9999375e-05,8.011325e-05,52.31915747016348,47.1290615646322,46.46631386354376,46.61394104191475,43.57149356605393,43.15258312160056,40.52326729193178,51.71532425719955,12.825987047439837,-7.517267649967028,5.873731819304668,-5.487060419900843,-7.940369830163366,-0.050451164006261706,0.1159103620009625,6.274841878322944,8.158862405428498e-09,-9.001800829494534e-09,-1.4990504191254546e-08,-1.0358494487351497e-08,-1.0653996285613974e-08,-8.70541552104009e-09,-8.859209336659754e-09,1.1859012256659438e-08,2.480971252405572e-08,5.510980722338483e-09,-1.4915576645481692e-08,-2.2253460241599137e-08,-3.2300209469058797e-08,-4.057328755800949e-08,-4.877674521621542e-08,-1.8434101589710393e-08,1.6650850118627222e-08,1.4512781551833017e-08,7.492754577285614e-11,-1.189496575424764e-08,-2.1646213183444823e-08,-3.18678720369694e-08,-3.9917535879555665e-08,-3.029311384636983e-08,46.26460295134193,24.482138725887513,48.77619347743637,51.64627310082942,30.513404770056848,48.653602902768,33.731299817852104,62.69775430825115,33.43861590390209,31.99940637585454,42.902461658131706,57.13333352073026,38.453774600220214,48.70405406677427,33.61538945585114,56.4229124299282,0
