p1,p2,p3,p4,p5,p6,p7,p8,rsi,rsi1,rsi2,rsi3,rsi4,rsi5,rsi6,rsi7,sto,sto1,sto2,sto3,sto4,sto5,sto6,sto7,macd,macd1,macd2,macd3,macd4,macd5,macd6,macd7,macdl,macd1l,macd2l,macd3l,macd4l,macd5l,macd6l,macd7l,macds,macd1s,macd2s,macd3s,macd4s,macd5s,macd6s,macd7s,stol,sto1l,sto2l,sto3l,sto4l,sto5l,sto6l,sto7l,stos,sto1s,sto2s,sto3s,sto4s,sto5s,sto6s,sto7s,Pred
7.9756875e-05,7.9813125e-05,7.987749999999999e-05,7.98125e-05,7.9755e-05,7.9716875e-05,7.965312499999999e-05,7.959975e-05,53.58010930262887,56.37118363455607,58.29451743275969,50.7591189098991,46.67391206933186,43.68698699610998,40.67371499915012,36.532875366813464,22.443034484435515,7.105427357601002e-15,-6.693380064997566,-18.306619935002406,7.442245450283989,-7.44224545028394,24.999999999999993,-2.329358034451668,-6.4885794592966856e-09,8.878695760594646e-09,1.4905411417972036e-08,2.945200582970005e-09,-1.0721035690660254e-08,-1.4445360208835408e-08,-1.6733141913491222e-08,-1.0091803964826504e-08,-1.2389199289938928e-08,7.186858931050236e-09,2.6938638628010858e-08,2.4113744395604407e-08,3.5240506001794306e-09,-1.3089659360307276e-08,-3.235977510654932e-08,-4.428553338605762e-08,-5.900619830642242e-09,-1.6918368295444108e-09,1.2033227210038822e-08,2.1168543812634402e-08,1.4245086290839685e-08,1.3557008485281318e-09,-1.5626633193058096e-08,-3.4193729421231124e-08,86.28948192720435,68.52469298127993,57.321337444526485,0.0,38.72918931772066,16.74033577876548,56.90492927535048,28.839021448420887,63.846447442768834,68.52469298127991,64.01471750952405,18.306619935002406,31.28694386743667,24.18258122904942,31.904929275350494,31.168379482872556,0
