p1,p2,p3,p4,p5,p6,p7,p8,rsi,rsi1,rsi2,rsi3,rsi4,rsi5,rsi6,rsi7,sto,sto1,sto2,sto3,sto4,sto5,sto6,sto7,macd,macd1,macd2,macd3,macd4,macd5,macd6,macd7,macdl,macd1l,macd2l,macd3l,macd4l,macd5l,macd6l,macd7l,macds,macd1s,macd2s,macd3s,macd4s,macd5s,macd6s,macd7s,stol,sto1l,sto2l,sto3l,sto4l,sto5l,sto6l,sto7l,stos,sto1s,sto2s,sto3s,sto4s,sto5s,sto6s,sto7s,Pred
8.168e-05,8.176312500000001e-05,8.16325e-05,8.1600625e-05,8.161e-05,8.156750000000001e-05,8.1824375e-05,8.2152e-05,46.40005459317561,49.496362274618214,45.92288515351227,46.05788023933902,46.02613294736446,45.27390532050206,58.419385582303335,62.45268240972174,-0.0959896967602476,-10.42207485978032,11.418054642165053,5.340966686254919,-20.797282338673366,22.729886582496725,2.270113417503282,-6.666666666666666,2.7020918077547277e-08,1.7155316525682218e-08,-6.0042966194619325e-09,-1.1589150266363571e-08,-2.9934799199542085e-09,-7.109107389213822e-09,2.5405532840688306e-08,5.2746098191952085e-08,-9.24336034611927e-09,1.5777585347184645e-09,-2.077917697422652e-08,-3.686376292563005e-08,-3.2783740935712024e-08,-4.436157826971066e-08,-2.4414190152429664e-09,1.1187272096465707e-07,-3.6264278423666546e-08,-1.5577557990963754e-08,-1.4774880354764586e-08,-2.5274612659266477e-08,-2.9790261015757815e-08,-3.7252470880496836e-08,-2.7846951855931272e-08,5.912662277270498e-08,25.302892071782118,45.958512295752264,52.619516635900524,51.66935699784271,35.764760917982166,46.594829873745084,96.59482987374508,65.33576413890253,25.398881768542363,56.38058715553259,41.20146199373547,46.32839031158779,56.562043256655535,23.864943291248363,94.3247164562418,72.00243080556919,0
