p1,p2,p3,p4,p5,p6,p7,p8,rsi,rsi1,rsi2,rsi3,rsi4,rsi5,rsi6,rsi7,sto,sto1,sto2,sto3,sto4,sto5,sto6,sto7,macd,macd1,macd2,macd3,macd4,macd5,macd6,macd7,macdl,macd1l,macd2l,macd3l,macd4l,macd5l,macd6l,macd7l,macds,macd1s,macd2s,macd3s,macd4s,macd5s,macd6s,macd7s,stol,sto1l,sto2l,sto3l,sto4l,sto5l,sto6l,sto7l,stos,sto1s,sto2s,sto3s,sto4s,sto5s,sto6s,sto7s,Pred
8.176687499999999e-05,8.17225e-05,8.1671875e-05,8.1594375e-05,8.163500000000001e-05,8.1581875e-05,8.156375e-05,8.1573e-05,48.547484686243315,47.71340880297704,44.73967576038743,41.79441107366756,45.46293521872897,41.8631661628415,43.62311334222307,44.388440351128416,-13.45840331054089,2.1316282072803006e-14,1.1430665967151954,22.199196916926503,-19.828143346320438,-1.8722844354392172,23.358164268118077,-9.999999999999945,1.6473959361270262e-08,1.4657990583120736e-09,-7.89531502736137e-09,-1.5844478546065994e-08,-4.121707605945455e-09,-3.513869544632339e-09,-2.125575602827893e-09,4.7350945058583555e-09,3.884473884177862e-09,-5.302321991735003e-09,-1.8747547077915306e-08,-4.0896352171377004e-08,-3.784461037275349e-08,-4.000518781367585e-08,-4.245981987139875e-08,-2.8010435880269078e-08,-1.2589485477092398e-08,-6.768121050047077e-09,-1.0852232050553937e-08,-2.505187362531101e-08,-3.372290276680804e-08,-3.6491318269043506e-08,-4.033424426857086e-08,-3.274553038612744e-08,2.7809487456431117,31.63590881611261,15.082176399246855,45.026790540924985,53.401856475254256,16.187598329490033,75.60681509842853,51.1760383208825,16.239352056184,31.63590881611259,13.939109802531659,22.82759362399848,73.2299998215747,18.05988276492925,52.248650830310446,61.17603832088245,0
