p1,p2,p3,p4,p5,p6,p7,p8,rsi,rsi1,rsi2,rsi3,rsi4,rsi5,rsi6,rsi7,sto,sto1,sto2,sto3,sto4,sto5,sto6,sto7,macd,macd1,macd2,macd3,macd4,macd5,macd6,macd7,macdl,macd1l,macd2l,macd3l,macd4l,macd5l,macd6l,macd7l,macds,macd1s,macd2s,macd3s,macd4s,macd5s,macd6s,macd7s,stol,sto1l,sto2l,sto3l,sto4l,sto5l,sto6l,sto7l,stos,sto1s,sto2s,sto3s,sto4s,sto5s,sto6s,sto7s,Pred
8.391187499999999e-05,8.3865625e-05,8.354125e-05,8.3675e-05,8.37275e-05,8.374875e-05,8.38625e-05,8.35105e-05,58.886780811129256,53.57564511537898,38.949155401568945,48.17420673745811,50.24342732581585,52.86937946836584,59.46281481572497,37.03269430889844,-16.66382747261664,-5.640022510365292,16.66666666666666,7.358093577866267,-17.58306899790184,18.558308753368912,-14.94362734435564,1.7815968174850205,-3.8992898419509185e-09,-1.819613147907807e-08,-5.938999883343306e-08,-3.349359718213752e-08,-7.14743980553969e-09,4.146607677592048e-09,1.7939811271884424e-08,-2.7204249678652733e-08,1.0944669635802574e-07,8.29611441140593e-08,-3.896032091832858e-09,-2.4384675912934362e-08,-1.376423964624565e-08,-2.3275080856310156e-09,2.4343410330118862e-08,-3.4887594058532826e-08,1.1334598619997666e-07,1.0115727559313738e-07,5.5493966741600205e-08,9.108921269203151e-09,-6.6167998407059604e-09,-6.474115763223064e-09,6.40359905823444e-09,-7.683344379880093e-09,14.662737369558139,19.49939668920742,26.6569565703705,92.26284908101562,69.32507373989327,100.0,77.58455898346654,13.744075505567624,31.326564842174776,25.13941919957271,9.99028990370384,84.90475550314935,86.90814273779512,81.44169124663108,92.52818632782218,11.962478688082603,0
