p1,p2,p3,p4,p5,p6,p7,p8,rsi,rsi1,rsi2,rsi3,rsi4,rsi5,rsi6,rsi7,sto,sto1,sto2,sto3,sto4,sto5,sto6,sto7,macd,macd1,macd2,macd3,macd4,macd5,macd6,macd7,macdl,macd1l,macd2l,macd3l,macd4l,macd5l,macd6l,macd7l,macds,macd1s,macd2s,macd3s,macd4s,macd5s,macd6s,macd7s,stol,sto1l,sto2l,sto3l,sto4l,sto5l,sto6l,sto7l,stos,sto1s,sto2s,sto3s,sto4s,sto5s,sto6s,sto7s,Pred
5.6245625e-05,5.5950625e-05,5.6002500000000005e-05,5.6097499999999996e-05,5.608625e-05,5.6103124999999997e-05,5.60525e-05,5.594975e-05,65.86838610788479,45.36636401751613,49.95611522182432,56.37985542128363,52.63594017738802,53.149805449214455,48.90657391937118,43.43039829910711,-23.991109927248267,0.20325513636903736,17.384358659189104,6.403496131690176,-20.850053672340167,1.4559906955569755,-5.605937023216749,3.7316666170402697,-1.1184831537160085e-08,-4.644019087234363e-08,-4.2656626656342924e-08,-1.593659167680451e-08,-5.426209185739713e-09,-4.499524912236155e-09,-9.184060680512597e-09,-1.7978888473677493e-08,1.4008128436908446e-07,7.368999398363167e-08,2.921785786609495e-08,2.935937306247291e-08,3.307179497450263e-08,2.9515025613264633e-08,1.8183053908027292e-08,-2.1891257827247465e-08,1.5126611590624454e-07,1.201301848559753e-07,7.187448452243787e-08,4.529596473927742e-08,3.849800416024235e-08,3.401455052550079e-08,2.736711458853989e-08,-3.912369353569973e-09,33.69877532391665,4.961350729955713,86.37389083838892,99.81381056965584,16.532772262660263,33.80865709204349,8.095451830287976,28.703770229884825,57.68988525116492,4.758095593586676,68.98953217919983,93.41031443796567,37.382825935000426,32.35266639648652,13.701388853504726,24.972103612844553,0
