p1,p2,p3,p4,p5,p6,p7,p8,rsi,rsi1,rsi2,rsi3,rsi4,rsi5,rsi6,rsi7,sto,sto1,sto2,sto3,sto4,sto5,sto6,sto7,macd,macd1,macd2,macd3,macd4,macd5,macd6,macd7,macdl,macd1l,macd2l,macd3l,macd4l,macd5l,macd6l,macd7l,macds,macd1s,macd2s,macd3s,macd4s,macd5s,macd6s,macd7s,stol,sto1l,sto2l,sto3l,sto4l,sto5l,sto6l,sto7l,stos,sto1s,sto2s,sto3s,sto4s,sto5s,sto6s,sto7s,Pred
8.1054375e-05,8.108375000000001e-05,8.1105625e-05,8.0888125e-05,8.1483125e-05,8.210812500000001e-05,8.169812499999999e-05,8.1558e-05,49.56178603328925,52.228271971232836,52.21164111177234,42.30814391436985,60.302074368921495,64.36848582269737,54.381281426916416,51.38634686262018,-19.649982861015026,25.000000000000004,-25.00000000000001,10.333471499986526,13.473496197883732,-23.806967697870306,2.4665472699911866,1.07556868043343,8.751342971278837e-09,5.412248729817405e-09,1.4588124381429348e-08,-1.853205385984171e-08,3.494090619669782e-08,1.390788996843893e-07,2.9187190701361435e-08,-3.726370605412755e-08,-1.0460935731310041e-08,-1.0442819205001814e-08,1.3666703798140929e-08,-2.6048775420354342e-08,2.5234614805848276e-08,2.541344491624539e-07,2.127713773404858e-07,9.808985390664829e-08,-1.9212278702588878e-08,-1.585506793481922e-08,-9.214205832884192e-10,-7.516721560512632e-09,-9.706291390849537e-09,1.1505554947806456e-07,1.8358418663912437e-07,1.3535355996077584e-07,16.008911508242207,65.85162427230142,43.09638491579874,20.496826727612913,88.9562173712346,36.39602320777483,11.30582614921827,32.49870254884996,35.65889436925723,40.85162427230142,68.09638491579875,10.16335522762639,75.48272117335087,60.20299090564514,8.839278879227082,31.42313386841653,0
