p1,p2,p3,p4,p5,p6,p7,p8,rsi,rsi1,rsi2,rsi3,rsi4,rsi5,rsi6,rsi7,sto,sto1,sto2,sto3,sto4,sto5,sto6,sto7,macd,macd1,macd2,macd3,macd4,macd5,macd6,macd7,macdl,macd1l,macd2l,macd3l,macd4l,macd5l,macd6l,macd7l,macds,macd1s,macd2s,macd3s,macd4s,macd5s,macd6s,macd7s,stol,sto1l,sto2l,sto3l,sto4l,sto5l,sto6l,sto7l,stos,sto1s,sto2s,sto3s,sto4s,sto5s,sto6s,sto7s,Pred
8.3455625e-05,8.3580625e-05,8.3349375e-05,8.3054375e-05,8.2918125e-05,8.2924375e-05,8.30975e-05,8.302725e-05,44.343672563043036,50.289520269957855,43.811918620281205,38.995310960384515,39.00877188897216,42.13955522048329,47.686723583714524,45.5101775601677,-7.713432531019149,22.4462690524789,-24.02278200358915,5.160255468391156,11.052554868803252,8.787189662805579,-5.73328883179096,-6.1252023946914615,3.3672861188420393e-09,9.40114042323524e-09,-4.4910124130842744e-10,-4.428686357124988e-08,-4.712175274501957e-08,-1.6969333433910165e-08,3.251448463664456e-08,2.705047785443243e-08,-7.135610582249629e-08,-6.530899616397632e-08,-6.218501174324088e-08,-1.3826159775180987e-07,-1.8917288743464843e-07,-1.9134003783060098e-07,-1.2455844819910916e-07,-7.149444383813895e-08,-7.472339194133833e-08,-7.471013658721156e-08,-6.173591050193245e-08,-9.397473418055998e-08,-1.4205113468962886e-07,-1.743707043966908e-07,-1.570729328357537e-07,-9.854492169257137e-08,11.221190760748378,75.50609877320205,18.602089190307634,23.543090410377488,68.69860164214987,69.4982893631651,76.26264797823484,32.411052747303216,18.934623291767526,53.05982972072315,42.62487119389679,18.38283494198633,57.64604677334661,60.71109970035952,81.9959368100258,38.53625514199468,0
