p1,p2,p3,p4,p5,p6,p7,p8,rsi,rsi1,rsi2,rsi3,rsi4,rsi5,rsi6,rsi7,sto,sto1,sto2,sto3,sto4,sto5,sto6,sto7,macd,macd1,macd2,macd3,macd4,macd5,macd6,macd7,macdl,macd1l,macd2l,macd3l,macd4l,macd5l,macd6l,macd7l,macds,macd1s,macd2s,macd3s,macd4s,macd5s,macd6s,macd7s,stol,sto1l,sto2l,sto3l,sto4l,sto5l,sto6l,sto7l,stos,sto1s,sto2s,sto3s,sto4s,sto5s,sto6s,sto7s,Pred
7.981875e-05,7.9703125e-05,7.9763125e-05,7.9670625e-05,7.9610625e-05,7.945249999999999e-05,7.9046875e-05,7.9238e-05,57.65664329675076,53.89724970161725,54.32354280649308,51.09924695866051,48.80495423401354,42.31954707705293,35.10974426703842,45.46911570018624,-16.07502004837077,8.965174871881933,-7.5142244668387,-9.152442199827952,12.033914314717737,-12.03391431471772,21.329438441332876,0.9098236446892031,4.67223401246687e-08,2.628485566956024e-08,1.0547273251719562e-08,-5.721275886855441e-09,-2.367740016504086e-08,-3.5307497263691656e-08,-7.564986888322917e-08,-6.357537850115896e-09,5.6122424787180124e-08,7.307037586305626e-08,7.317068122859497e-08,5.849704237729687e-08,2.1573019494211954e-08,-1.9022555302804033e-08,-1.2388493942356083e-07,-1.1435893263906787e-07,9.400084662511424e-09,4.678552019349602e-08,6.262340797687541e-08,6.421831826415231e-08,4.525041965925281e-08,1.6284941960887623e-08,-4.823507054033166e-08,-1.0800139478895197e-07,68.39611759184987,25.93851333304341,44.18115588042408,38.47248240844697,34.836433679558695,7.9860276314392795,56.40223612790959,89.17298662869368,84.47113764022065,16.973338461161475,51.69538034726278,47.624924608274924,22.802519364840958,20.019941946157,35.07279768657671,88.26316298400447,0
