p1,p2,p3,p4,p5,p6,p7,p8,rsi,rsi1,rsi2,rsi3,rsi4,rsi5,rsi6,rsi7,sto,sto1,sto2,sto3,sto4,sto5,sto6,sto7,macd,macd1,macd2,macd3,macd4,macd5,macd6,macd7,macdl,macd1l,macd2l,macd3l,macd4l,macd5l,macd6l,macd7l,macds,macd1s,macd2s,macd3s,macd4s,macd5s,macd6s,macd7s,stol,sto1l,sto2l,sto3l,sto4l,sto5l,sto6l,sto7l,stos,sto1s,sto2s,sto3s,sto4s,sto5s,sto6s,sto7s,Pred
8.096125e-05,8.108875e-05,8.116625e-05,8.120125e-05,8.1211875e-05,8.1070625e-05,8.1025e-05,8.102025e-05,39.76508023938344,53.3710050808871,57.433062380434414,58.3589802493707,56.386488254478415,44.35558629175984,41.77663457794954,44.5297695506235,3.5766624220934347,6.651812812067831,-4.281775799817362,-13.31870314556123,-7.399521054621362,10.569204856311458,-6.684849185659553,6.975960102001353,-1.0112537673695773e-08,1.5898281177881063e-08,3.0217998776666875e-08,2.563822822599428e-08,1.617848765827287e-08,-1.026371878876096e-08,-1.9544932765307528e-08,-8.296571400944939e-09,-7.23466178847735e-08,-4.1478114160816364e-08,5.50940762595578e-10,2.4123448821726826e-08,3.516471562409738e-08,8.606435529089768e-09,-1.841589000297684e-08,-3.142035911326923e-08,-6.223408021107772e-08,-5.737639533869743e-08,-2.9667058014071297e-08,-1.5147794042674556e-09,1.898622796582451e-08,1.8870154317850727e-08,1.1290427623306889e-09,-2.3123787712324286e-08,86.80832760280903,100.0,66.43644840036524,56.81750578211468,46.74022740785828,15.853807284467186,38.39764384152221,55.72509328971554,83.2316651807156,93.34818718793217,70.7182242001826,70.13620892767591,54.13974846247964,5.284602428155726,45.08249302718177,48.749133187714186,0
