p1,p2,p3,p4,p5,p6,p7,p8,rsi,rsi1,rsi2,rsi3,rsi4,rsi5,rsi6,rsi7,sto,sto1,sto2,sto3,sto4,sto5,sto6,sto7,macd,macd1,macd2,macd3,macd4,macd5,macd6,macd7,macdl,macd1l,macd2l,macd3l,macd4l,macd5l,macd6l,macd7l,macds,macd1s,macd2s,macd3s,macd4s,macd5s,macd6s,macd7s,stol,sto1l,sto2l,sto3l,sto4l,sto5l,sto6l,sto7l,stos,sto1s,sto2s,sto3s,sto4s,sto5s,sto6s,sto7s,Pred
8.330375e-05,8.3263125e-05,8.330375e-05,8.329375e-05,8.32975e-05,8.3270625e-05,8.3326875e-05,8.322949999999999e-05,32.29301537820638,31.180230263255652,39.234704244687705,39.14511753733844,42.915879700283476,39.97534638096885,52.36587102028592,37.06808550990161,19.127633499181606,5.494081789143932,-5.2835959319894386,-17.514774683704612,19.72495537994387,-21.54830005257562,23.46392292511724,-9.312561179343843,1.2660784655986718e-08,1.1957867209861609e-08,1.7520820973908805e-08,1.735733297584091e-08,1.4345195634839517e-08,1.0161830394039352e-08,1.2829678082619926e-08,-1.7048604994452178e-09,-1.0311716730788804e-07,-9.149201146103561e-08,-7.118060781270854e-08,-5.247479951774178e-08,-4.055299154772827e-08,-3.243118572715051e-08,-1.942256300132135e-08,-2.4131801394316836e-08,-1.1577795196387476e-07,-1.0344987867089722e-07,-8.870142878661734e-08,-6.983213249358268e-08,-5.4898187182567784e-08,-4.259301612118986e-08,-3.2252241083941273e-08,-2.2426940894871618e-08,81.78311444179039,48.86514586497685,87.12490627659483,26.69367508647201,94.82245007886331,25.0,97.69588438767593,3.7604738235550146,62.655480942608776,43.37106407583292,92.40850220858425,44.20844977017662,75.09749469891943,46.54830005257562,74.23196146255869,13.073035002898857,0
