p1,p2,p3,p4,p5,p6,p7,p8,rsi,rsi1,rsi2,rsi3,rsi4,rsi5,rsi6,rsi7,sto,sto1,sto2,sto3,sto4,sto5,sto6,sto7,macd,macd1,macd2,macd3,macd4,macd5,macd6,macd7,macdl,macd1l,macd2l,macd3l,macd4l,macd5l,macd6l,macd7l,macds,macd1s,macd2s,macd3s,macd4s,macd5s,macd6s,macd7s,stol,sto1l,sto2l,sto3l,sto4l,sto5l,sto6l,sto7l,stos,sto1s,sto2s,sto3s,sto4s,sto5s,sto6s,sto7s,Pred
8.350875e-05,8.3648125e-05,8.3648125e-05,8.356375e-05,8.3616875e-05,8.3488125e-05,8.342375e-05,8.34555e-05,49.577291499621694,55.76176773537072,52.76030027149456,49.24110449277864,51.7618075254681,46.00272678417032,44.48528904226094,46.47788474942658,8.33333333333333,-13.906271910443312,-7.836399307553739,-3.2573287820029355,11.253540191197704,-8.566472403064946,19.272276192866602,-0.5112539459966754,5.712863042596892e-08,6.274086944799061e-08,4.7030555146416765e-08,1.5690828932931603e-08,7.302362057531612e-09,-7.626007186383134e-09,-1.7317584523743887e-08,-2.262022894033905e-09,-9.856121510027919e-08,-3.279440014759458e-08,8.648994629112405e-09,4.0183973291366885e-09,3.103735798674689e-09,-1.2349085995318708e-08,-3.778938447724156e-08,-3.3030769181914535e-08,-1.556898455262481e-07,-9.553526959558519e-08,-3.838156051730436e-08,-1.1672431603794915e-08,-4.198626258856923e-09,-4.7230788089355745e-09,-2.0471799953497675e-08,-3.0768746287880625e-08,85.48652032870288,79.14059213433502,22.518343201333785,33.789888753229945,65.27098484877469,8.06120336439829,40.8780319429981,67.39127139958202,77.15318699536954,93.04686404477835,30.354742508887522,37.04721753523288,54.01744465757699,16.627675767463234,21.605755750131493,67.9025253455787,0
