p1,p2,p3,p4,p5,p6,p7,p8,rsi,rsi1,rsi2,rsi3,rsi4,rsi5,rsi6,rsi7,sto,sto1,sto2,sto3,sto4,sto5,sto6,sto7,macd,macd1,macd2,macd3,macd4,macd5,macd6,macd7,macdl,macd1l,macd2l,macd3l,macd4l,macd5l,macd6l,macd7l,macds,macd1s,macd2s,macd3s,macd4s,macd5s,macd6s,macd7s,stol,sto1l,sto2l,sto3l,sto4l,sto5l,sto6l,sto7l,stos,sto1s,sto2s,sto3s,sto4s,sto5s,sto6s,sto7s,Pred
8.472562500000001e-05,8.461625000000001e-05,8.491312500000001e-05,8.476937500000001e-05,8.4898125e-05,8.4863125e-05,8.4875625e-05,8.500625e-05,30.09841323453798,30.549571663194488,49.11045854700887,44.03411721931461,51.38656082805551,48.918493763578205,49.459637889736854,58.47912429840862,-4.4871969009792085,8.632460800538205,-5.998594484641401,1.2308101727291512,12.583893065801515,-7.393008651240281,2.1740629876396653,-7.705531902782102,-6.74155577312282e-10,-8.135918181117086e-09,3.911528568043194e-08,3.173314964812074e-08,3.6145262678075545e-08,2.6629161122189335e-08,1.6837401039825047e-08,2.0962814291512835e-08,-1.656498981656645e-07,-1.8082449111574286e-07,-1.1377088132798324e-07,-8.236109305320092e-08,-4.530627254256876e-08,-2.3161515577398107e-08,-1.288115522689117e-08,2.38712795616063e-08,-1.6497574258835223e-07,-1.7268857293462576e-07,-1.5288616700841517e-07,-1.1409424270132166e-07,-8.14515352206443e-08,-4.979067669958744e-08,-2.9718556266716216e-08,2.9084652700934675e-09,14.458789410097118,29.543248705535227,75.64434393890477,18.64734040939578,98.44832626166769,33.172233380564826,73.40831875755246,76.11994858052456,18.94598631107633,20.910787904997022,81.64293842354617,17.41653023666663,85.86443319586617,40.565242031805106,71.2342557699128,83.82548048330666,0
