p1,p2,p3,p4,p5,p6,p7,p8,rsi,rsi1,rsi2,rsi3,rsi4,rsi5,rsi6,rsi7,sto,sto1,sto2,sto3,sto4,sto5,sto6,sto7,macd,macd1,macd2,macd3,macd4,macd5,macd6,macd7,macdl,macd1l,macd2l,macd3l,macd4l,macd5l,macd6l,macd7l,macds,macd1s,macd2s,macd3s,macd4s,macd5s,macd6s,macd7s,stol,sto1l,sto2l,sto3l,sto4l,sto5l,sto6l,sto7l,stos,sto1s,sto2s,sto3s,sto4s,sto5s,sto6s,sto7s,Pred
8.59375e-05,8.6014375e-05,8.6058125e-05,8.6014375e-05,8.602625000000001e-05,8.600625e-05,8.6148125e-05,8.619725e-05,35.988505465968075,44.31587126201855,48.11014771550855,44.32592321700277,45.913470259573664,44.62349326323492,62.87892634378683,60.356691853009224,24.77225952539197,0.22774047460799807,-20.99944156848327,10.163770729386139,-9.821469058854888,12.323806564618682,1.0541587109361288,-3.520382003848151,-4.531651101041719e-08,-2.2339244093836296e-08,-2.432556314874461e-10,-3.062403810378077e-10,2.12185066611139e-09,9.397451538249298e-10,1.6996483136723126e-08,1.721414650954312e-08,-2.86498482020449e-08,-3.8000505980947084e-08,-2.2519324054016564e-08,-2.2554325328298766e-08,-1.8790828000770705e-08,-1.86669805050489e-08,7.259261500971965e-09,3.321172302117267e-08,1.6666662808372293e-08,-1.566126188711079e-08,-2.2276068422529117e-08,-2.224808494726096e-08,-2.0912678666882096e-08,-1.960672565887383e-08,-9.737221635751159e-09,1.5997576511629548e-08,51.005672961129115,99.99999999999997,58.83014959922007,31.362336630094816,63.02858030614395,36.502770630568875,89.08123806640418,63.56478720168397,26.23341343573714,99.77225952539197,79.82959116770334,21.198565900708676,72.85004936499884,24.17896406595019,88.02707935546806,67.08516920553213,0
