p1,p2,p3,p4,p5,p6,p7,p8,rsi,rsi1,rsi2,rsi3,rsi4,rsi5,rsi6,rsi7,sto,sto1,sto2,sto3,sto4,sto5,sto6,sto7,macd,macd1,macd2,macd3,macd4,macd5,macd6,macd7,macdl,macd1l,macd2l,macd3l,macd4l,macd5l,macd6l,macd7l,macds,macd1s,macd2s,macd3s,macd4s,macd5s,macd6s,macd7s,stol,sto1l,sto2l,sto3l,sto4l,sto5l,sto6l,sto7l,stos,sto1s,sto2s,sto3s,sto4s,sto5s,sto6s,sto7s,Pred
8.6813125e-05,8.6913125e-05,8.7008125e-05,8.6929375e-05,8.6890625e-05,8.689625000000001e-05,8.6954375e-05,8.71075e-05,36.671946157338965,48.05919080763577,54.82670770028378,47.427406610858334,44.925401062502125,47.24207756182382,52.97741030815749,61.20389536341266,6.2169222431142135,8.33333333333333,-18.071600585246372,10.651113817771005,-12.705990398989517,20.1264771664649,-17.313158000981986,1.2453620391077387,1.7973711105495608e-09,1.6104015204253136e-08,3.095803541192001e-08,1.397535775434399e-08,3.093169589532405e-09,-4.2130837478390606e-10,9.561903797540632e-09,2.141165682279682e-08,-8.384309993523926e-08,-6.053023309296988e-08,-1.8064368169752398e-08,-1.4527521713591184e-08,-1.711817344411036e-08,-2.154000385309101e-08,-5.3508053743404275e-09,3.5287951883575814e-08,-8.564047104578882e-08,-7.663424829722302e-08,-4.902240358167241e-08,-2.8502879467935174e-08,-2.0211343033642764e-08,-2.1118695478307105e-08,-1.491270917188106e-08,1.3876295060778997e-08,25.0,84.444295295506,70.78519824426088,36.15699927293117,22.503058952851102,83.57547528176224,57.50598610230275,68.62371222433259,18.783077756885785,76.11096196217267,88.85679882950726,25.505885455160165,35.20904935184062,63.44899811529734,74.81914410328473,67.37835018522486,0
