p1,p2,p3,p4,p5,p6,p7,p8,rsi,rsi1,rsi2,rsi3,rsi4,rsi5,rsi6,rsi7,sto,sto1,sto2,sto3,sto4,sto5,sto6,sto7,macd,macd1,macd2,macd3,macd4,macd5,macd6,macd7,macdl,macd1l,macd2l,macd3l,macd4l,macd5l,macd6l,macd7l,macds,macd1s,macd2s,macd3s,macd4s,macd5s,macd6s,macd7s,stol,sto1l,sto2l,sto3l,sto4l,sto5l,sto6l,sto7l,stos,sto1s,sto2s,sto3s,sto4s,sto5s,sto6s,sto7s,Pred
8.867375000000001e-05,8.8778125e-05,8.859625000000001e-05,8.854874999999999e-05,8.884875e-05,8.879125e-05,8.8861875e-05,8.8629e-05,52.289350267039175,55.67328586999914,47.28245389838884,46.865622213743,58.51770373821718,54.50758891840802,56.86911771729943,44.08682114042954,-6.373317143474229,-14.122110432694273,-3.5230215701408327,20.820355176574704,-11.411894689861267,13.316106478913035,-0.7600002331187063,-8.785826693003086,3.947018875220267e-08,4.595467569295442e-08,1.287080408725031e-08,-1.0702859871723648e-08,2.600385255323919e-08,1.9683455042594277e-08,1.5701749726058702e-08,-1.889351035500324e-08,-4.7647577447830004e-08,4.125643478984051e-09,-7.846094561344695e-10,-3.099651953385096e-08,1.7563919414199675e-08,3.5222540449750907e-08,4.75788072189115e-08,-5.616820674233169e-10,-8.711776620003268e-08,-4.182903221397037e-08,-1.365541354338478e-08,-2.029365966212731e-08,-8.439933139039514e-09,1.553908540715663e-08,3.18770574928528e-08,1.833182828757992e-08,40.49016863883723,55.61909390122061,0.0,52.226134416752316,71.11588185529033,47.609033777251476,87.44930156109152,19.87086248942692,46.863485782311464,69.74120433391488,3.5230215701408327,31.40577924017761,82.5277765451516,34.29292729833844,88.20930179421022,28.656689182430007,0
