p1,p2,p3,p4,p5,p6,p7,p8,rsi,rsi1,rsi2,rsi3,rsi4,rsi5,rsi6,rsi7,sto,sto1,sto2,sto3,sto4,sto5,sto6,sto7,macd,macd1,macd2,macd3,macd4,macd5,macd6,macd7,macdl,macd1l,macd2l,macd3l,macd4l,macd5l,macd6l,macd7l,macds,macd1s,macd2s,macd3s,macd4s,macd5s,macd6s,macd7s,stol,sto1l,sto2l,sto3l,sto4l,sto5l,sto6l,sto7l,stos,sto1s,sto2s,sto3s,sto4s,sto5s,sto6s,sto7s,Pred
5.84075e-05,5.8364375e-05,5.8458125e-05,5.8374999999999996e-05,5.83625e-05,5.8543125e-05,5.8532499999999996e-05,5.8442e-05,24.704251505828363,32.26342967524046,42.402981908187215,38.65068197014436,41.76592069100393,53.48868687566334,51.1533557429664,47.550065067362716,4.3285187469854565,12.888004938423736,-7.904346212251703,-15.79120991568757,19.656664131682035,-1.9238635227195306,-15.370314215053952,3.9507481794823773,-1.6505041259068158e-08,-9.600048150745675e-09,1.4278283488216207e-08,1.4048645837289492e-08,1.1150048327277724e-08,3.303562618459349e-08,2.9195331953969915e-08,5.309997550744748e-09,-1.3170398081960304e-07,-1.3830571878269296e-07,-1.091603687365688e-07,-9.32583083018677e-08,-8.499060732047444e-08,-3.850323905700037e-08,-1.000278059677731e-08,-1.455804643334254e-08,-1.1519893956053488e-07,-1.2870567063194728e-07,-1.23438652224785e-07,-1.0730695413915719e-07,-9.614065564775216e-08,-7.153886524159386e-08,-3.919811255074723e-08,-1.986804398408729e-08,43.403108052011845,85.7416565579837,78.93481301326335,0.18801581481252588,67.9399847900922,75.43738913217334,19.352179687971972,37.16813815110884,39.07458930502639,72.85365161955997,86.83915922551506,15.979225730500097,48.283320658410155,77.36125265489287,34.72249390302593,33.21738997162647,0
