p1,p2,p3,p4,p5,p6,p7,p8,rsi,rsi1,rsi2,rsi3,rsi4,rsi5,rsi6,rsi7,sto,sto1,sto2,sto3,sto4,sto5,sto6,sto7,macd,macd1,macd2,macd3,macd4,macd5,macd6,macd7,macdl,macd1l,macd2l,macd3l,macd4l,macd5l,macd6l,macd7l,macds,macd1s,macd2s,macd3s,macd4s,macd5s,macd6s,macd7s,stol,sto1l,sto2l,sto3l,sto4l,sto5l,sto6l,sto7l,stos,sto1s,sto2s,sto3s,sto4s,sto5s,sto6s,sto7s,Pred
9.211125e-05,9.213e-05,9.256062499999999e-05,9.3278125e-05,9.325874999999999e-05,9.2974375e-05,9.286625e-05,9.2138e-05,54.03419486195454,54.59198042420192,61.34552572345292,67.67099338932753,60.13422566943227,53.60919406793085,51.616797656968444,43.139707168130556,-18.59826455683489,19.14907174986029,5.850928250139731,-22.65251248988943,10.40257207269487,-8.645243617203318,-4.104815965602124,7.180250032749932,-2.4404919344531382e-08,-3.1848981526560824e-08,1.0709955811082775e-08,1.0475415422200185e-07,5.3321320516772724e-08,-2.4607097101939103e-08,-7.101653431425193e-08,-1.3423576454684445e-07,1.9605010059268373e-07,1.5379795375147895e-07,1.8485824418804921e-07,3.596865770550267e-07,3.824665734614262e-07,3.14945458734456e-07,2.104756239458742e-07,-5.986806221954546e-08,2.204550199372151e-07,1.8564693527803978e-07,1.7414828837696645e-07,2.5493242283302484e-07,3.291452529446535e-07,3.395525558363951e-07,2.8149215826012616e-07,7.4367702327299e-08,39.56423820411611,68.41039070092538,77.96273093938697,57.04246253033171,37.08006225746153,16.805013749908962,37.28115134429267,25.149122433603285,58.162502760951,49.261318951065086,72.11180268924724,79.69497502022114,26.67749018476666,25.45025736711228,41.38596730989479,17.968872400853353,0
