p1,p2,p3,p4,p5,p6,p7,p8,rsi,rsi1,rsi2,rsi3,rsi4,rsi5,rsi6,rsi7,sto,sto1,sto2,sto3,sto4,sto5,sto6,sto7,macd,macd1,macd2,macd3,macd4,macd5,macd6,macd7,macdl,macd1l,macd2l,macd3l,macd4l,macd5l,macd6l,macd7l,macds,macd1s,macd2s,macd3s,macd4s,macd5s,macd6s,macd7s,stol,sto1l,sto2l,sto3l,sto4l,sto5l,sto6l,sto7l,stos,sto1s,sto2s,sto3s,sto4s,sto5s,sto6s,sto7s,Pred
8.8155e-05,8.818375e-05,8.8138125e-05,8.81625e-05,8.811375e-05,8.80375e-05,8.8045e-05,8.7856e-05,61.4842918285221,60.565211710687606,52.74604637327909,54.94657351047391,49.15327344305115,44.405240779070574,45.154402117534175,34.82041859659235,3.552713678800501e-15,-8.358693722623544,-16.64130627737647,20.94396187117378,-20.095801493356117,11.669381492462005,-4.184208536946349,4.119998229799342,4.6629678151379556e-08,3.858655066980256e-08,1.6242446152946166e-08,1.9788711295424646e-09,-6.276367290242673e-09,-1.6605607781254682e-08,-1.347574830929442e-08,-2.225436831222496e-08,2.8018564025906914e-09,3.846287265360591e-08,4.266059735741543e-08,3.2505969760019006e-08,2.215029524817153e-08,-1.6228866329575699e-09,-1.3878270919794917e-08,-5.572092222967429e-08,-4.3827821748788864e-08,-1.236780161966496e-10,2.6418151204469267e-08,3.0527098630476544e-08,2.8426662538414202e-08,1.4982721148297112e-08,-4.0252261050049764e-10,-3.346655391744933e-08,100.0,34.72359100195323,15.990019939135363,77.80025847556043,2.5444811334530213,18.776312805419526,58.70494830488407,24.616920477389428,100.0,43.08228472457677,32.63132621651183,56.85629660438665,22.64028262680914,7.106931312957521,62.88915684183042,20.49692224759009,0
