p1,p2,p3,p4,p5,p6,p7,p8,rsi,rsi1,rsi2,rsi3,rsi4,rsi5,rsi6,rsi7,sto,sto1,sto2,sto3,sto4,sto5,sto6,sto7,macd,macd1,macd2,macd3,macd4,macd5,macd6,macd7,macdl,macd1l,macd2l,macd3l,macd4l,macd5l,macd6l,macd7l,macds,macd1s,macd2s,macd3s,macd4s,macd5s,macd6s,macd7s,stol,sto1l,sto2l,sto3l,sto4l,sto5l,sto6l,sto7l,stos,sto1s,sto2s,sto3s,sto4s,sto5s,sto6s,sto7s,Pred
8.968125e-05,8.979e-05,8.983624999999999e-05,8.9825625e-05,8.9900625e-05,8.989499999999999e-05,8.984125e-05,8.97775e-05,41.5522894825092,54.288133533039016,53.68835791621196,52.735677714729405,57.933411039828826,53.87411433472071,50.9414441464713,44.98289836022485,2.4491559396061584,22.550844060393835,-25.00000000000002,20.41460683925513,1.30196567353698,-21.71657251279216,19.081722580338354,-7.632689032135357,-1.667709510034189e-08,-1.0608311269141067e-08,6.011438098673293e-09,-1.4635994126586299e-09,9.256891605949308e-09,6.378990951239221e-09,-6.601328060223991e-09,-1.3933108222863872e-08,1.3718827483259586e-08,1.872141891951515e-09,2.2636698648252455e-08,1.4350047274759678e-08,3.0433281441681604e-08,3.6675928480143095e-08,2.0650301455608537e-08,-3.3073291227488848e-09,3.039592258360148e-08,1.2480453161092583e-08,1.662526054957916e-08,1.5813646687418308e-08,2.1176389835732296e-08,3.0296937528903876e-08,2.7251629515832526e-08,1.0625779100114987e-08,3.673733909409238,99.88578267518723,43.6568545056181,64.86764195375328,77.4832256081689,12.134424436918115,49.08610274838769,24.58002069977707,1.2245779698030794,77.3349386147934,68.65685450561811,44.45303511449815,76.18125993463191,33.85099694971027,30.004380168049334,32.212709731912426,0
