p1,p2,p3,p4,p5,p6,p7,p8,rsi,rsi1,rsi2,rsi3,rsi4,rsi5,rsi6,rsi7,sto,sto1,sto2,sto3,sto4,sto5,sto6,sto7,macd,macd1,macd2,macd3,macd4,macd5,macd6,macd7,macdl,macd1l,macd2l,macd3l,macd4l,macd5l,macd6l,macd7l,macds,macd1s,macd2s,macd3s,macd4s,macd5s,macd6s,macd7s,stol,sto1l,sto2l,sto3l,sto4l,sto5l,sto6l,sto7l,stos,sto1s,sto2s,sto3s,sto4s,sto5s,sto6s,sto7s,Pred
9.0218125e-05,9.01125e-05,9.0115e-05,9.0094375e-05,9.018437500000001e-05,9.0153125e-05,8.996625e-05,8.985625e-05,51.06126305797062,43.41746369146654,45.85174081547475,45.72924275038616,52.267588869717514,49.1618819379275,34.301528245041666,41.891429799982696,22.890267125201667,-20.76205558198174,10.002098156367252,11.966169871959863,-5.152422569323294,-17.819329871795585,-1.1247271304280593,2.8296499412493668,-3.579149475655722e-08,-3.5765392701309725e-08,-2.7260627511150435e-08,-1.5697770141876135e-08,4.576887220729888e-09,5.4114433345768365e-09,-1.667964135460996e-08,-1.873512227169084e-08,3.168436739301036e-08,-1.2413998427715468e-09,-2.517674324017133e-08,-3.401408341231993e-08,-1.621537373989738e-08,-9.204154833551025e-09,-3.571163091419544e-08,-8.10466629101245e-08,6.747586214956759e-08,3.452399285853817e-08,2.083884270979103e-09,-1.8316313270443793e-08,-2.0792260960627267e-08,-1.4615598168127862e-08,-1.903198955958548e-08,-6.231154063843366e-08,62.665021316707055,14.457671973389736,61.66280808308549,48.242019843755074,83.5426283084913,9.660832717981659,0.0,67.3815637420835,39.77475419150539,35.21972755537148,51.66070992671823,36.27584997179521,88.6950508778146,27.480162589777244,1.1247271304280593,64.55191380083413,0
