p1,p2,p3,p4,p5,p6,p7,p8,rsi,rsi1,rsi2,rsi3,rsi4,rsi5,rsi6,rsi7,sto,sto1,sto2,sto3,sto4,sto5,sto6,sto7,macd,macd1,macd2,macd3,macd4,macd5,macd6,macd7,macdl,macd1l,macd2l,macd3l,macd4l,macd5l,macd6l,macd7l,macds,macd1s,macd2s,macd3s,macd4s,macd5s,macd6s,macd7s,stol,sto1l,sto2l,sto3l,sto4l,sto5l,sto6l,sto7l,stos,sto1s,sto2s,sto3s,sto4s,sto5s,sto6s,sto7s,Pred
9.025562499999999e-05,9.034125e-05,9.0450625e-05,9.04825e-05,9.0523125e-05,9.049312499999999e-05,9.038562499999999e-05,9.03675e-05,32.435581105382234,43.78637966049868,54.87016169096905,56.74764846920588,57.64962230906487,53.02733270867865,42.42591084624581,44.308590030748896,22.07581579524546,2.924184204754564,-19.45802461752572,16.15211704172717,-20.684922343907512,3.4712846899172067,-2.1967832513218597,4.339835281031037,-8.939059307319472e-09,5.9855153302623605e-09,2.8452298079973725e-08,2.6538520556857644e-08,2.2155827104618185e-08,8.247832317584563e-09,-1.0559323742168023e-08,-9.03027890186603e-09,-8.115543933244772e-08,-6.784652202430349e-08,-2.3066569441233017e-08,2.5644152449906933e-09,2.303189250101628e-08,2.272316752515162e-08,1.946999646874675e-10,-1.9520187195617057e-08,-7.221638002512824e-08,-7.383203735456585e-08,-5.151886752120674e-08,-2.397410531186695e-08,8.760653963980931e-10,1.4475335207567058e-08,1.075402370685549e-08,-1.0489908293751027e-08,45.613723692868184,95.61372369286813,60.409792685276955,77.95835664523537,28.319546202904608,34.44316063003709,3.425507278333801,51.749623302187445,23.537907897622723,92.68953948811358,79.86781730280268,61.8062396035082,49.00446854681212,30.971875940119887,5.62229052965566,47.40978802115641,0
