p1,p2,p3,p4,p5,p6,p7,p8,rsi,rsi1,rsi2,rsi3,rsi4,rsi5,rsi6,rsi7,sto,sto1,sto2,sto3,sto4,sto5,sto6,sto7,macd,macd1,macd2,macd3,macd4,macd5,macd6,macd7,macdl,macd1l,macd2l,macd3l,macd4l,macd5l,macd6l,macd7l,macds,macd1s,macd2s,macd3s,macd4s,macd5s,macd6s,macd7s,stol,sto1l,sto2l,sto3l,sto4l,sto5l,sto6l,sto7l,stos,sto1s,sto2s,sto3s,sto4s,sto5s,sto6s,sto7s,Pred
9.048562500000001e-05,9.024875e-05,9.024312499999998e-05,9.0045e-05,9.0455e-05,9.06625e-05,9.099125e-05,9.080725e-05,58.16741858127247,49.75575726440533,48.00181044939351,45.59649679410755,56.308259029950975,60.700636148453675,66.1146790319336,54.49283852024429,-7.108761873984974,5.987940114036059,2.3453932192972724,15.03258311280909,-16.986822477798444,18.62090603165603,-13.03510423406628,-2.501634452829638,6.014310434532995e-08,-1.1411881427567073e-08,-3.433541413647141e-08,-5.181638261272147e-08,1.1566013743109062e-08,4.231096299947319e-08,6.62093620269546e-08,-9.700897710139667e-09,1.615822621949045e-07,1.0348926505235369e-07,5.2155118075531765e-08,-1.6463062524124314e-08,3.672636107546494e-08,9.854032593900172e-08,1.810690259627347e-07,1.7131123256283064e-07,1.0143915784957455e-07,1.1490114647992077e-07,8.649053221200317e-08,3.535332008859715e-08,2.5160347332355876e-08,5.6229362939528525e-08,1.1485966393578012e-07,1.8101213027297032e-07,21.364362502915448,8.98191017105409,60.37308421572677,61.5389809796325,62.56630326495776,86.52348618594736,72.84294368093596,42.94751517111424,28.473124376900422,2.99397005701803,58.0276909964295,46.50639786682341,79.55312574275621,67.90258015429133,85.87804791500224,45.44914962394388,0
