p1,p2,p3,p4,p5,p6,p7,p8,rsi,rsi1,rsi2,rsi3,rsi4,rsi5,rsi6,rsi7,sto,sto1,sto2,sto3,sto4,sto5,sto6,sto7,macd,macd1,macd2,macd3,macd4,macd5,macd6,macd7,macdl,macd1l,macd2l,macd3l,macd4l,macd5l,macd6l,macd7l,macds,macd1s,macd2s,macd3s,macd4s,macd5s,macd6s,macd7s,stol,sto1l,sto2l,sto3l,sto4l,sto5l,sto6l,sto7l,stos,sto1s,sto2s,sto3s,sto4s,sto5s,sto6s,sto7s,Pred
6.21075e-05,6.209875e-05,6.206812499999999e-05,6.2124375e-05,6.207749999999999e-05,6.2105625e-05,6.2099375e-05,6.20345e-05,43.30756294653937,44.051985907571634,42.175692233456054,48.42405113288437,46.05320977002262,49.26697843918633,48.30234205797723,41.871018276856915,13.55066389827827,1.597672678360837,-3.6779741292710963,-12.609697935420638,3.4847644390121353,17.45826682974186,-9.942278704910578,2.98953701186528,-8.009630112787569e-09,-7.167835013682392e-09,-6.450660269503532e-09,2.769361104298942e-09,4.9795554391211e-10,2.582189027713092e-09,4.302449750366443e-09,-5.23811662491192e-09,-1.2153069259286501e-08,-1.9203269141445674e-08,-2.4945398270656782e-08,-1.602580484344189e-08,-1.700620683742915e-08,-1.410074843605951e-08,-7.481116464296911e-09,-2.0122807780857253e-08,-4.143439146498933e-09,-1.2035434127763283e-08,-1.8494738001153252e-08,-1.879516594774083e-08,-1.750416238134126e-08,-1.6682937463772602e-08,-1.1783566214663353e-08,-1.4884691155945335e-08,53.5093647576667,57.39879421926736,25.0,51.988821609771726,35.35715158033046,82.90830345660491,47.586581942634126,29.426155353584214,39.958700859388436,55.80112154090652,28.677974129271096,64.59851954519236,31.87238714131832,65.45003662686305,57.52886064754471,26.436618341718937,0
