p1,p2,p3,p4,p5,p6,p7,p8,rsi,rsi1,rsi2,rsi3,rsi4,rsi5,rsi6,rsi7,sto,sto1,sto2,sto3,sto4,sto5,sto6,sto7,macd,macd1,macd2,macd3,macd4,macd5,macd6,macd7,macdl,macd1l,macd2l,macd3l,macd4l,macd5l,macd6l,macd7l,macds,macd1s,macd2s,macd3s,macd4s,macd5s,macd6s,macd7s,stol,sto1l,sto2l,sto3l,sto4l,sto5l,sto6l,sto7l,stos,sto1s,sto2s,sto3s,sto4s,sto5s,sto6s,sto7s,Pred
6.4280625e-05,6.4289375e-05,6.4289375e-05,6.4378125e-05,6.43275e-05,6.4264375e-05,6.4166875e-05,6.407475e-05,48.757232393925776,49.77827229200689,49.47889677967735,55.830212096411415,49.3264463776219,46.75670319752573,41.60522199754068,40.446908691173256,-21.051185000004946,19.439078626084108,-23.387893626079176,24.99999999999999,-23.62977528424891,-1.370224715751079,15.81293033467686,-6.325172133870732,4.054131054568268e-09,-4.3875609321267913e-10,3.756806145528798e-09,7.52243022551306e-09,6.6019772743206655e-09,-8.362966603874325e-09,-1.882399836310234e-08,-1.642132397398572e-08,-1.2155154128300314e-09,-6.5474382648580834e-09,2.1940755409816863e-09,7.4868370169804e-09,1.8528502662286763e-08,-5.163547032779729e-10,-2.6070005584231644e-08,-5.358928256144732e-08,-5.269646467398299e-09,-6.108682171645404e-09,-1.562730604547112e-09,-3.559320853265946e-11,1.1926525387966098e-08,7.846611900596352e-09,-7.246007221129301e-09,-3.71679585874616e-08,38.36273059718626,69.6357749870952,34.20159231750706,76.8027169452142,9.711770798322236,0.0,33.65145389676338,34.43535466516409,59.413915597191206,50.19669636101109,57.58948594358623,51.8027169452142,33.34154608257115,1.370224715751079,17.838523562086518,40.76052679903482,0
