p1,p2,p3,p4,p5,p6,p7,p8,rsi,rsi1,rsi2,rsi3,rsi4,rsi5,rsi6,rsi7,sto,sto1,sto2,sto3,sto4,sto5,sto6,sto7,macd,macd1,macd2,macd3,macd4,macd5,macd6,macd7,macdl,macd1l,macd2l,macd3l,macd4l,macd5l,macd6l,macd7l,macds,macd1s,macd2s,macd3s,macd4s,macd5s,macd6s,macd7s,stol,sto1l,sto2l,sto3l,sto4l,sto5l,sto6l,sto7l,stos,sto1s,sto2s,sto3s,sto4s,sto5s,sto6s,sto7s,Pred
6.3375625e-05,6.3326875e-05,6.3354375e-05,6.3385625e-05,6.34125e-05,6.33675e-05,6.3404375e-05,6.326075e-05,38.230086953007856,36.25338269901961,43.20470185823991,49.71957540477371,51.20417251594586,45.19812825371329,52.209260233064214,40.29815172436797,-9.84665240552877,20.10517624949859,1.9408429205384365,-2.7974785226028267,-11.708457447267609,-6.217782019619435,7.654660413793014,4.113071686137346,8.138143475650002e-09,7.91645347485189e-11,5.7622963922387785e-09,1.1590487479784839e-08,1.3339250237442845e-08,4.414183403979792e-09,6.248976514029842e-09,-1.0596414750250173e-08,-4.164443782362932e-08,-4.7572038631349324e-08,-3.836149918822821e-08,-2.3377155037255783e-08,-7.9655809904236e-09,-8.868909248142338e-09,-2.7200673835653627e-09,-2.9340457558862585e-08,-4.978258129927932e-08,-4.7651203166097843e-08,-4.412379558046699e-08,-3.496764251704062e-08,-2.1304831227866445e-08,-1.328309265212213e-08,-8.969043897595206e-09,-1.8744042808612412e-08,12.746971717860598,45.63105749699147,84.10208178784374,91.3728109711512,50.356080482020545,7.933807083282386,47.13211338658649,35.486040083503305,22.593624123389368,25.525881247492876,82.16123886730531,94.17028949375403,62.06453792928815,14.151589102901822,39.47745297279348,31.37296839736596,0
