p1,p2,p3,p4,p5,p6,p7,p8,rsi,rsi1,rsi2,rsi3,rsi4,rsi5,rsi6,rsi7,sto,sto1,sto2,sto3,sto4,sto5,sto6,sto7,macd,macd1,macd2,macd3,macd4,macd5,macd6,macd7,macdl,macd1l,macd2l,macd3l,macd4l,macd5l,macd6l,macd7l,macds,macd1s,macd2s,macd3s,macd4s,macd5s,macd6s,macd7s,stol,sto1l,sto2l,sto3l,sto4l,sto5l,sto6l,sto7l,stos,sto1s,sto2s,sto3s,sto4s,sto5s,sto6s,sto7s,Pred
6.51775e-05,6.52875e-05,6.5056875e-05,6.497375e-05,6.502e-05,6.5045625e-05,6.5139375e-05,6.5158e-05,52.03397910410995,53.82938646759704,46.824328355675775,46.30441840864884,47.98177020426378,48.78781487237869,52.865465685238284,51.90284556129208,13.06065860585016,-5.94225608889384,-12.962610404991247,24.999999999999975,-25.00000000000002,18.591798910563195,-12.387267830277718,5.78310729698155,-1.2490732291050405e-08,1.2284294855860857e-08,-1.5150287069459384e-08,-3.0031426731547095e-08,-9.609084870732562e-09,-1.1441830470895847e-09,1.8314724023458598e-08,1.2012801546216847e-08,-4.885223782594091e-09,2.6722038332107853e-08,-2.8064863980032273e-09,-4.7112684325640756e-08,-4.317809966887241e-08,-3.958945483941863e-08,-8.490099276175708e-09,1.9442421065802067e-08,7.605508508456315e-09,1.4437743476246995e-08,1.2343800671456153e-08,-1.708125759409366e-08,-3.356901479813985e-08,-3.8445271792329046e-08,-2.6804823299634306e-08,7.429619519585219e-09,64.52077806764743,68.02655260159372,4.10295441726544,72.81621007770767,50.0,51.162240794617205,68.6135932408566,50.173232936910736,51.46011946179727,73.96880869048756,17.06556482225669,47.81621007770769,75.00000000000001,32.570441884054006,81.00086107113432,44.39012563992919,0
