p1,p2,p3,p4,p5,p6,p7,p8,rsi,rsi1,rsi2,rsi3,rsi4,rsi5,rsi6,rsi7,sto,sto1,sto2,sto3,sto4,sto5,sto6,sto7,macd,macd1,macd2,macd3,macd4,macd5,macd6,macd7,macdl,macd1l,macd2l,macd3l,macd4l,macd5l,macd6l,macd7l,macds,macd1s,macd2s,macd3s,macd4s,macd5s,macd6s,macd7s,stol,sto1l,sto2l,sto3l,sto4l,sto5l,sto6l,sto7l,stos,sto1s,sto2s,sto3s,sto4s,sto5s,sto6s,sto7s,Pred
7.004250000000001e-05,7.0015e-05,6.997875e-05,6.990375e-05,6.995625e-05,7.00625e-05,6.982125e-05,6.984175e-05,47.920515665468564,47.44123963422046,45.47179024757764,43.40522923905916,47.87797761721557,52.96045606400702,41.86464413909161,45.29368576962771,-14.874872831441746,24.10490285509275,-19.532059036701344,17.602500522213262,-6.4037748188452195,-4.061472661464554,-11.238862999057709,1.2496575817112785,2.3300087474989685e-09,-6.101639197896987e-09,-3.288496565659556e-09,-7.478131072798268e-09,4.388475067493086e-09,2.375583999763045e-08,-5.918703585339545e-09,-2.183129323333661e-09,-4.81076745265556e-08,-6.170979836695833e-08,-6.244854447557294e-08,-7.328290905328467e-08,-6.249126225279836e-08,-2.4714669505170142e-08,-4.720329386352905e-08,-4.981303292241323e-08,-5.043768327405457e-08,-5.560815916906134e-08,-5.9160047909913385e-08,-6.58047779804864e-08,-6.687973732029144e-08,-4.8470509502800594e-08,-4.1284590278189506e-08,-4.7629903599079566e-08,1.3426457173608917,50.0,32.94423504298275,44.21132445653569,63.99697508476033,58.635303709489705,2.0494965092165796,53.1120885761766,16.217518548802637,25.89509714490725,52.476294079684095,26.608823934322427,70.40074990360554,62.69677637095426,13.288359508274288,51.86243099446532,0
