p1,p2,p3,p4,p5,p6,p7,p8,rsi,rsi1,rsi2,rsi3,rsi4,rsi5,rsi6,rsi7,sto,sto1,sto2,sto3,sto4,sto5,sto6,sto7,macd,macd1,macd2,macd3,macd4,macd5,macd6,macd7,macdl,macd1l,macd2l,macd3l,macd4l,macd5l,macd6l,macd7l,macds,macd1s,macd2s,macd3s,macd4s,macd5s,macd6s,macd7s,stol,sto1l,sto2l,sto3l,sto4l,sto5l,sto6l,sto7l,stos,sto1s,sto2s,sto3s,sto4s,sto5s,sto6s,sto7s,Pred
6.7824375e-05,6.7830625e-05,6.7785625e-05,6.7548125e-05,6.7361875e-05,6.7495625e-05,6.741625e-05,6.738075e-05,36.59439308692689,42.1788862455204,44.55531288479071,36.65145558078254,34.11324621254518,40.78056279014054,39.300458012538265,43.70009377530556,-0.16062634719861046,-5.026059083728683,7.8030230976109465,-16.13635643094424,21.110168596807387,-14.336610873834049,-4.977207273036793,9.281459820025425,-9.581833066504695e-09,-8.413867058275469e-10,1.5511484130369615e-10,-1.7090854138359623e-08,-3.605746352231625e-08,1.3200513427654223e-10,9.273168282816956e-09,1.3137116764384585e-08,-8.360637503233493e-08,-7.966107259086783e-08,-7.927540618052746e-08,-1.0294662318310961e-07,-1.560718282597333e-07,-1.330853224918292e-07,-1.1583884236036836e-07,-9.860621472213362e-08,-7.402454196583022e-08,-7.881968588504028e-08,-7.943052102183116e-08,-8.585576904474999e-08,-1.2001436473741704e-07,-1.3321732762610575e-07,-1.251120106431853e-07,-1.1174333148651821e-07,28.21546997823505,75.0,66.4883072957136,0.44564444275052556,40.78148576176567,70.32067316891987,44.402006380293436,63.64246209152227,28.37609632543366,80.02605908372868,58.68528419810265,16.582000873694763,19.67131716495829,84.65728404275391,49.37921365333023,54.361002271496844,0
