p1,p2,p3,p4,p5,p6,p7,p8,rsi,rsi1,rsi2,rsi3,rsi4,rsi5,rsi6,rsi7,sto,sto1,sto2,sto3,sto4,sto5,sto6,sto7,macd,macd1,macd2,macd3,macd4,macd5,macd6,macd7,macdl,macd1l,macd2l,macd3l,macd4l,macd5l,macd6l,macd7l,macds,macd1s,macd2s,macd3s,macd4s,macd5s,macd6s,macd7s,stol,sto1l,sto2l,sto3l,sto4l,sto5l,sto6l,sto7l,stos,sto1s,sto2s,sto3s,sto4s,sto5s,sto6s,sto7s,Pred
0.02300325,0.022590166666666668,0.022520166666666667,0.02250416666666667,0.022499166666666667,0.022487749999999997,0.022463833333333332,0.022252875,30.2615105602938,12.350305948811418,20.381017110912282,26.90929622909773,27.814996429332812,31.976800694536195,32.123372722124344,26.596005784557423,-13.244654983550946,-1.915251483957629,30.70229592478547,2.6310374085478636,-25.14978898349875,21.708305214339862,-23.76521604633972,13.603349907749305,-7.762375029360778e-06,-4.978207914554108e-05,-6.089829204321275e-05,-3.884451345957357e-05,-1.4044757082981325e-05,7.075751499457819e-07,1.0911632935587076e-05,-4.169516529692949e-06,-3.6748302736173737e-05,-0.00010427210047134552,-0.00016169283376392626,-0.00017506483652910665,-0.00016573150417459673,-0.00015449109128399044,-0.00013747848152147307,-0.00015202135469765134,-2.8985927706812955e-05,-5.4490021325804446e-05,-0.00010079454172071352,-0.00013622032306953306,-0.0001516867470916154,-0.00015519866643393622,-0.00014839011445706013,-0.00014785183816795838,5.745754451872897,0.0,74.1717049666262,92.49943650613312,57.229498635119434,89.67554869252335,43.94593565459644,33.333333333333336,18.990409435423842,1.915251483957629,43.46940904184073,89.86839909758525,82.37928761861818,67.96724347818349,67.71115170093616,19.729983425584027,1
