p1,p2,p3,p4,p5,p6,p7,p8,rsi,rsi1,rsi2,rsi3,rsi4,rsi5,rsi6,rsi7,sto,sto1,sto2,sto3,sto4,sto5,sto6,sto7,macd,macd1,macd2,macd3,macd4,macd5,macd6,macd7,macdl,macd1l,macd2l,macd3l,macd4l,macd5l,macd6l,macd7l,macds,macd1s,macd2s,macd3s,macd4s,macd5s,macd6s,macd7s,stol,sto1l,sto2l,sto3l,sto4l,sto5l,sto6l,sto7l,stos,sto1s,sto2s,sto3s,sto4s,sto5s,sto6s,sto7s,Pred
0.02658693181818182,0.02662402272727273,0.026568931818181818,0.026504363636363635,0.026470863636363636,0.026471454545454545,0.026422227272727274,0.026221729166666666,28.653917412851435,45.58710020286472,43.11266651798524,41.48692258622584,43.98622750505721,47.73703057142995,44.10500973364448,32.63542995645064,7.742489717244835,-4.210290674258794,2.845096352659417,-2.651955678827893,-4.5578563254660756,5.6197470919207924e-14,5.24832702550074e-14,8.33333333333338,-3.527046510926904e-05,9.039871086745197e-06,4.098846263553505e-06,-1.2982726645034447e-06,2.412366969511433e-06,5.949128269212132e-06,-1.0107305436069502e-06,-1.5516724693519646e-05,-5.739727795997518e-05,-5.422701172146925e-05,-3.440577059852562e-05,-3.196836755117475e-05,-3.4693689600534914e-05,-1.9210152404877795e-05,-1.7599158525951923e-05,-6.104826322513516e-05,-2.212681285070614e-05,-6.326688280821444e-05,-3.850461686207913e-05,-3.06700948866713e-05,-3.710605657004635e-05,-2.5159280674089924e-05,-1.6588427982344972e-05,-4.553153853161551e-05,25.357997923878724,71.25352396015288,50.084426570830125,38.99370951703944,55.1507534041555,65.82054490936616,53.000221860498094,47.21160887503579,17.615508206633887,75.46381463441168,47.23933021817071,41.64566519586734,59.70860972962158,65.8205449093661,53.00022186049804,38.87827554170241,1
