p1,p2,p3,p4,p5,p6,p7,p8,rsi,rsi1,rsi2,rsi3,rsi4,rsi5,rsi6,rsi7,sto,sto1,sto2,sto3,sto4,sto5,sto6,sto7,macd,macd1,macd2,macd3,macd4,macd5,macd6,macd7,macdl,macd1l,macd2l,macd3l,macd4l,macd5l,macd6l,macd7l,macds,macd1s,macd2s,macd3s,macd4s,macd5s,macd6s,macd7s,stol,sto1l,sto2l,sto3l,sto4l,sto5l,sto6l,sto7l,stos,sto1s,sto2s,sto3s,sto4s,sto5s,sto6s,sto7s,Pred
0.025732125,0.02546040625,0.0253825625,0.02533196875,0.025252656249999998,0.025286437499999998,0.025298625,0.025236116666666666,45.05905562270502,30.459662047360784,34.99539581240188,35.01108661634019,33.015824268476585,44.81261386466117,47.70810738279672,42.97234083247359,-8.872266084131589,11.002396659464424,1.4976033405355782,-4.1666666666666625,3.095968879938065,-0.7470644815758001,-1.7994666960829262,-0.2930334412156034,2.7568096950835557e-06,-2.6154025643654904e-05,-9.536673980995356e-06,4.265102961542992e-06,2.7280487986860155e-06,1.4334382241932427e-05,1.3509958664454592e-05,-1.1576892177342934e-06,-1.6775758377424784e-05,-7.603783619320598e-05,-9.623538845404548e-05,-8.160851589947542e-05,-7.733234686101847e-05,-5.058755534419722e-05,-1.723528507731678e-05,-1.981259657829193e-05,-1.953256807250834e-05,-4.988381054955107e-05,-8.669871447305012e-05,-8.587361886101842e-05,-8.006039565970449e-05,-6.492193758612965e-05,-3.074524374177137e-05,-1.8654907360557635e-05,24.248996671260038,49.99076783939001,56.995284548506746,33.727466948011596,40.85270686579129,69.87095832008336,36.54897825577051,30.259686166109454,33.121262755391626,38.988371179925586,55.49768120797116,37.89413361467825,37.75673798585323,70.61802280165917,38.34844495185343,30.552719607325056,1
