p1,p2,p3,p4,p5,p6,p7,p8,rsi,rsi1,rsi2,rsi3,rsi4,rsi5,rsi6,rsi7,sto,sto1,sto2,sto3,sto4,sto5,sto6,sto7,macd,macd1,macd2,macd3,macd4,macd5,macd6,macd7,macdl,macd1l,macd2l,macd3l,macd4l,macd5l,macd6l,macd7l,macds,macd1s,macd2s,macd3s,macd4s,macd5s,macd6s,macd7s,stol,sto1l,sto2l,sto3l,sto4l,sto5l,sto6l,sto7l,stos,sto1s,sto2s,sto3s,sto4s,sto5s,sto6s,sto7s,Pred
0.026016041666666666,0.026000083333333333,0.02596591666666667,0.026092458333333332,0.026033166666666666,0.025986958333333334,0.025946458333333332,0.025915076923076923,30.751615875133627,35.00259441549061,36.848302400760794,57.3991362787403,46.22463263807533,42.52388792865137,40.7317895005588,41.22535074554285,2.8247206337745245,0.7752606590413519,13.066685373850763,-13.948683092576724,8.598019126154357,-11.316002700244308,8.154631040592847,-3.599161485673045,-1.616556758015435e-05,-8.38220734618701e-06,-1.2600177699303278e-06,1.798733728907676e-05,5.423522790598992e-06,-4.140019401264948e-06,-6.79741852919313e-06,-2.2188278050802164e-06,-3.177535963396217e-05,-4.408630185625285e-05,-4.270404415939073e-05,-8.441988826907165e-06,-1.2814187230498347e-06,-1.292231337165703e-05,-2.520299054541095e-05,-2.647718776784045e-05,-1.5609792053807818e-05,-3.570409451006584e-05,-4.1444026389460405e-05,-2.6429326115983926e-05,-6.7049415136488265e-06,-8.782293970392081e-06,-1.840557201621782e-05,-2.4258359962760232e-05,6.369620575425526,57.055060733821286,59.77854337866003,67.95683545450619,22.398435068625368,45.70873655048441,53.974439160501454,37.60426368787356,3.544899941651001,56.279800074779935,46.711858004809265,81.90551854708292,13.800415942471009,57.02473925072872,45.8198081199086,41.203425173546606,1
