p1,p2,p3,p4,p5,p6,p7,p8,rsi,rsi1,rsi2,rsi3,rsi4,rsi5,rsi6,rsi7,sto,sto1,sto2,sto3,sto4,sto5,sto6,sto7,macd,macd1,macd2,macd3,macd4,macd5,macd6,macd7,macdl,macd1l,macd2l,macd3l,macd4l,macd5l,macd6l,macd7l,macds,macd1s,macd2s,macd3s,macd4s,macd5s,macd6s,macd7s,stol,sto1l,sto2l,sto3l,sto4l,sto5l,sto6l,sto7l,stos,sto1s,sto2s,sto3s,sto4s,sto5s,sto6s,sto7s,Pred
0.019237277777777777,0.019275305555555556,0.01925704166666667,0.019312166666666665,0.019414375,0.019374444444444444,0.019292944444444446,0.019089000000000002,28.08994793326436,45.1908785184177,47.1998664131569,56.145881302955495,60.33256673209701,48.86418764894312,42.98739338425037,36.60960049030053,3.750124479531868,1.805431076023689,-5.921189464667502e-15,-2.6645352591003757e-15,-5.047461251027058,3.611710017678736,-1.2639429202345454,2.1390050444192954,-9.565781620304627e-06,1.6272224262068977e-05,3.524185911577379e-06,4.6525843700319035e-06,2.284585415562547e-06,-5.630429697414144e-06,-6.118873553424306e-06,-5.617607748155601e-06,-0.00010079875848914528,-3.1353208945291986e-05,-1.084085639634967e-05,8.723819393479984e-06,3.143232245478223e-05,3.388782848039482e-06,-2.0885807970902952e-05,-5.401518699911082e-05,-9.123297686884064e-05,-4.762543320736096e-05,-1.4365042307927048e-05,4.07123502344808e-06,2.9147737039219682e-05,9.019212545453625e-06,-1.4766934417478647e-05,-4.839757925095522e-05,57.69886131247574,58.61226021120985,44.88866503315083,64.10922400992828,44.389280383658,45.16937836482966,43.87650604047274,49.29074454811946,53.94873683294387,56.80682913518616,44.888665033150836,64.10922400992828,49.436741634685056,41.55766834715092,45.14044896070729,47.15173950370016,1
