p1,p2,p3,p4,p5,p6,p7,p8,rsi,rsi1,rsi2,rsi3,rsi4,rsi5,rsi6,rsi7,sto,sto1,sto2,sto3,sto4,sto5,sto6,sto7,macd,macd1,macd2,macd3,macd4,macd5,macd6,macd7,macdl,macd1l,macd2l,macd3l,macd4l,macd5l,macd6l,macd7l,macds,macd1s,macd2s,macd3s,macd4s,macd5s,macd6s,macd7s,stol,sto1l,sto2l,sto3l,sto4l,sto5l,sto6l,sto7l,stos,sto1s,sto2s,sto3s,sto4s,sto5s,sto6s,sto7s,Pred
0.0177244,0.01769755,0.01770475,0.0176918,0.0176783,0.0176789,0.0176656,0.017660125,29.602024481344245,29.29471513301303,37.39228339172219,39.09202252370785,39.06141694625617,42.22057878901405,40.54548353100948,42.13191003345134,-11.43238435402474,18.55583849742896,-17.78088186083396,14.397154966541093,0.42588024608171937,1.7852631368552025,-2.9563273012932534,-6.906083536198051,-5.831172915255271e-06,-4.227259631439848e-06,2.2570160635680073e-06,2.7274717197556556e-06,2.6487019866039387e-06,3.6020749148967005e-06,2.3068978044722954e-06,1.5450206103825218e-06,-3.1492577819288574e-05,-3.668292929033742e-05,-2.9989967194145317e-05,-2.66316400672581e-05,-2.3258401221054603e-05,-1.836119234788977e-05,-1.5749628052808688e-05,-1.2785326457839808e-05,-2.5661404904033303e-05,-3.2455669658897575e-05,-3.224698325771332e-05,-2.9359111787013756e-05,-2.5907103207658543e-05,-2.1963267262786473e-05,-1.8056525857280986e-05,-1.433034706822233e-05,18.231304980829847,63.63393656573648,52.3630463015924,75.15175296394818,60.86379954176786,63.796629180761286,41.018252593884334,41.33494019527884,29.663689334854585,45.07809806830752,70.14392816242636,60.75459799740709,60.43791929568614,62.01136604390609,43.974579895177584,48.24102373147689,1
