p1,p2,p3,p4,p5,p6,p7,p8,rsi,rsi1,rsi2,rsi3,rsi4,rsi5,rsi6,rsi7,sto,sto1,sto2,sto3,sto4,sto5,sto6,sto7,macd,macd1,macd2,macd3,macd4,macd5,macd6,macd7,macdl,macd1l,macd2l,macd3l,macd4l,macd5l,macd6l,macd7l,macds,macd1s,macd2s,macd3s,macd4s,macd5s,macd6s,macd7s,stol,sto1l,sto2l,sto3l,sto4l,sto5l,sto6l,sto7l,stos,sto1s,sto2s,sto3s,sto4s,sto5s,sto6s,sto7s,Pred
0.017637550000000002,0.01761075,0.01760525,0.0176147,0.0175633,0.0175803,0.01755765,0.017535964285714287,37.318194407683336,39.06913350514232,41.43726143778542,45.03701656388231,40.43941107889003,45.854102053629475,42.3134105023541,41.881888623883185,-6.00167836851396,9.949962573415094,1.3229817832607083,-17.13758202658771,11.732503238657936,-0.5109706150765632,-3.218719774453496,4.952420664219679,-3.2029153829703567e-06,-5.236501117276993e-06,-1.2606940902131762e-06,3.3382744253613546e-06,-1.8318759763488224e-06,2.1258204539583615e-06,1.4495480096736979e-06,-5.756038792017643e-07,-1.8167242399812212e-05,-2.7134285660516954e-05,-2.6565036627197725e-05,-1.9355851455958582e-05,-2.469561902347789e-05,-2.0362448562573356e-05,-1.7989493871223282e-05,-2.061196980168959e-05,-1.4964327016841855e-05,-2.189778454323996e-05,-2.530434253698455e-05,-2.2694125881319938e-05,-2.2863743047129066e-05,-2.2488269016531716e-05,-1.9439041880896983e-05,-2.0036365922487826e-05,18.18509064973333,75.3317358302944,59.697504843205714,43.24785891292548,55.806328285940396,79.50990631390883,35.494480895426136,59.73427705925104,24.18676901824729,65.38177325687931,58.374523059945005,60.38544093951319,44.07382504728246,80.02087692898539,38.71320066987963,54.78185639503136,1
