p1,p2,p3,p4,p5,p6,p7,p8,rsi,rsi1,rsi2,rsi3,rsi4,rsi5,rsi6,rsi7,sto,sto1,sto2,sto3,sto4,sto5,sto6,sto7,macd,macd1,macd2,macd3,macd4,macd5,macd6,macd7,macdl,macd1l,macd2l,macd3l,macd4l,macd5l,macd6l,macd7l,macds,macd1s,macd2s,macd3s,macd4s,macd5s,macd6s,macd7s,stol,sto1l,sto2l,sto3l,sto4l,sto5l,sto6l,sto7l,stos,sto1s,sto2s,sto3s,sto4s,sto5s,sto6s,sto7s,Pred
0.017113312500000002,0.0170504375,0.017113375,0.0170803125,0.0170800625,0.0170465,0.017047625,0.0170222,33.075333577387795,30.297281720604722,45.296895339854636,42.010511316356364,43.663162478030195,39.254941413912896,43.20115169014726,43.12714129890481,-15.142983211447577,23.003863077174007,-5.27894975336244,-19.248596779030688,24.999999999999993,-25.000000000000007,17.723720821153197,-0.42282166179462166,-5.093530529549168e-06,-9.768192645152542e-06,3.022947421948895e-06,5.795879485723311e-06,4.0239853592476105e-06,1.6860226259113616e-06,1.8209426476528803e-06,9.807909493858774e-07,-3.4733576955426476e-05,-4.8927056243634574e-05,-3.871870734605074e-05,-2.9416132488221773e-05,-2.721063566136009e-05,-2.631529758105426e-05,-2.4916855917815617e-05,-2.3453466100980397e-05,-2.964004642587731e-05,-3.915886359848203e-05,-4.174165476799964e-05,-3.5212011973945084e-05,-3.12346210206077e-05,-2.8001320206965623e-05,-2.6737798565468497e-05,-2.4434257050366273e-05,41.29446076874409,61.81486281992144,90.17141169314743,14.056481637065733,58.312933868170184,8.734365411069945,76.6714052769567,61.845240875499734,56.43744398019167,38.81099974274743,95.45036144650987,33.30507841609642,33.31293386817019,33.73436541106995,58.94768445580351,62.268062537294355,1
