p1,p2,p3,p4,p5,p6,p7,p8,rsi,rsi1,rsi2,rsi3,rsi4,rsi5,rsi6,rsi7,sto,sto1,sto2,sto3,sto4,sto5,sto6,sto7,macd,macd1,macd2,macd3,macd4,macd5,macd6,macd7,macdl,macd1l,macd2l,macd3l,macd4l,macd5l,macd6l,macd7l,macds,macd1s,macd2s,macd3s,macd4s,macd5s,macd6s,macd7s,stol,sto1l,sto2l,sto3l,sto4l,sto5l,sto6l,sto7l,stos,sto1s,sto2s,sto3s,sto4s,sto5s,sto6s,sto7s,Pred
0.005341058823529411,0.0053688529411764704,0.005358323529411764,0.005370926470588235,0.005366544117647059,0.005356941176470588,0.005358735294117647,0.005319284090909091,34.25366141729261,56.500575162584056,47.10530283148742,52.6731895002289,49.14474298886234,45.80858090820337,49.25164610754716,39.13804149807741,-1.7488984596347417,-1.2055112589931933,4.915194032353454,-4.37682600577602,-0.3356078606384961,1.1102316411367057,-2.2801507158986194,0.40218737286431416,1.2013772061824633e-06,4.0074087465704675e-06,-1.1543930296096837e-06,5.024554105754404e-07,-3.3035079104105214e-07,-6.455440816101748e-07,3.5738313433399227e-07,-1.0624818139039122e-06,-1.8102483763249054e-05,2.1437475299192946e-07,-6.794193446724549e-07,2.2865039319552287e-06,2.1137686836506088e-07,-2.352249750402948e-06,-6.539396934681767e-07,-9.189463257784841e-06,-1.930386096943152e-05,-3.7930339935785382e-06,4.749736849372287e-07,1.7840485213797885e-06,5.41727659406113e-07,-1.7067056687927732e-06,-1.011322827802169e-06,-8.126981443880928e-06,65.45001618216612,68.07237149900578,49.30721540874036,41.80208789612044,32.96272530651472,37.97154154781934,43.42086346276303,51.82867045445041,67.19891464180087,69.27788275799898,44.39202137638691,46.17891390189646,33.29833316715321,36.861309906682635,45.70101417866165,51.42648308158609,1
