p1,p2,p3,p4,p5,p6,p7,p8,rsi,rsi1,rsi2,rsi3,rsi4,rsi5,rsi6,rsi7,sto,sto1,sto2,sto3,sto4,sto5,sto6,sto7,macd,macd1,macd2,macd3,macd4,macd5,macd6,macd7,macdl,macd1l,macd2l,macd3l,macd4l,macd5l,macd6l,macd7l,macds,macd1s,macd2s,macd3s,macd4s,macd5s,macd6s,macd7s,stol,sto1l,sto2l,sto3l,sto4l,sto5l,sto6l,sto7l,stos,sto1s,sto2s,sto3s,sto4s,sto5s,sto6s,sto7s,Pred
0.0251347,0.0250134,0.025073433333333332,0.025120716666666668,0.025114616666666666,0.02506175,0.024958816666666668,0.024822527777777777,30.257498154032362,30.482478139304824,49.76745232326203,56.49357245526157,49.309593279846474,43.224263749511785,34.56556190482776,40.74027263546877,-3.2734795503224303,3.972376327768722,-1.742846841549796,-0.3829332374293883,-0.5300131580999861,-0.8324142786118981,1.6081351369898222,1.2984925830976624,-1.4884321216067464e-06,8.875184607360427e-06,1.7837910512523476e-05,6.175487134585292e-06,-3.076356607336596e-06,-2.7250072141735963e-06,-7.340999430234158e-06,1.0776157835418735e-06,-0.00013562525456037102,-8.47808835407413e-05,-2.4029613287758952e-05,8.564979302177108e-06,6.232830196206684e-06,-1.3598379688817968e-05,-2.8804157602964574e-05,-5.179285661541283e-05,-0.00013413682243876429,-9.365606814810173e-05,-4.186752380028243e-05,2.389492167591816e-06,9.309186803543281e-06,-1.0873372474644372e-05,-2.1463158172730414e-05,-5.28704723989547e-05,81.87217253348669,51.14861613388215,76.2586921268139,59.189620087626196,45.36995620346001,53.38748577206121,30.97718445941973,71.88785071115363,85.14565208380913,47.17623980611343,78.00153896836369,59.57255332505559,45.89996936156,54.21990005067311,29.369049322429905,70.58935812805598,1
