p1,p2,p3,p4,p5,p6,p7,p8,rsi,rsi1,rsi2,rsi3,rsi4,rsi5,rsi6,rsi7,sto,sto1,sto2,sto3,sto4,sto5,sto6,sto7,macd,macd1,macd2,macd3,macd4,macd5,macd6,macd7,macdl,macd1l,macd2l,macd3l,macd4l,macd5l,macd6l,macd7l,macds,macd1s,macd2s,macd3s,macd4s,macd5s,macd6s,macd7s,stol,sto1l,sto2l,sto3l,sto4l,sto5l,sto6l,sto7l,stos,sto1s,sto2s,sto3s,sto4s,sto5s,sto6s,sto7s,Pred
0.005449722222222222,0.00544275,0.005388666666666667,0.005371388888888889,0.005375111111111111,0.005366527777777777,0.005316638888888889,0.005327142857142857,27.782287553332427,32.509540946072974,22.702065805255113,33.772158981588426,44.27181218868813,44.5241103403027,34.26561060705063,46.12233939020201,9.768185610997671,-11.111111111111109,6.95199401822117,-6.951994018221178,-4.736951571734001e-15,0.2204464339276517,9.612557937651147,-6.3212170960149345,-1.1272020933174354e-06,4.122737955208509e-06,-1.3715093089336067e-06,1.2541786153214865e-06,4.239033659996372e-06,2.581545483920564e-06,-3.3569150068207817e-06,2.6646006312856197e-06,-3.587175305338365e-05,-2.393754755565737e-05,-2.643053833880518e-05,-2.54501519844281e-05,-1.5754771101992695e-05,-9.675099821894751e-06,-1.5366748579136536e-05,-1.1743164583080123e-05,-3.474455096006621e-05,-2.8060285510865878e-05,-2.5059029029871573e-05,-2.6704330599749586e-05,-1.9993804761989067e-05,-1.2256645305815315e-05,-1.2009833572315754e-05,-1.4407765214365742e-05,80.97793858035202,41.79587956351583,21.53910213844287,47.22336860656673,55.903038637204794,55.28132118502365,30.41002961246538,64.27410484445326,71.20975296935435,52.90699067462694,14.587108120221703,54.17536262478791,55.9030386372048,55.060874751096,20.79747167481423,70.5953219404682,1
