p1,p2,p3,p4,p5,p6,p7,p8,rsi,rsi1,rsi2,rsi3,rsi4,rsi5,rsi6,rsi7,sto,sto1,sto2,sto3,sto4,sto5,sto6,sto7,macd,macd1,macd2,macd3,macd4,macd5,macd6,macd7,macdl,macd1l,macd2l,macd3l,macd4l,macd5l,macd6l,macd7l,macds,macd1s,macd2s,macd3s,macd4s,macd5s,macd6s,macd7s,stol,sto1l,sto2l,sto3l,sto4l,sto5l,sto6l,sto7l,stos,sto1s,sto2s,sto3s,sto4s,sto5s,sto6s,sto7s,Pred
0.005760625,0.00574875,0.0057458125,0.00571825,0.0057136875,0.0057188125,0.0057280625,0.005728187500000001,38.342190991406284,35.088930628048736,34.96150695847723,27.23183299135763,26.937190166574926,35.08502414476567,43.418751839262775,44.43385600197888,-10.315961449317786,-6.349937988713521,-0.0007672286354019064,-7.328692453611064,15.662025786944367,3.9595722543902205,-1.6481801184946736,0.6545662816736169,1.8608292517701253e-07,2.2346458926239615e-06,2.8488327414087093e-06,3.474011898647294e-07,3.842169469771676e-08,1.9935627149069833e-06,4.062289854925944e-06,3.9349012341508255e-06,-2.6311962136933058e-05,-2.250171776719276e-05,-1.9203455696067875e-05,-2.0282337928770842e-05,-2.0597091699954074e-05,-1.7545768934357914e-05,-1.2074549545115516e-05,-8.103227707368559e-06,-2.6498045062110072e-05,-2.4736363659816722e-05,-2.2052288437476586e-05,-2.0629739118635574e-05,-2.063551339465179e-05,-1.95393316492649e-05,-1.613683940004146e-05,-1.2038128941519383e-05,78.48351325468666,15.511441484011446,49.43386935070994,2.4426789941772276,50.0,93.43935838158535,90.96708820384336,74.48392772544497,88.79947470400444,21.861379472724966,49.43463657934534,9.77137144778829,34.33797421305563,89.47978612719513,92.61526832233804,73.82936144377136,1
