p1,p2,p3,p4,p5,p6,p7,p8,rsi,rsi1,rsi2,rsi3,rsi4,rsi5,rsi6,rsi7,sto,sto1,sto2,sto3,sto4,sto5,sto6,sto7,macd,macd1,macd2,macd3,macd4,macd5,macd6,macd7,macdl,macd1l,macd2l,macd3l,macd4l,macd5l,macd6l,macd7l,macds,macd1s,macd2s,macd3s,macd4s,macd5s,macd6s,macd7s,stol,sto1l,sto2l,sto3l,sto4l,sto5l,sto6l,sto7l,stos,sto1s,sto2s,sto3s,sto4s,sto5s,sto6s,sto7s,Pred
0.005894541666666667,0.005874208333333334,0.005859458333333333,0.005881875,0.005865,0.005845166666666667,0.0058511249999999996,0.0058600833333333335,34.40734893917301,35.11343287780703,37.57267217267229,48.09530059736858,39.93553186053677,33.24457401670323,42.75985371704302,50.575693760861164,2.571950533511808,-14.404791277925819,16.66666666666667,-4.9529868084497055,-10.214494210198387,4.285900479858377,5.326024983234194,1.4297222821450741,6.173685334673635e-07,1.7179643607365311e-06,3.246654261353614e-07,4.829701042746843e-06,2.2252241595936477e-06,-1.0923640429388927e-06,7.508149450432286e-07,2.8435726038479367e-06,-2.390593740322679e-05,-1.946244103720506e-05,-2.050446417421357e-05,-1.1263377921930367e-05,-7.784207999659136e-06,-1.1260627561615437e-05,-9.992168527173887e-06,-4.8088933554987605e-06,-2.4523305936694156e-05,-2.118040539794159e-05,-2.0829129600348933e-05,-1.609307896467721e-05,-1.0009432159252784e-05,-1.0168263518676544e-05,-1.0742983472217116e-05,-7.652465959346696e-06,91.47081553759399,22.91754446755629,80.18178437688822,91.72708166591343,10.178368957179485,16.932085261033343,83.33333333333333,90.57804597922323,88.89886500408218,37.322335745482114,63.51511771022154,96.68006847436314,20.39286316737787,12.646184781174966,78.00730835009914,89.14832369707815,1
