p1,p2,p3,p4,p5,p6,p7,p8,rsi,rsi1,rsi2,rsi3,rsi4,rsi5,rsi6,rsi7,sto,sto1,sto2,sto3,sto4,sto5,sto6,sto7,macd,macd1,macd2,macd3,macd4,macd5,macd6,macd7,macdl,macd1l,macd2l,macd3l,macd4l,macd5l,macd6l,macd7l,macds,macd1s,macd2s,macd3s,macd4s,macd5s,macd6s,macd7s,stol,sto1l,sto2l,sto3l,sto4l,sto5l,sto6l,sto7l,stos,sto1s,sto2s,sto3s,sto4s,sto5s,sto6s,sto7s,Pred
0.006148604166666667,0.006153395833333334,0.006174520833333334,0.006167,0.006158916666666667,0.006155958333333334,0.006110520833333333,0.00609275,40.69082638078382,50.778969005643376,54.001980185705804,50.56412407095153,45.94046741296102,48.05271793693665,35.956405271584615,45.55747903333861,-8.333333333333343,8.333333333333314,-6.617589396378417,6.617589396378342,-6.280044036858612,-2.0532892964747687,1.5728331055490052,0.06156049578531383,4.137886694878374e-06,4.4027743419573035e-06,2.733753377062927e-06,-6.438098895409218e-07,-8.787080602170131e-07,1.1669034979732785e-07,-4.240315279928011e-06,1.5397782213786408e-06,-1.9285224992582686e-05,-9.412965495537851e-06,4.209749441101652e-06,2.244193695819426e-07,-1.3673998727232785e-06,-2.5227163455132447e-06,-1.0824635540472959e-05,-1.4285791446722305e-05,-2.342311168746106e-05,-1.3815739837495154e-05,1.4759960640387253e-06,8.682292591228644e-07,-4.886918125062655e-07,-2.6394066953105726e-06,-6.584320260544947e-06,-1.5825569668100945e-05,36.98817720969727,91.54812517676471,21.21929599082396,58.6266453728731,30.431480810047265,51.585700673460366,43.269980364305084,74.61665428449075,45.32151054303061,83.2147918434314,27.836885387202376,52.00905597649476,36.711524846905874,53.63898996993513,41.69714725875608,74.55509378870543,1
