p1,p2,p3,p4,p5,p6,p7,p8,rsi,rsi1,rsi2,rsi3,rsi4,rsi5,rsi6,rsi7,sto,sto1,sto2,sto3,sto4,sto5,sto6,sto7,macd,macd1,macd2,macd3,macd4,macd5,macd6,macd7,macdl,macd1l,macd2l,macd3l,macd4l,macd5l,macd6l,macd7l,macds,macd1s,macd2s,macd3s,macd4s,macd5s,macd6s,macd7s,stol,sto1l,sto2l,sto3l,sto4l,sto5l,sto6l,sto7l,stos,sto1s,sto2s,sto3s,sto4s,sto5s,sto6s,sto7s,Pred
0.0062155,0.006219083333333333,0.006208,0.0061835833333333335,0.006194416666666667,0.00620625,0.0062115,0.006214583333333333,44.15771523032456,46.779980089463415,41.2997077331668,33.403746442983206,42.0509932878228,48.19352045909112,50.789098944650306,52.16265492810685,33.33333333333333,-2.9348965964346974,-30.398436736898624,3.027752671247115,28.965368971350934,1.3402116907353303,-2.979096703786477,-19.2431255184357,-3.032501407404521e-06,-1.1943439145960859e-06,-1.018502863978192e-06,-3.996662484884559e-06,-2.2280465876060464e-06,7.538592243519591e-07,2.5031398527030652e-06,3.0195417904469948e-06,-5.070508608715288e-06,-4.560437225661154e-06,-4.8850014675811656e-06,-1.0265271950716618e-05,-1.0792493129209262e-05,-7.998386744853826e-06,-4.740763802053617e-06,-1.9887009561255406e-06,-2.038007201310767e-06,-3.366093311065069e-06,-3.866498603602973e-06,-6.2686094658320594e-06,-8.564446541603215e-06,-8.752245969205785e-06,-7.243903654756683e-06,-5.0082427465725354e-06,66.66666666666667,82.39062042139177,11.205521658992938,6.643180454717848,95.97936492779408,100.00000000000001,87.1805802371465,66.55726566098737,33.333333333333336,85.32551701782647,41.60395839589156,3.6154277834707336,67.01399595644315,98.65978830926468,90.15967694093297,85.80039117942306,1
