p1,p2,p3,p4,p5,p6,p7,p8,rsi,rsi1,rsi2,rsi3,rsi4,rsi5,rsi6,rsi7,sto,sto1,sto2,sto3,sto4,sto5,sto6,sto7,macd,macd1,macd2,macd3,macd4,macd5,macd6,macd7,macdl,macd1l,macd2l,macd3l,macd4l,macd5l,macd6l,macd7l,macds,macd1s,macd2s,macd3s,macd4s,macd5s,macd6s,macd7s,stol,sto1l,sto2l,sto3l,sto4l,sto5l,sto6l,sto7l,stos,sto1s,sto2s,sto3s,sto4s,sto5s,sto6s,sto7s,Pred
0.006154898148148148,0.0061496574074074075,0.0061451944444444444,0.006127462962962963,0.006122972222222222,0.006134611111111111,0.006091453703703704,0.006040189655172414,30.174086694238362,45.57824826817363,48.299088234598464,45.92108879483053,48.204583308476366,51.30476879581804,34.211397219369694,36.15115339226084,0.5132912723716955,2.9555662802599105,-2.810015995866954,2.514947313604363,-0.29741904845716044,-3.1112159729839592,0.5208655506247896,0.664481498843616,4.0325209730089786e-07,1.7435756349946833e-06,5.943730219398152e-07,-1.2408043465519573e-07,2.3043100024207752e-07,4.994535458586039e-08,-1.8551386928266072e-06,1.5517617801498346e-06,-2.4726830437581636e-05,-5.7735514079639825e-06,-1.2518113015959767e-06,-4.296783941395005e-06,-1.8084820697075243e-06,2.3278958470636287e-06,-9.06035655258983e-06,-1.1918281978678534e-05,-2.5130082534882535e-05,-7.517127042958666e-06,-1.8461843235357917e-06,-4.172703506739808e-06,-2.038913069949602e-06,2.2779504924777685e-06,-7.205217859763221e-06,-1.3470043758828368e-05,59.91103546551186,46.749033372882074,46.36386742469041,54.52974559187493,44.36147819812184,39.57891023831696,41.14073349362067,58.12655971827771,59.39774419314016,43.793467092622166,49.17388342055737,52.01479827827056,44.658897246579,42.690126211300914,40.61986794299589,57.4620782194341,1
