p1,p2,p3,p4,p5,p6,p7,p8,rsi,rsi1,rsi2,rsi3,rsi4,rsi5,rsi6,rsi7,sto,sto1,sto2,sto3,sto4,sto5,sto6,sto7,macd,macd1,macd2,macd3,macd4,macd5,macd6,macd7,macdl,macd1l,macd2l,macd3l,macd4l,macd5l,macd6l,macd7l,macds,macd1s,macd2s,macd3s,macd4s,macd5s,macd6s,macd7s,stol,sto1l,sto2l,sto3l,sto4l,sto5l,sto6l,sto7l,stos,sto1s,sto2s,sto3s,sto4s,sto5s,sto6s,sto7s,Pred
0.006370678571428571,0.0063814642857142855,0.00640675,0.006384392857142857,0.006410642857142857,0.006396142857142857,0.0063786071428571425,0.0063545625,29.398698642521957,41.86902684549561,49.92467326896071,46.37848499174793,53.16266069875856,48.323984077715366,45.27301185065793,42.01073289546305,-3.242325798382482,9.281961300639454,-9.281961300639484,5.609128350459789,6.568751260060258,-8.866513006486075,-1.1870613175980371,6.522888257765172,-4.981414638591606e-06,1.944558430453173e-06,7.296236205884757e-06,1.0091457361070087e-06,3.9092796831949905e-06,2.465679602200316e-07,-2.3445797219102783e-06,-2.0865562244213808e-06,-2.6860878255941266e-05,-2.3550535856679128e-05,-6.543002271428308e-06,-8.13316610325102e-06,5.653222265019195e-07,4.00346726276513e-07,-5.2055149991215385e-06,-1.099667016223483e-05,-2.187946361734966e-05,-2.54950942871323e-05,-1.3839238477313066e-05,-9.142311839358028e-06,-3.343957456693071e-06,1.537787660564814e-07,-2.8609352772112606e-06,-8.91011393781345e-06,7.024974204761671,89.49216948659243,53.048048732342544,58.887844924193,70.52080007357348,35.81041353197507,39.626131552967685,49.322002688199724,10.267300003144154,80.21020818595298,62.33001003298203,53.278716573733206,63.95204881351323,44.676926538461146,40.81319287056572,42.79911443043455,1
