p1,p2,p3,p4,p5,p6,p7,p8,rsi,rsi1,rsi2,rsi3,rsi4,rsi5,rsi6,rsi7,sto,sto1,sto2,sto3,sto4,sto5,sto6,sto7,macd,macd1,macd2,macd3,macd4,macd5,macd6,macd7,macdl,macd1l,macd2l,macd3l,macd4l,macd5l,macd6l,macd7l,macds,macd1s,macd2s,macd3s,macd4s,macd5s,macd6s,macd7s,stol,sto1l,sto2l,sto3l,sto4l,sto5l,sto6l,sto7l,stos,sto1s,sto2s,sto3s,sto4s,sto5s,sto6s,sto7s,Pred
0.0067502,0.006748975,0.0067275500000000005,0.006719925,0.00673115,0.006735,0.006740425,0.006718017857142857,31.85224852955898,41.947677013512994,38.68818633980505,41.38262835835059,50.083356362461046,52.07976881585596,52.37810827174187,41.77392456819069,9.999999999999984,-3.8679429476528258,0.8510799841542623,-4.18633528951502,-2.225645600014722,4.544297903064355,0.1554557136793761,0.9969692163936996,-7.050961671407778e-06,8.645158620006445e-07,7.887231733278372e-07,1.3469519072925733e-06,2.923176059673171e-06,1.612385961326411e-06,7.147809069900963e-07,-2.499174043711141e-06,-1.637478584447594e-05,-1.727329890009949e-05,-1.381848024388961e-05,-1.1121319477662342e-05,-3.821224950948006e-06,-4.0139481815668757e-07,2.538744080925713e-06,-3.131375602199793e-06,-9.323824173068161e-06,-1.8137814762100136e-05,-1.4607203417217448e-05,-1.2468271384954914e-05,-6.744401010621177e-06,-2.0137807794830984e-06,1.8239631739356169e-06,-6.322015584886522e-07,40.42761827576576,63.96537965002695,29.236875200559385,48.07060793839174,67.67461955795115,62.088872880423295,43.936160128741015,23.872607077284687,30.427618275765777,67.83332259767977,28.385795216405125,52.25694322790675,69.90026515796588,57.54457497735894,43.78070441506164,22.875637860890986,1
