p1,p2,p3,p4,p5,p6,p7,p8,rsi,rsi1,rsi2,rsi3,rsi4,rsi5,rsi6,rsi7,sto,sto1,sto2,sto3,sto4,sto5,sto6,sto7,macd,macd1,macd2,macd3,macd4,macd5,macd6,macd7,macdl,macd1l,macd2l,macd3l,macd4l,macd5l,macd6l,macd7l,macds,macd1s,macd2s,macd3s,macd4s,macd5s,macd6s,macd7s,stol,sto1l,sto2l,sto3l,sto4l,sto5l,sto6l,sto7l,stos,sto1s,sto2s,sto3s,sto4s,sto5s,sto6s,sto7s,Pred
0.0068725416666666666,0.006852125,0.006879958333333333,0.006874583333333333,0.0068386666666666665,0.0068433750000000005,0.006846625,0.00683495,26.50064629324766,32.21969616345298,47.842997844621806,46.2454554330738,37.834303809557966,43.5000813796491,46.487491678514864,45.084955597043496,8.635075679878712,5.555555555555557,-7.871436978683957,-5.100257610739588,9.94328047693565,-0.5937112046014322,-1.466389261961983,0.5567473511451064,-4.554049905326082e-06,-4.067738069801769e-06,4.090306282291139e-06,3.6948869609366864e-06,-2.370557269171691e-06,2.09774428421792e-07,2.2404224675838302e-06,5.358254067610403e-07,-1.5185807019091625e-05,-2.253282519441716e-05,-1.3189371363047485e-05,-6.2466265177538805e-06,-1.297535932619654e-05,-1.2349391998632523e-05,-7.69646510872486e-06,-5.981706677868782e-06,-1.0631757113765542e-05,-1.846508712461539e-05,-1.7279677645338624e-05,-9.941513478690567e-06,-1.060480205702485e-05,-1.2559166427054315e-05,-9.93688757630869e-06,-6.517532084629822e-06,21.775817453519675,71.20972206610566,80.27615819776318,41.641875943065386,35.59941100683543,65.66000051277577,56.41557732691555,46.002988092574746,13.140741773640963,65.6541665105501,88.14759517644714,46.74213355380497,25.656130529899784,66.2537117173772,57.88196658887754,45.446240741429634,1
