p1,p2,p3,p4,p5,p6,p7,p8,rsi,rsi1,rsi2,rsi3,rsi4,rsi5,rsi6,rsi7,sto,sto1,sto2,sto3,sto4,sto5,sto6,sto7,macd,macd1,macd2,macd3,macd4,macd5,macd6,macd7,macdl,macd1l,macd2l,macd3l,macd4l,macd5l,macd6l,macd7l,macds,macd1s,macd2s,macd3s,macd4s,macd5s,macd6s,macd7s,stol,sto1l,sto2l,sto3l,sto4l,sto5l,sto6l,sto7l,stos,sto1s,sto2s,sto3s,sto4s,sto5s,sto6s,sto7s,Pred
0.024954499999999998,0.024973625,0.024962250000000002,0.024943374999999997,0.02492975,0.02496025,0.02496925,0.02498911111111111,38.906635954241224,45.197072617484494,43.08099785059191,39.909947355861576,41.423003540978854,48.030412047157704,48.916567726747594,52.718635377988896,-8.450722794489955,41.47629210342967,-11.095897386313538,-27.695820997329413,30.648759613546584,14.19995894673361,-30.866625613400288,3.7037037037036917,1.0770722712725169e-06,1.2181106496149817e-06,9.939571852500426e-07,-3.299614192044036e-07,-2.3019457122038526e-06,1.619361375802071e-06,4.183628929785266e-06,6.35623383796316e-06,-1.772438128555369e-05,-1.7167385339808897e-05,-1.6819186818584422e-05,-1.7996775525120842e-05,-2.1192084349808127e-05,-1.6860174258110164e-05,-1.2358744151364301e-05,-1.5332369411475792e-06,-1.8801453556826206e-05,-1.8385495989423877e-05,-1.7813144003834465e-05,-1.766681410591644e-05,-1.8890138637604276e-05,-1.8479535633912235e-05,-1.6542373081149567e-05,-7.88947077911074e-06,0.0,74.42887631028904,52.46522571344146,8.053721159360219,50.0,92.59987684020085,50.0,68.43716442361317,8.450722794489955,32.95258420685936,63.561123099755,35.749542156689635,19.351240386453416,78.39991789346723,80.86662561340029,64.73346071990949,1
