p1,p2,p3,p4,p5,p6,p7,p8,rsi,rsi1,rsi2,rsi3,rsi4,rsi5,rsi6,rsi7,sto,sto1,sto2,sto3,sto4,sto5,sto6,sto7,macd,macd1,macd2,macd3,macd4,macd5,macd6,macd7,macdl,macd1l,macd2l,macd3l,macd4l,macd5l,macd6l,macd7l,macds,macd1s,macd2s,macd3s,macd4s,macd5s,macd6s,macd7s,stol,sto1l,sto2l,sto3l,sto4l,sto5l,sto6l,sto7l,stos,sto1s,sto2s,sto3s,sto4s,sto5s,sto6s,sto7s,Pred
0.006876916666666667,0.006854333333333333,0.006852916666666666,0.00684125,0.006837,0.006855916666666666,0.006848416666666667,0.006806791666666667,29.520270584488834,26.189200868395186,28.677656563862634,27.470317998341834,30.717307934375146,41.666869692373396,39.376439787838855,31.58069599977069,-25.489309982192182,10.291827075107525,15.750953603762765,-29.10972786276594,31.975308048448024,-9.473903143468002e-15,-16.47992559596204,7.703010822549108,-2.4879566697214455e-06,-4.566707115200239e-06,-3.4039386427110625e-06,-1.6354810903328266e-06,-8.324870377240335e-07,3.0146346867095613e-06,3.88494576215924e-06,-9.676287346881536e-07,-1.7522928749153534e-05,-2.2617267119327475e-05,-2.4481514196646587e-05,-2.42296398789531e-05,-2.4453006389102302e-05,-1.9328553072444205e-05,-1.5563024007932195e-05,-2.0198872107530207e-05,-1.5034972079432088e-05,-1.8050560004127236e-05,-2.1077575553935523e-05,-2.259415878862027e-05,-2.3620519351378266e-05,-2.2343187759153764e-05,-1.9447969770091435e-05,-1.9231243372842054e-05,9.716756485199445,22.07519931583271,87.60519372707056,37.407409187989245,79.80279874524531,100.0,40.97295854369098,42.6741418203496,35.20606646739163,11.783372240725186,71.85424012330779,66.51713705075518,47.827490696797284,100.00000000000001,57.45288413965302,34.97113099780049,1
