p1,p2,p3,p4,p5,p6,p7,p8,rsi,rsi1,rsi2,rsi3,rsi4,rsi5,rsi6,rsi7,sto,sto1,sto2,sto3,sto4,sto5,sto6,sto7,macd,macd1,macd2,macd3,macd4,macd5,macd6,macd7,macdl,macd1l,macd2l,macd3l,macd4l,macd5l,macd6l,macd7l,macds,macd1s,macd2s,macd3s,macd4s,macd5s,macd6s,macd7s,stol,sto1l,sto2l,sto3l,sto4l,sto5l,sto6l,sto7l,stos,sto1s,sto2s,sto3s,sto4s,sto5s,sto6s,sto7s,Pred
0.006672388888888889,0.0066238055555555555,0.006639333333333333,0.006624666666666667,0.006617138888888889,0.006595388888888889,0.006600722222222222,0.00659335,31.00269589633448,22.985025882173858,41.69198987650291,39.14661173363085,38.564971501068726,33.782522934097045,44.34424476062449,45.10347820815631,-8.638482603871504,8.933519071237798,-9.892983909521693,8.31198319832872,-7.408210928095058,9.825613195672908,-3.8652004430859943,0.6541677217894986,-3.898612175211621e-06,-5.086683691535671e-06,3.118348056384388e-06,1.131820802071366e-06,5.146271215912752e-07,-1.2025806586184413e-06,1.875554230945744e-06,7.966682310263466e-07,-6.507948592436874e-06,-2.0331028060383467e-05,-1.2248715291719282e-05,-9.055300104687243e-06,-7.657679885892314e-06,-1.1603125160134551e-05,-6.282958330091892e-06,-4.717018138090482e-06,-2.609336417225253e-06,-1.5244344368847796e-05,-1.536706334810367e-05,-1.018712090675861e-05,-8.172307007483589e-06,-1.040054450151611e-05,-8.158512561037635e-06,-5.513686369116829e-06,27.355753488326915,58.16668047218099,47.88465534633749,59.056257180523275,37.8033534879357,47.383327337074284,47.45902798781621,55.24985402485232,35.99423609219842,49.23316140094319,57.77763925585918,50.74427398219456,45.21156441603076,37.55771414140138,51.3242284309022,54.59568630306282,1
