p1,p2,p3,p4,p5,p6,p7,p8,rsi,rsi1,rsi2,rsi3,rsi4,rsi5,rsi6,rsi7,sto,sto1,sto2,sto3,sto4,sto5,sto6,sto7,macd,macd1,macd2,macd3,macd4,macd5,macd6,macd7,macdl,macd1l,macd2l,macd3l,macd4l,macd5l,macd6l,macd7l,macds,macd1s,macd2s,macd3s,macd4s,macd5s,macd6s,macd7s,stol,sto1l,sto2l,sto3l,sto4l,sto5l,sto6l,sto7l,stos,sto1s,sto2s,sto3s,sto4s,sto5s,sto6s,sto7s,Pred
0.0068087500000000006,0.006731666666666667,0.0067459166666666666,0.006740833333333333,0.006712166666666667,0.006697083333333333,0.006702583333333333,0.0066673,26.32023356872848,26.086078452402234,35.744135703438495,36.84228525667033,33.53547689844928,32.484651542904416,35.557929227796805,32.91908280516863,-26.40009101198117,19.39662734392872,13.936705989404624,-25.021857998357643,0.9125839988300534,12.998162888416493,9.147729744318577,1.1780288200755122,-5.181011323259622e-06,-1.2671173601203082e-05,-1.0536552177896005e-05,-3.7007612581577655e-06,-3.1230415885992607e-06,-2.068395592677403e-06,9.405846366528362e-07,5.365673061711522e-07,-1.843175833228343e-05,-3.3465932179207264e-05,-4.089034323907752e-05,-3.801693359749657e-05,-3.998082408229395e-05,-4.067821282062832e-05,-3.7854444900489205e-05,-3.730367767140423e-05,-1.3250747009023806e-05,-2.0794758578004178e-05,-3.0353791061181514e-05,-3.43161723393388e-05,-3.685778249369469e-05,-3.8609817227950916e-05,-3.8795029537142043e-05,-3.784024497757538e-05,7.3719717486357785,49.22573340099546,100.0,47.2445897301802,13.836089000708602,33.333333333333336,97.0549279498112,55.637260966266815,33.77206276061695,29.829106057066735,86.06329401059537,72.26644772853784,12.92350500187855,20.33517044491684,87.90719820549262,54.459232146191304,1
