p1,p2,p3,p4,p5,p6,p7,p8,rsi,rsi1,rsi2,rsi3,rsi4,rsi5,rsi6,rsi7,sto,sto1,sto2,sto3,sto4,sto5,sto6,sto7,macd,macd1,macd2,macd3,macd4,macd5,macd6,macd7,macdl,macd1l,macd2l,macd3l,macd4l,macd5l,macd6l,macd7l,macds,macd1s,macd2s,macd3s,macd4s,macd5s,macd6s,macd7s,stol,sto1l,sto2l,sto3l,sto4l,sto5l,sto6l,sto7l,stos,sto1s,sto2s,sto3s,sto4s,sto5s,sto6s,sto7s,Pred
0.00620715,0.0061680500000000004,0.006202,0.00620915,0.00618015,0.006182399999999999,0.00620105,0.006163625,25.602743457121893,21.628957918338013,43.582322723744426,46.26067822780322,37.99614722197207,41.871236100053444,51.162557819546386,39.02254241369874,-1.7812553666043394,18.059040998704212,1.5410936400093391,-19.600134638713556,19.119405413808263,-0.10302839538193709,-19.016377018426326,4.474565196920963,-6.0827706196436975e-06,-5.51657366472569e-06,2.7203088881875294e-06,6.3342709551283995e-06,1.1387661764101045e-06,1.0788902638476325e-06,3.8613418024455745e-06,-1.3600342316891183e-06,-2.2126948980471378e-05,-2.868803370563895e-05,-2.1879062738381847e-05,-1.0937082754450267e-05,-1.2190684164583438e-05,-1.1107622197402758e-05,-4.814779005700258e-06,-9.212534184784783e-06,-1.604417836082768e-05,-2.317146004091326e-05,-2.4599371626569374e-05,-1.7271353709578667e-05,-1.3329450340993542e-05,-1.2186512461250391e-05,-8.676120808145832e-06,-7.852499953095664e-06,6.902567686844284,34.17712299611265,98.2039035550478,34.90489762309517,52.08423457027929,55.7673516539549,56.930408101736454,32.88534576502033,8.683823053448624,16.11808199740844,96.66280991503845,54.50503226180873,32.96482915647103,55.87038004933683,75.94678512016279,28.410780568099366,1
