p1,p2,p3,p4,p5,p6,p7,p8,rsi,rsi1,rsi2,rsi3,rsi4,rsi5,rsi6,rsi7,sto,sto1,sto2,sto3,sto4,sto5,sto6,sto7,macd,macd1,macd2,macd3,macd4,macd5,macd6,macd7,macdl,macd1l,macd2l,macd3l,macd4l,macd5l,macd6l,macd7l,macds,macd1s,macd2s,macd3s,macd4s,macd5s,macd6s,macd7s,stol,sto1l,sto2l,sto3l,sto4l,sto5l,sto6l,sto7l,stos,sto1s,sto2s,sto3s,sto4s,sto5s,sto6s,sto7s,Pred
0.02051496875,0.020630359375,0.02057625,0.02057103125,0.020504249999999998,0.020470453125,0.020485984375,0.02044995238095238,30.756786985463695,56.159573923602835,44.94448913896084,46.59130977539833,40.43612930078274,43.721550593494435,48.94090382281397,45.87462421432354,0.42657497913675024,-6.249999999999993,6.250000000000009,2.4868995751603507e-14,-5.328623376827495,1.9895184764525125,-2.342530499803585,2.219608361490283,-2.699808594524748e-06,1.3981800090201786e-05,-4.1028264032212985e-06,-2.969019532143442e-07,-3.279825750723969e-06,1.9147927885120513e-06,2.778798725442275e-06,-2.862235827184807e-07,-5.452085878024544e-05,6.492464360868637e-06,-5.581061089041106e-06,-5.49603559861782e-06,-1.6644497816174037e-05,-1.9693460755767188e-05,-2.5556195681730298e-06,-9.091521757387058e-06,-5.1821050185720696e-05,-7.489335729333148e-06,-1.4782346858198076e-06,-5.1991336454034756e-06,-1.3364672065450067e-05,-2.1608253544279237e-05,-5.3344182936153045e-06,-8.805298174668576e-06,49.29612120154749,43.71921388318214,41.58271677437819,43.74633906642981,32.21559669939684,78.05200871798377,51.56756908811044,64.5575561545289,48.86954622241075,49.969213883182135,35.332716774378184,43.74633906642979,37.544220076224335,76.06249024153125,53.910099587914026,62.33794779303861,1
