p1,p2,p3,p4,p5,p6,p7,p8,rsi,rsi1,rsi2,rsi3,rsi4,rsi5,rsi6,rsi7,sto,sto1,sto2,sto3,sto4,sto5,sto6,sto7,macd,macd1,macd2,macd3,macd4,macd5,macd6,macd7,macdl,macd1l,macd2l,macd3l,macd4l,macd5l,macd6l,macd7l,macds,macd1s,macd2s,macd3s,macd4s,macd5s,macd6s,macd7s,stol,sto1l,sto2l,sto3l,sto4l,sto5l,sto6l,sto7l,stos,sto1s,sto2s,sto3s,sto4s,sto5s,sto6s,sto7s,Pred
0.0209213125,0.020921000000000002,0.0208594375,0.020826875,0.0208378125,0.0208333125,0.020844,0.02085642857142857,32.443465442449266,33.99100159524476,26.154524432988598,25.916594866421256,31.917653056533865,34.92409412795378,42.533241643158945,46.93684085906024,3.2632433382615122,-19.654179781072692,0.18825372546100905,16.093439076976246,6.299012926715534,-8.333333333333353,7.729634407403887,-9.950486010774403,-5.842469063019579e-07,4.799467855089193e-06,4.1274441653833566e-07,-2.403720446644947e-06,2.2298369845954673e-06,5.652901150632957e-06,8.261574615304824e-06,8.226954765004417e-06,-5.187995494229051e-05,-4.319827844844609e-05,-4.503686717363415e-05,-4.981877188938843e-05,-4.498167965718506e-05,-3.683386263728886e-05,-2.6965708727985475e-05,-1.439802935657599e-05,-5.129570803598855e-05,-4.799774630353528e-05,-4.5449611590172486e-05,-4.741505144274348e-05,-4.7211516641780524e-05,-4.248676378792182e-05,-3.52272833432903e-05,-2.2624984121580406e-05,76.65699689355368,55.33310507027567,7.822643988924629,40.03458312690431,85.96115670461211,52.90041363815432,85.09043447956694,48.25097671590849,73.39375355529216,74.98728485134836,7.63439026346362,23.941144049928063,79.66214377789657,61.23374697148767,77.36080007216306,58.2014627266829,1
