p1,p2,p3,p4,p5,p6,p7,p8,rsi,rsi1,rsi2,rsi3,rsi4,rsi5,rsi6,rsi7,sto,sto1,sto2,sto3,sto4,sto5,sto6,sto7,macd,macd1,macd2,macd3,macd4,macd5,macd6,macd7,macdl,macd1l,macd2l,macd3l,macd4l,macd5l,macd6l,macd7l,macds,macd1s,macd2s,macd3s,macd4s,macd5s,macd6s,macd7s,stol,sto1l,sto2l,sto3l,sto4l,sto5l,sto6l,sto7l,stos,sto1s,sto2s,sto3s,sto4s,sto5s,sto6s,sto7s,Pred
0.020576375,0.020535375,0.020528875,0.020535499999999998,0.0205565,0.02054575,0.0205335,0.02052809375,35.93735311968497,27.532622293252327,28.499584089370984,33.12378290433139,41.67849842451555,38.72119871272693,36.540126835929556,40.03086865458241,49.99999999999999,-43.69968438328841,2.343974651308388,41.355709731979985,-0.6607751492040634,-10.32139368359514,-32.28179845776067,3.785603683362962,2.462052237348654e-06,-8.396051280747578e-07,-2.005174062621225e-06,-8.262887306411603e-07,2.922767102016006e-06,3.6125042328298185e-06,3.100669523435217e-06,2.5401348149734987e-06,-2.555047891783166e-05,-2.87370511605229e-05,-3.0826621589820705e-05,-3.03288437206381e-05,-2.557032683189568e-05,-2.3112376723892145e-05,-2.1892553333468373e-05,-1.9224167769762036e-05,-2.8012531155180313e-05,-2.7897446032448142e-05,-2.882144752719948e-05,-2.950255498999694e-05,-2.8493093933911688e-05,-2.6724880956721963e-05,-2.4993222856903588e-05,-2.1764302584735534e-05,100.0,9.450473425067399,18.676249782528398,100.0,99.00883727619393,72.19400535299503,20.20809812832054,46.59847439796175,50.00000000000001,53.15015780835581,16.33227513122001,58.644290268020015,99.66961242539799,82.51539903659017,52.489896586081215,42.812870714598795,1
