p1,p2,p3,p4,p5,p6,p7,p8,rsi,rsi1,rsi2,rsi3,rsi4,rsi5,rsi6,rsi7,sto,sto1,sto2,sto3,sto4,sto5,sto6,sto7,macd,macd1,macd2,macd3,macd4,macd5,macd6,macd7,macdl,macd1l,macd2l,macd3l,macd4l,macd5l,macd6l,macd7l,macds,macd1s,macd2s,macd3s,macd4s,macd5s,macd6s,macd7s,stol,sto1l,sto2l,sto3l,sto4l,sto5l,sto6l,sto7l,stos,sto1s,sto2s,sto3s,sto4s,sto5s,sto6s,sto7s,Pred
0.020306275,0.0202595,0.02026575,0.020285675,0.020270125,0.020296150000000002,0.020276574999999998,0.0202999375,42.76326976804362,38.13179187920946,45.535944969447506,51.819693765443574,46.66510648927473,54.32165534290465,48.87323475940971,52.145592279069895,4.506044789639995,-0.8321892981616511,0.7398803476581076,-8.50926576503716,2.993912239889951,-2.9216306976725157,9.58504318216951,-1.1842378929335002e-15,-5.343940706101483e-06,-3.7702764754180587e-06,3.3785950842304888e-06,4.767759353756121e-06,-1.2355501563500466e-07,2.4941280275745697e-06,-1.614238394210646e-06,6.131079987091658e-07,-9.738512803217012e-06,-2.4317803302217887e-05,-1.530889811488488e-05,-2.8210130806741173e-06,-1.6469701284309995e-06,2.4173708925646214e-06,-1.8164749493714688e-06,6.536375923659662e-06,-4.394572097115529e-06,-2.054752682679983e-05,-1.868749319911537e-05,-7.588772434430238e-06,-1.5234151127959948e-06,-7.675713500994845e-08,-2.022365551608228e-07,5.923267924950496e-06,47.879420110315,66.99157453566906,54.17096563729606,47.72497846933141,34.70027435633364,47.29354391827116,58.94250508778051,52.79635641906818,43.373375320675,67.82376383383071,53.43108528963795,56.23424423436857,31.706362116443685,50.215174615943674,49.357461905611,52.79635641906818,1
