p1,p2,p3,p4,p5,p6,p7,p8,rsi,rsi1,rsi2,rsi3,rsi4,rsi5,rsi6,rsi7,sto,sto1,sto2,sto3,sto4,sto5,sto6,sto7,macd,macd1,macd2,macd3,macd4,macd5,macd6,macd7,macdl,macd1l,macd2l,macd3l,macd4l,macd5l,macd6l,macd7l,macds,macd1s,macd2s,macd3s,macd4s,macd5s,macd6s,macd7s,stol,sto1l,sto2l,sto3l,sto4l,sto5l,sto6l,sto7l,stos,sto1s,sto2s,sto3s,sto4s,sto5s,sto6s,sto7s,Pred
6966.897916666667,6923.9702777777775,6913.513888888889,6922.497777777778,6909.754166666667,6887.302638888888,6816.534166666666,6839.272361111111,35.1461135517016,41.84845543050855,43.270326370838205,50.29782267130338,47.39036511518326,43.675173350344416,36.18604049518985,52.998406907763496,-3.939984493324862,-0.7399217264269478,4.594355120957638,-2.1536146790891175,-0.5888885900166734,0.4519038861622739,1.516598940511088,1.3953273392762995,4.809504698204875,4.185706285628422,1.5320671095160514,2.4071462288333274,-0.21301968022535012,-0.953254178105746,-3.96520248122363,6.22452399839963,-48.57154761046432,-26.3551180449015,-11.17819132216841,-1.4797730772583135,-3.240425517369507,-6.145412481509134,-19.494294493416167,-5.103167814199676,-53.3810523086692,-30.540824330529922,-12.71025843168446,-3.886919306091641,-3.0274058371441566,-5.192158303403388,-15.529092012192537,-11.327691812599307,69.04825333597987,65.5180963583334,47.65284551804008,53.50605428987067,54.91184591181445,42.392678997514444,42.216270682754796,72.47197492111883,72.98823782930472,66.25801808476034,43.058490397082444,55.659668968959785,55.500734501831126,41.94077511135217,40.69967174224371,71.07664758184252,1
