p1,p2,p3,p4,p5,p6,p7,p8,rsi,rsi1,rsi2,rsi3,rsi4,rsi5,rsi6,rsi7,sto,sto1,sto2,sto3,sto4,sto5,sto6,sto7,macd,macd1,macd2,macd3,macd4,macd5,macd6,macd7,macdl,macd1l,macd2l,macd3l,macd4l,macd5l,macd6l,macd7l,macds,macd1s,macd2s,macd3s,macd4s,macd5s,macd6s,macd7s,stol,sto1l,sto2l,sto3l,sto4l,sto5l,sto6l,sto7l,stos,sto1s,sto2s,sto3s,sto4s,sto5s,sto6s,sto7s,Pred
6830.1275000000005,6801.284166666666,6774.668333333333,6761.198333333334,6703.1575,6730.024166666667,6736.808333333333,6796.081944444444,46.030170680830146,43.55011187584507,41.01558071070834,41.14523333993311,35.93049647554807,42.34648336763539,43.44039535709492,53.83363283708029,-26.741039850285073,10.96020033694468,-17.042001071549482,26.725967535356574,-14.32156307594128,20.928928873918107,-9.413324728911796,1.1804885431232859,-1.1739597309389584,1.0488454961531062,0.9278265187512602,0.08058681741345215,-3.4527121788333353,0.7163994741470768,5.1917213019218265,13.018579422949148,-45.14238244670954,-42.46834360748926,-41.58523671839945,-42.665915100096754,-47.60668573159031,-44.445043475192506,-36.90764756269224,-13.404418251572274,-43.96842271577058,-43.517189103642366,-42.51306323715071,-42.74650191751021,-44.15397355275697,-45.16144294933958,-42.09936886461407,-26.422997674521422,51.57873553714786,32.40477214619071,29.83691783025735,53.51564773766524,23.584449073131818,89.69629975008458,67.67628419364245,86.73466327910988,78.31977538743293,21.44457180924603,46.87891890180683,26.789680202308666,37.9060121490731,68.76737087616647,77.08960892255425,85.55417473598659,1
