p1,p2,p3,p4,p5,p6,p7,p8,rsi,rsi1,rsi2,rsi3,rsi4,rsi5,rsi6,rsi7,sto,sto1,sto2,sto3,sto4,sto5,sto6,sto7,macd,macd1,macd2,macd3,macd4,macd5,macd6,macd7,macdl,macd1l,macd2l,macd3l,macd4l,macd5l,macd6l,macd7l,macds,macd1s,macd2s,macd3s,macd4s,macd5s,macd6s,macd7s,stol,sto1l,sto2l,sto3l,sto4l,sto5l,sto6l,sto7l,stos,sto1s,sto2s,sto3s,sto4s,sto5s,sto6s,sto7s,Pred
6600.07,6299.269285714286,6266.286071428572,6278.958571428571,6272.915,6265.731428571428,6251.359642857143,6135.020208333333,35.12812179774493,15.014951827236475,25.477781226598584,34.546565339327366,36.41259865385666,40.07034122523678,38.288592535425344,27.208279556680417,2.6306998907308472e-14,13.870556913655902,-0.7260536759016267,0.020915047203259412,-8.192881632535023,-0.013097122367103762,-2.008241400839266,6.611801091290646,-6.031725715786742,-35.7416559137719,-11.911807789602449,11.195016757442104,13.117276451910822,9.57639553633484,5.717170175350881,-6.532289111976506,-9.593683963470019,-81.95251743313565,-102.13531364072229,-72.37262339250381,-47.57449213471279,-32.34222258683154,-22.463798505059717,-41.52912867502588,-3.5619582476832776,-46.21086151936375,-90.22350585111984,-83.56764014994592,-60.69176858662362,-41.918618123166375,-28.180968680410597,-34.99683956304938,19.49462500695697,53.20858189545392,85.29437283805854,62.49805858975999,55.0008091130756,64.28126008269624,19.664750387482798,51.93964783258718,19.49462500695694,39.338024981798014,86.02042651396017,62.47714354255673,63.19369074561062,64.29435720506333,21.672991788322065,45.32784674129653,1
