p1,p2,p3,p4,p5,p6,p7,p8,rsi,rsi1,rsi2,rsi3,rsi4,rsi5,rsi6,rsi7,sto,sto1,sto2,sto3,sto4,sto5,sto6,sto7,macd,macd1,macd2,macd3,macd4,macd5,macd6,macd7,macdl,macd1l,macd2l,macd3l,macd4l,macd5l,macd6l,macd7l,macds,macd1s,macd2s,macd3s,macd4s,macd5s,macd6s,macd7s,stol,sto1l,sto2l,sto3l,sto4l,sto5l,sto6l,sto7l,stos,sto1s,sto2s,sto3s,sto4s,sto5s,sto6s,sto7s,Pred
6634.969166666667,6580.285,6571.779166666666,6586.6641666666665,6590.003333333333,6570.2891666666665,6554.829166666666,6564.035833333333,41.52848041875712,32.89397742840983,36.31986327210313,42.212043707478145,43.526627809416304,39.34997332183627,39.22397265757583,44.451711620014066,-19.014217422149347,-2.695971692123093,27.716242184707845,-1.4210854715202004e-14,-21.034951507280816,-12.298381826052546,27.916501034588382,5.416832298744929,-0.12394089578513245,-4.187493223359098,-5.054584167936182,-0.5484700738899212,3.198340094754645,2.2941415756351895,0.2532975156679728,1.680770283329282,-20.56991867770982,-26.50652128803722,-31.544607472310116,-28.6679814243098,-23.12659955999061,-21.8176362339982,-23.45008128325844,-21.421957492944784,-20.445977781924686,-22.319028064678122,-26.49002330437393,-28.11951135041988,-26.324939654745254,-24.11177780963339,-23.703378798926416,-23.102727776274065,48.584752185217475,8.425636722938224,66.66666666666667,84.38693371764361,56.22044652815202,0.0,58.54141821854926,74.37465037441828,67.59896960736683,11.121608415061317,38.95042448195882,84.38693371764363,77.25539803543283,12.298381826052546,30.62491718396088,68.95781807567334,1
