p1,p2,p3,p4,p5,p6,p7,p8,rsi,rsi1,rsi2,rsi3,rsi4,rsi5,rsi6,rsi7,sto,sto1,sto2,sto3,sto4,sto5,sto6,sto7,macd,macd1,macd2,macd3,macd4,macd5,macd6,macd7,macdl,macd1l,macd2l,macd3l,macd4l,macd5l,macd6l,macd7l,macds,macd1s,macd2s,macd3s,macd4s,macd5s,macd6s,macd7s,stol,sto1l,sto2l,sto3l,sto4l,sto5l,sto6l,sto7l,stos,sto1s,sto2s,sto3s,sto4s,sto5s,sto6s,sto7s,Pred
5856.94125,5845.91375,5817.96125,5789.99125,5770.93375,5800.563749999999,5784.2825,5777.5325,38.86508390186573,38.17552028919836,31.28720061048088,31.288969512665687,29.85588853036558,40.89982767410441,37.06764920752393,40.45416527699679,-37.641386336096794,9.257472067161556,-20.66770905806115,10.562860611664387,5.8936785146352015,28.485784130619976,-16.007562050040466,6.195532584004202,-4.60704469508412,-4.924323436764157,-6.353347160522209,-8.827946894243025,-9.829464497681611,-5.3769308820140935,-3.156857955093283,-0.4723216999513114,-8.292831592312723,-11.160882148826204,-15.34228262162651,-21.987866146989745,-27.905728715474197,-26.815490965731442,-26.345539254907635,-25.667159761201372,-3.685786897228603,-6.236558712062047,-8.988935461104301,-13.15991925274672,-18.076264217792584,-21.43856008371735,-23.188681299814352,-25.19483806125006,37.075840991709555,32.645269923749666,2.845130019010666,29.5574565155572,35.63997216703412,93.83604989488458,62.22473989371656,70.44218285994049,74.71722732780634,23.387797856588108,23.512839077071817,18.994595903892815,29.74629365239892,65.3502657642646,78.23230194375702,64.24665027593628,1
