p1,p2,p3,p4,p5,p6,p7,p8,rsi,rsi1,rsi2,rsi3,rsi4,rsi5,rsi6,rsi7,sto,sto1,sto2,sto3,sto4,sto5,sto6,sto7,macd,macd1,macd2,macd3,macd4,macd5,macd6,macd7,macdl,macd1l,macd2l,macd3l,macd4l,macd5l,macd6l,macd7l,macds,macd1s,macd2s,macd3s,macd4s,macd5s,macd6s,macd7s,stol,sto1l,sto2l,sto3l,sto4l,sto5l,sto6l,sto7l,stos,sto1s,sto2s,sto3s,sto4s,sto5s,sto6s,sto7s,Pred
5231.33625,5165.9625,5138.393333333333,5160.089583333333,5180.162499999999,5199.76,5106.640416666667,5101.835357142857,32.89928900870341,23.01755036172235,29.379520015215462,40.624267033198876,48.7814167225373,52.651270898808235,34.86189161687292,43.07531482408495,2.2379377751942555,-1.7015167166311254,10.574690052548,-3.5925676463236655,8.984247994831064,-16.50279145961852,3.628978724712418,4.957881962836342,-0.5338030266996275,-2.688210790521224,-1.4626386307821058,6.711684599252119,8.765729905980931,9.49260310801897,-5.8285379586657236,-4.4247905110756545,-38.53238151408141,-41.30611454643713,-44.948183540282116,-31.32864386611027,-17.816311933591958,-1.6300206154730101,-14.854885569315835,-25.934253508996985,-37.99857848738178,-38.617903755915904,-43.48554490950001,-38.040328465362386,-26.582041839572888,-11.12262372349198,-9.026347610650111,-21.50946299792133,69.82385793951691,1.6092631756893458,81.67983537101517,73.93644101854855,90.00852729015351,44.83685307203517,17.155865518730856,86.69670807058823,67.58592016432266,3.310779892320471,71.10514531846718,77.52900866487221,81.02427929532244,61.33964453165368,13.526886794018436,81.73882610775189,1
