p1,p2,p3,p4,p5,p6,p7,p8,rsi,rsi1,rsi2,rsi3,rsi4,rsi5,rsi6,rsi7,sto,sto1,sto2,sto3,sto4,sto5,sto6,sto7,macd,macd1,macd2,macd3,macd4,macd5,macd6,macd7,macdl,macd1l,macd2l,macd3l,macd4l,macd5l,macd6l,macd7l,macds,macd1s,macd2s,macd3s,macd4s,macd5s,macd6s,macd7s,stol,sto1l,sto2l,sto3l,sto4l,sto5l,sto6l,sto7l,stos,sto1s,sto2s,sto3s,sto4s,sto5s,sto6s,sto7s,Pred
4996.00125,4721.675625,4828.963125,4807.282499999999,4638.5912499999995,4676.27625,4617.175,4195.5275,16.213785665253695,15.579830416453008,29.63700437934131,32.49266240876804,29.923621741176852,36.18191285197106,36.33412893628833,29.079059559746128,-4.736951571734001e-15,16.66666666666666,8.333333333333343,-6.638098902243277,3.012802746860851,-15.006558029027847,16.234912333490158,0.06723497594626202,-84.27015586134151,-103.62066520222737,-41.16737168091639,5.563755575349049,10.056296304569443,23.375511480835918,22.8939873568308,-16.546997370616374,-137.33067150018474,-261.1836922693674,-265.75799016339465,-228.67547022280837,-213.1981814034625,-181.3117416069074,-159.72808137846482,-199.78491992779374,-53.060515638843235,-157.56302706714,-224.59061848247825,-234.2392257981574,-223.25447770803197,-204.6872530877433,-182.6220687352956,-183.23792255717734,0.0,25.14734850686154,96.0722031978303,77.13361780288471,41.244325585502466,57.391881466368716,71.40458722361979,40.81927353058735,4.736951571734001e-15,8.480681840194883,87.73886986449696,83.771716705128,38.23152283864162,72.39843949539656,55.169674890129635,40.75203855464109,1
