p1,p2,p3,p4,p5,p6,p7,p8,rsi,rsi1,rsi2,rsi3,rsi4,rsi5,rsi6,rsi7,sto,sto1,sto2,sto3,sto4,sto5,sto6,sto7,macd,macd1,macd2,macd3,macd4,macd5,macd6,macd7,macdl,macd1l,macd2l,macd3l,macd4l,macd5l,macd6l,macd7l,macds,macd1s,macd2s,macd3s,macd4s,macd5s,macd6s,macd7s,stol,sto1l,sto2l,sto3l,sto4l,sto5l,sto6l,sto7l,stos,sto1s,sto2s,sto3s,sto4s,sto5s,sto6s,sto7s,Pred
7857.8,7793.915,7840.21875,7851.6940625,7792.5340625,7772.7459375,7729.33,7700.94,37.23582369111437,31.862221583912696,49.77898570470278,51.68810190825609,41.62902433361666,42.94594919553404,37.93307471813772,40.0241313125204,-4.293260392962983,3.7731626564085796,1.5729890765117336,-8.819513347790211,10.630472058155203,-9.795590725900144,8.299602570358324,-2.7606682080737617,-5.1517529235194885,-7.272971400063561,6.607121714993574,6.917935081571135,-3.7230439797154804,-2.781357147286008,-3.379982603918889,-0.1313025966261911,-15.467244150472197,-33.6900623526858,-17.80271819803204,-3.645238488881205,-10.734453158662745,-17.79752345921247,-24.836355304135168,-27.062431615564037,-10.315491226952709,-26.41709095262224,-24.409839913025614,-10.563173570452339,-7.0114091789472655,-15.016166311926462,-21.456372700216278,-26.931129018937845,6.840256015387093,51.59275949139013,65.86978716627037,54.849810515283906,23.825921680315275,41.97431483228643,34.41573507232958,50.537809015013934,11.133516408350076,47.81959683498155,64.29679808975864,63.66932386307412,13.195449622160076,51.76990555818657,26.116132501971254,53.298477223087694,1
