p1,p2,p3,p4,p5,p6,p7,p8,rsi,rsi1,rsi2,rsi3,rsi4,rsi5,rsi6,rsi7,sto,sto1,sto2,sto3,sto4,sto5,sto6,sto7,macd,macd1,macd2,macd3,macd4,macd5,macd6,macd7,macdl,macd1l,macd2l,macd3l,macd4l,macd5l,macd6l,macd7l,macds,macd1s,macd2s,macd3s,macd4s,macd5s,macd6s,macd7s,stol,sto1l,sto2l,sto3l,sto4l,sto5l,sto6l,sto7l,stos,sto1s,sto2s,sto3s,sto4s,sto5s,sto6s,sto7s,Pred
8705.950416666667,8691.037916666666,8616.364583333334,8590.509583333333,8593.5575,8600.189583333333,8557.364166666666,8518.435833333333,35.74178763806818,39.32015655236066,32.017820296079115,32.656792418439125,42.75541578891939,44.44350713516099,39.468618726128824,42.11704750842577,-3.149680310014823,-0.6696494896493871,16.637213598116123,-14.559066907926157,14.314079939162943,-14.860935002532973,5.634670926926849,4.278200401299833,-2.31885635084685,-2.8435422285096554,-7.5179380326021334,-3.590085434460351,1.5851662570162735,6.727144879164619,0.0780332477643011,-0.4784929951436944,-14.14114733611344,-19.474739854279807,-33.77996577834741,-36.400233970794034,-34.0972406690665,-19.705240980683204,-22.147733408407476,-29.92006911746891,-11.822290985266589,-16.631197625770152,-26.262027745745275,-32.810148536333685,-35.68240692608277,-26.432385859847823,-22.22576665617178,-29.441576122325213,7.8355481530609925,53.823861142371975,53.70010686802885,24.2162972573215,94.99413526940666,39.35029904524494,29.11779425991247,59.2661067189677,10.985228463075815,54.49351063202136,37.06289326991273,38.77536416524766,80.68005533024372,54.211234047777914,23.48312333298562,54.987906317667864,1
