p1,p2,p3,p4,p5,p6,p7,p8,rsi,rsi1,rsi2,rsi3,rsi4,rsi5,rsi6,rsi7,sto,sto1,sto2,sto3,sto4,sto5,sto6,sto7,macd,macd1,macd2,macd3,macd4,macd5,macd6,macd7,macdl,macd1l,macd2l,macd3l,macd4l,macd5l,macd6l,macd7l,macds,macd1s,macd2s,macd3s,macd4s,macd5s,macd6s,macd7s,stol,sto1l,sto2l,sto3l,sto4l,sto5l,sto6l,sto7l,stos,sto1s,sto2s,sto3s,sto4s,sto5s,sto6s,sto7s,Pred
9522.398125,9428.15,9425.411250000001,9402.751250000001,9416.39,9389.34,9416.18875,9343.5525,36.88565617596002,21.843683339833262,31.680488376099653,32.511133167223896,40.23446284908288,36.03306783566947,46.26433481548503,37.94951773253585,-4.292862361883938e-15,-4.736951571734001e-15,18.61690119186846,-16.599967577026376,21.10682215304432,-22.079232216600037,14.931659781561923,2.596466592515957,-10.197515295270229,-17.71331621379019,-13.241511171620832,-6.749159825353818,0.43547945333229343,2.9761803383039993,5.990702972999208,-0.7848981173667937,-7.577247860773241,-29.933248467129488,-41.3326174518661,-43.65165770576459,-39.28795597693443,-33.746264179374975,-26.597818722884313,-29.83963650958849,2.6202674344969883,-12.2199322533393,-28.091106280245267,-36.90249788041078,-39.72343543026672,-36.72244451767897,-32.58852169588352,-29.054738392221697,4.38974930409045,0.0,84.35024253961122,42.58522449699416,95.23811006907682,6.810988480275825,85.29295554088634,30.746387112365916,4.389749304090454,4.736951571734001e-15,65.73334134774277,59.185192074020534,74.1312879160325,28.89022069687586,70.36129575932442,28.14992051984996,1
