p1,p2,p3,p4,p5,p6,p7,p8,rsi,rsi1,rsi2,rsi3,rsi4,rsi5,rsi6,rsi7,sto,sto1,sto2,sto3,sto4,sto5,sto6,sto7,macd,macd1,macd2,macd3,macd4,macd5,macd6,macd7,macdl,macd1l,macd2l,macd3l,macd4l,macd5l,macd6l,macd7l,macds,macd1s,macd2s,macd3s,macd4s,macd5s,macd6s,macd7s,stol,sto1l,sto2l,sto3l,sto4l,sto5l,sto6l,sto7l,stos,sto1s,sto2s,sto3s,sto4s,sto5s,sto6s,sto7s,Pred
10098.936249999999,10074.075,10055.54375,10061.213749999999,10076.439999999999,10067.088749999999,10061.27,10049.707,40.859461389956834,33.90962824183278,30.982120131096146,34.43738360490383,42.04615609881253,39.23457612598682,38.72633137133313,38.38652686836345,-29.80659330446691,-11.243778356145489,13.486275461718385,28.364946960864437,-0.5943889835369376,-26.872562250220906,0.7959192422372574,12.84150828725925,0.6587539382028504,-1.3748187068187594,-3.7957372933538513,-3.642165910073272,-1.324377096482885,-0.5063088269208089,-0.5701449925691451,-1.038532924144927,-5.603336983501322,-8.008092644588942,-12.09939099758867,-13.844908632070656,-12.472979242017573,-11.938523738419462,-12.303770709128912,-13.664689834720775,-6.262090921704172,-6.633273937770182,-8.303653704234819,-10.202742721997383,-11.148602145534689,-11.432214911498654,-11.733625716559768,-12.626156910575848,24.323710021065725,0.0,20.22941319257759,75.5536672677485,86.88525015856882,43.15281356647494,34.25795608858907,56.41385289481276,54.13030332553264,11.243778356145489,6.743137730859203,47.188720306884065,87.47963914210577,70.02537581669584,33.46203684635181,43.57234460755351,1
