p1,p2,p3,p4,p5,p6,p7,p8,rsi,rsi1,rsi2,rsi3,rsi4,rsi5,rsi6,rsi7,sto,sto1,sto2,sto3,sto4,sto5,sto6,sto7,macd,macd1,macd2,macd3,macd4,macd5,macd6,macd7,macdl,macd1l,macd2l,macd3l,macd4l,macd5l,macd6l,macd7l,macds,macd1s,macd2s,macd3s,macd4s,macd5s,macd6s,macd7s,stol,sto1l,sto2l,sto3l,sto4l,sto5l,sto6l,sto7l,stos,sto1s,sto2s,sto3s,sto4s,sto5s,sto6s,sto7s,Pred
8833.549166666668,8781.804583333333,8798.149583333334,8800.070416666667,8796.155416666666,8757.3825,8695.190416666666,8655.6975,25.576066012681927,26.208627313250286,37.29492366479856,40.25424136376373,42.84291818642663,34.91787326928521,30.04124780367877,30.93047239206937,-0.7324620850278721,15.367815548671976,-0.10154320192744375,-11.172386583987898,-0.4474462121637052,9.363432064381685,-7.9583595448289906,10.31630347852641,-0.8481535843554511,-2.4777659059878565,5.2114735843859785,7.2099686376977115,5.180847728313124,-0.02236458732333387,-5.744783017967934,-5.902748136097718,-42.002366223908815,-47.331377349876675,-36.20748380266772,-23.70147315587231,-17.150063052801062,-18.37159577777402,-28.78116539605253,-40.18845840667533,-41.154212639553364,-44.853611443888816,-41.418957387053695,-30.911441793570024,-22.330910781114188,-18.349231190450684,-23.036382378084596,-34.28571027057762,15.59811609563449,62.255953601611765,71.13697446767732,59.12654370883726,55.602560009061236,26.25950153224111,39.97424738535225,71.51327571800898,16.330578180662364,46.88813805293979,71.23851766960478,70.29893029282516,56.05000622122494,16.896069467859427,47.93260693018124,61.196972239482584,1
