p1,p2,p3,p4,p5,p6,p7,p8,rsi,rsi1,rsi2,rsi3,rsi4,rsi5,rsi6,rsi7,sto,sto1,sto2,sto3,sto4,sto5,sto6,sto7,macd,macd1,macd2,macd3,macd4,macd5,macd6,macd7,macdl,macd1l,macd2l,macd3l,macd4l,macd5l,macd6l,macd7l,macds,macd1s,macd2s,macd3s,macd4s,macd5s,macd6s,macd7s,stol,sto1l,sto2l,sto3l,sto4l,sto5l,sto6l,sto7l,stos,sto1s,sto2s,sto3s,sto4s,sto5s,sto6s,sto7s,Pred
9215.291875,9183.35,9192.290625,9209.456875,9196.60875,9200.80875,9200.20125,9181.184722222222,26.475151149628008,25.538783934683632,35.140139086425,46.224884019215125,41.432814300601784,45.67023516336036,45.859625862113575,40.55843709598371,-3.0398322802279756,22.52031394232556,-2.6751281597695638,2.4010582191790775,-14.63172628297638,12.006788695159829,-0.3964428826677264,2.5667273194441083,-1.5037936391270006,-5.215261287865632,-1.9177456438923803,2.762855759584193,2.87233966678587,2.3824502831590917,2.147609775741839,-0.33670725786683764,-11.372560027398777,-19.448383042418754,-19.61280820027605,-13.967411159762378,-10.368769792068179,-8.554345491621461,-6.524682246770681,-7.674392398005795,-9.868766388271776,-14.233121754553123,-17.695062556383668,-16.73026691934657,-13.241109458854048,-10.936795774780553,-8.67229202251252,-7.337685140138957,11.927437921861298,68.02651542687116,88.68749562951382,95.86936600260262,18.96556940810645,88.34246659613687,36.42132222283506,50.33057407659962,14.967270202089274,45.50620148454559,91.36262378928338,93.46830778342354,33.597295691082834,76.33567790097705,36.81776510550279,47.763846757155505,1
