p1,p2,p3,p4,p5,p6,p7,p8,rsi,rsi1,rsi2,rsi3,rsi4,rsi5,rsi6,rsi7,sto,sto1,sto2,sto3,sto4,sto5,sto6,sto7,macd,macd1,macd2,macd3,macd4,macd5,macd6,macd7,macdl,macd1l,macd2l,macd3l,macd4l,macd5l,macd6l,macd7l,macds,macd1s,macd2s,macd3s,macd4s,macd5s,macd6s,macd7s,stol,sto1l,sto2l,sto3l,sto4l,sto5l,sto6l,sto7l,stos,sto1s,sto2s,sto3s,sto4s,sto5s,sto6s,sto7s,Pred
7476.66875,7468.0325,7477.337916666666,7471.04625,7461.74375,7431.549166666667,7475.843333333333,7471.6779166666665,15.681382516755557,22.163548734917,27.383524895588906,31.449755477996362,33.9173406479512,34.435106881585774,50.024295760827115,48.194614576686845,13.158227484591075,3.508439182075629,-15.070320149932577,14.677354867237327,-3.8871663455842396,4.280131628279585,-2.165173120841717,-3.3903824347137848,-24.463469985388333,3.3233757442304275,17.18168502460206,16.379717331599952,12.217529729156889,6.147189508547005,9.809600484636825,6.964667710351954,-131.35900318129325,-114.65592227922373,-81.34738156854594,-56.126110360035455,-39.43517011052594,-32.09300006379468,-17.533035293174027,-6.8938554133498355,-106.89553319590492,-117.97929802345416,-98.529066593148,-72.5058276916354,-51.652699839682825,-38.24018957234169,-27.342635777810855,-13.858523123701788,45.71918084462002,89.02881694406969,55.779312287963954,74.74729096490866,68.07105246609676,48.13778496459215,94.35969468126392,24.70183551325713,32.56095336002894,85.52037776199406,70.84963243789653,60.06993609767134,71.95821881168101,43.857653336312566,96.52486780210563,28.092217947970912,1
