p1,p2,p3,p4,p5,p6,p7,p8,rsi,rsi1,rsi2,rsi3,rsi4,rsi5,rsi6,rsi7,sto,sto1,sto2,sto3,sto4,sto5,sto6,sto7,macd,macd1,macd2,macd3,macd4,macd5,macd6,macd7,macdl,macd1l,macd2l,macd3l,macd4l,macd5l,macd6l,macd7l,macds,macd1s,macd2s,macd3s,macd4s,macd5s,macd6s,macd7s,stol,sto1l,sto2l,sto3l,sto4l,sto5l,sto6l,sto7l,stos,sto1s,sto2s,sto3s,sto4s,sto5s,sto6s,sto7s,Pred
9781.6305,9761.423499999999,9798.485999999999,9791.909,9772.855,9753.3575,9749.978,9738.4425,34.75632315620678,38.904121729366345,49.54312770222369,47.445795016088645,42.61553196311076,39.21533290924285,40.78825786153131,40.27202690023049,-14.735870181748606,14.607130573031373,-10.38073158611694,-2.0970626165672472,5.099282633346502,3.2831450767309334,-13.648262801824117,12.62047919618144,-7.103395551118091,-5.245921773888446,3.645599234118877,4.037279731426532,0.10258234020832332,-2.040923492483232,-0.9022752660614358,-0.5077998987359701,-15.14549193562525,-21.753016541952455,-12.334033975355487,-6.021242721172166,-8.050524926729121,-11.93052507930588,-12.51917344072499,-13.672769542417361,-8.04209638450716,-16.50709476806401,-15.979633209474365,-10.058522452598698,-8.153107266937445,-9.889601586822648,-11.616898174663554,-13.164969643681392,19.154967636144384,75.49635311971656,81.04434656247095,29.871449840065566,22.15894270536971,30.472394202736194,43.874242004567066,41.24832512567384,33.89083781789299,60.88922254668519,91.42507814858789,31.968512456632812,17.05966007202321,27.18924912600526,57.52250480639118,28.6278459294924,1
