p1,p2,p3,p4,p5,p6,p7,p8,rsi,rsi1,rsi2,rsi3,rsi4,rsi5,rsi6,rsi7,sto,sto1,sto2,sto3,sto4,sto5,sto6,sto7,macd,macd1,macd2,macd3,macd4,macd5,macd6,macd7,macdl,macd1l,macd2l,macd3l,macd4l,macd5l,macd6l,macd7l,macds,macd1s,macd2s,macd3s,macd4s,macd5s,macd6s,macd7s,stol,sto1l,sto2l,sto3l,sto4l,sto5l,sto6l,sto7l,stos,sto1s,sto2s,sto3s,sto4s,sto5s,sto6s,sto7s,Pred
9034.294166666667,9003.795,8988.542500000001,9003.968333333332,8982.803333333333,8983.961666666666,8997.383333333333,8982.020555555555,47.702412921671986,39.50875604890507,39.60508165164589,44.772561836325664,39.36804038597377,43.46560015079283,47.88325222191128,45.46788124686587,-33.333333333333314,1.8947806286936004e-14,31.866653170889045,-10.036993074611319,-21.829660096277664,30.92374717004088,-18.191782247090966,6.867122803461171,3.004068704655676,-2.148190555656025,-5.30224322666174,-2.3061856589246683,-2.3405113462962377,-1.650602282712119,1.5093686772676893,0.5635298486294258,1.1585841672355552,-4.282549123145145,-11.121916146258323,-10.593195655596597,-12.102875335311182,-13.0778226444545,-9.403637833028066,-9.37346055030745,-1.845484537420121,-2.1343585674891203,-5.8196729195965835,-8.28700999667193,-9.762363989014945,-11.42722036174238,-10.913006510295755,-9.936990398936878,0.0,0.0,62.26662617933375,76.71771131034049,0.0,84.64664018809418,58.19654299431421,47.160420696369755,33.333333333333314,-1.8947806286936004e-14,30.399973008444704,86.75470438495181,21.829660096277664,53.7228930180533,76.38832524140517,40.29329789290858,1
