p1,p2,p3,p4,p5,p6,p7,p8,rsi,rsi1,rsi2,rsi3,rsi4,rsi5,rsi6,rsi7,sto,sto1,sto2,sto3,sto4,sto5,sto6,sto7,macd,macd1,macd2,macd3,macd4,macd5,macd6,macd7,macdl,macd1l,macd2l,macd3l,macd4l,macd5l,macd6l,macd7l,macds,macd1s,macd2s,macd3s,macd4s,macd5s,macd6s,macd7s,stol,sto1l,sto2l,sto3l,sto4l,sto5l,sto6l,sto7l,stos,sto1s,sto2s,sto3s,sto4s,sto5s,sto6s,sto7s,Pred
8419.327500000001,8372.975833333332,8340.06,8314.653333333334,8320.253333333334,8319.859166666667,8284.574166666667,8300.4675,37.323871637342975,26.26651907471849,25.538022792590375,24.488331669647984,32.76841431458846,34.83862140172278,28.57537050101035,37.613226030085116,-24.978546569626605,9.473903143468002e-15,0.17316022662571603,22.000991079628445,8.532996658471967,-2.364318337192671,-28.342829627533416,33.33333333333334,2.308880971067282,-3.6059568385145924,-7.130811938970415,-8.146702314250899,-4.089071722616815,-0.018786710061957496,-0.6145910645926213,1.44132145035933,-14.777237644620982,-21.820724274576303,-29.997132741926787,-37.194093900590815,-37.355901315908945,-34.24716948691215,-34.86885595322989,-32.67686039602753,-17.086118615688264,-18.21476743606171,-22.86632080295637,-29.047391586339916,-33.26682959329213,-34.22838277685019,-34.25426488863727,-34.118181846386854,0.0,0.0,20.129256388904302,45.49084635245856,92.1214438941783,84.64192219720151,0.0,86.94009973082052,24.978546569626605,-9.473903143468002e-15,19.956096162278584,23.489855272830116,83.58844723570633,87.00624053439418,28.342829627533416,53.606766397487185,1
