p1,p2,p3,p4,p5,p6,p7,p8,rsi,rsi1,rsi2,rsi3,rsi4,rsi5,rsi6,rsi7,sto,sto1,sto2,sto3,sto4,sto5,sto6,sto7,macd,macd1,macd2,macd3,macd4,macd5,macd6,macd7,macdl,macd1l,macd2l,macd3l,macd4l,macd5l,macd6l,macd7l,macds,macd1s,macd2s,macd3s,macd4s,macd5s,macd6s,macd7s,stol,sto1l,sto2l,sto3l,sto4l,sto5l,sto6l,sto7l,stos,sto1s,sto2s,sto3s,sto4s,sto5s,sto6s,sto7s,Pred
6813.895,6811.128333333333,6820.079166666666,6811.7733333333335,6810.174166666667,6792.7225,6801.195833333333,6813.373,39.940147593247794,40.37885203672226,46.44575757428021,42.14163950894823,42.976062075267905,37.63088652688223,43.0706874874163,50.37261442310847,-0.8322356166802317,1.9114458308292062,6.846203723198599,-30.14763615956973,22.222222222222232,-7.749141683862011,18.860252794973146,-2.8140852132768144,0.13698027345020827,0.9440411950078952,2.7260163078490987,2.3973360369864296,1.6653413126416734,-0.0697612917483017,0.46695225827576675,2.493341602318068,-15.70913190998605,-14.39672455318032,-10.99790998616542,-9.295153181727983,-8.690720680657554,-9.99411914161677,-9.35293631302799,-3.7154683450507946,-15.84611218343626,-15.340765748188215,-13.723926294014518,-11.692489218714412,-10.356061993299226,-9.924357849868468,-9.819888571303759,-6.208809947368862,70.68985822946422,46.6699585669233,90.44290847870923,13.74555772595353,38.71948770508452,25.315033700476842,86.99035232115656,75.32974278575134,71.52209384614446,44.75851273609409,83.59670475551063,43.89319388552326,16.497265482862286,33.06417538433885,68.13009952618341,78.14382799902815,1
