p1,p2,p3,p4,p5,p6,p7,p8,rsi,rsi1,rsi2,rsi3,rsi4,rsi5,rsi6,rsi7,sto,sto1,sto2,sto3,sto4,sto5,sto6,sto7,macd,macd1,macd2,macd3,macd4,macd5,macd6,macd7,macdl,macd1l,macd2l,macd3l,macd4l,macd5l,macd6l,macd7l,macds,macd1s,macd2s,macd3s,macd4s,macd5s,macd6s,macd7s,stol,sto1l,sto2l,sto3l,sto4l,sto5l,sto6l,sto7l,stos,sto1s,sto2s,sto3s,sto4s,sto5s,sto6s,sto7s,Pred
7195.5025,7189.961666666667,7185.749166666667,7185.4975,7201.455833333333,7204.4366666666665,7166.0475,7158.47725,54.625508560818474,50.09396784940814,47.98807855035119,48.820980285387186,60.06938861075996,57.249993437795105,35.207258369714985,40.00298929751658,33.33333333333334,-32.60249016458544,-0.7308431687478993,27.775734114328248,5.55759921900508,-30.38716826943759,-2.946165063895742,9.99999999999999,-3.0109266676996693,-2.6094882335919367,-2.6940569893125352,-2.3992947028983145,-0.13658556611276085,1.2554078019473358,-3.1715462340209957,-3.47424640546519,6.600969546176202,5.053667815183871,2.9871403548107387,1.3166312447025728,2.762439860456046,5.030690106984669,-0.4237023043648757,-7.943145587687923,9.611896213875871,7.663156048775808,5.681197344123274,3.715925947600887,2.899025426568807,3.7752823050373334,2.74784392965612,-4.468899182222733,100.0,14.829555529869413,10.1819003811094,60.117220317311684,100.0,34.869318438071474,0.0,64.74019378334394,66.66666666666666,47.43204569445485,10.9127435498573,32.34148620298343,94.44240078099492,65.25648670750907,2.946165063895742,54.740193783343955,0
