p1,p2,p3,p4,p5,p6,p7,p8,rsi,rsi1,rsi2,rsi3,rsi4,rsi5,rsi6,rsi7,sto,sto1,sto2,sto3,sto4,sto5,sto6,sto7,macd,macd1,macd2,macd3,macd4,macd5,macd6,macd7,macdl,macd1l,macd2l,macd3l,macd4l,macd5l,macd6l,macd7l,macds,macd1s,macd2s,macd3s,macd4s,macd5s,macd6s,macd7s,stol,sto1l,sto2l,sto3l,sto4l,sto5l,sto6l,sto7l,stos,sto1s,sto2s,sto3s,sto4s,sto5s,sto6s,sto7s,Pred
7196.848333333333,7202.616666666667,7192.964999999999,7187.245833333333,7191.191666666667,7200.096666666667,7195.195833333333,7193.05275,48.18091331002142,51.739892946244744,45.47159853984876,42.18326667816084,47.43823417026389,53.26460893779878,48.49080891144405,47.870266514009316,-23.75145670398015,14.409362713764152,-23.10441458480836,14.538436909557573,17.908071665466803,-9.306379317903067,-15.11566821865007,-2.154515737115908,0.7978927280448971,1.3748650221984846,0.32029588194107667,-1.009051309554186,-0.6414669736106833,0.6589237600152081,0.39309677650894914,-0.17981028195234186,0.1385295818342153,1.6024917102252705,1.1318121693857393,-0.6715287839427523,-0.9756516835638346,0.5236095379899174,0.6848232439942876,0.03655088703490037,-0.6593631462106818,0.22762668802678582,0.8115162874446625,0.33752252561143375,-0.3341847099531513,-0.13531422202529078,0.2917264674853385,0.21636116898724223,60.81805596483286,83.99239748664047,2.6604742749268957,26.54985207439894,95.57147821723645,86.04043102314537,26.7338573903405,33.515595660710865,84.569512668813,69.58303477287633,25.764888859735255,12.011415164841369,77.66340655176964,95.34681034104844,41.84952560899057,35.67011139782677,0
