p1,p2,p3,p4,p5,p6,p7,p8,rsi,rsi1,rsi2,rsi3,rsi4,rsi5,rsi6,rsi7,sto,sto1,sto2,sto3,sto4,sto5,sto6,sto7,macd,macd1,macd2,macd3,macd4,macd5,macd6,macd7,macdl,macd1l,macd2l,macd3l,macd4l,macd5l,macd6l,macd7l,macds,macd1s,macd2s,macd3s,macd4s,macd5s,macd6s,macd7s,stol,sto1l,sto2l,sto3l,sto4l,sto5l,sto6l,sto7l,stos,sto1s,sto2s,sto3s,sto4s,sto5s,sto6s,sto7s,Pred
7316.229166666667,7319.1050000000005,7336.338333333333,7328.568333333334,7289.729166666667,7284.463333333333,7272.8966666666665,7237.7365,37.63418846251868,43.69926153283504,53.006358198519905,48.596883128113056,33.82017799862483,32.12883073837483,33.079086149113955,30.714764568887468,-18.202000570126994,30.60799268433875,-6.077033855132849,-24.530958829205883,9.810238346243093,-5.5811656293835945,11.139906514468896,4.499627226095248,-1.2587593742819638,-0.5775181893687593,2.088294744079744,2.0621480754573605,-1.943614868736633,-3.6487452030380285,-4.080682322965599,-3.9785139046636013,-7.673093097113754,-7.818681734365479,-4.154121254037212,-2.458020054602154,-6.86895098333692,-10.91044285162146,-14.392313022350512,-22.049180365641497,-6.414333722831791,-7.24116354499672,-6.242415998116956,-4.520168130059514,-4.925336114600287,-7.26169764858343,-10.311630699384914,-18.070666460977893,17.394440401164967,62.578655693174795,86.79643824380885,19.95681732350606,14.73832323101239,18.31117042335609,58.85594221015618,52.953213815644354,35.59644097129196,31.97066300883604,92.87347209894169,44.48777615271194,4.928084884769298,23.892336052739683,47.71603569568728,48.453586589549104,0
