p1,p2,p3,p4,p5,p6,p7,p8,rsi,rsi1,rsi2,rsi3,rsi4,rsi5,rsi6,rsi7,sto,sto1,sto2,sto3,sto4,sto5,sto6,sto7,macd,macd1,macd2,macd3,macd4,macd5,macd6,macd7,macdl,macd1l,macd2l,macd3l,macd4l,macd5l,macd6l,macd7l,macds,macd1s,macd2s,macd3s,macd4s,macd5s,macd6s,macd7s,stol,sto1l,sto2l,sto3l,sto4l,sto5l,sto6l,sto7l,stos,sto1s,sto2s,sto3s,sto4s,sto5s,sto6s,sto7s,Pred
7355.12,7356.415,7361.455,7362.401666666667,7357.216666666666,7344.95,7343.238333333334,7347.4397500000005,39.721659354936115,42.83752723777835,46.58803451970218,48.522235604522976,45.219604305859406,37.29909261950587,39.764980111565436,43.842326566234135,19.051991357149408,13.539950175718259,-22.222222222222225,-5.843521743020939,0.5302954204003072,0.2510170372136117,27.28443150762925,-9.999999999999996,-2.348866716407125,-1.2189980972348904,0.3328563253602388,1.0420855850306683,0.6637932528171979,-0.8282475593867163,-1.3007389571153407,0.2677895189891634,-5.843439951515999,-5.9887461033825575,-4.49784917485916,-3.1197120069897815,-2.877138223137384,-4.600548159461748,-6.073771380704481,-3.783472888536198,-3.494573235108874,-4.769748006147667,-4.830705500219398,-4.1617975920204495,-3.540931475954582,-3.772300600075031,-4.77303242358914,-4.051262407525361,62.50051425135975,77.32327552113652,66.66666666666667,47.81564330283387,25.949430405096784,9.07335273855613,66.66666666666667,29.75340557007219,43.44852289421034,63.78332534541827,88.88888888888889,53.65916504585481,25.419134984696477,8.822335701342519,39.38223515903742,39.75340557007219,0
