p1,p2,p3,p4,p5,p6,p7,p8,rsi,rsi1,rsi2,rsi3,rsi4,rsi5,rsi6,rsi7,sto,sto1,sto2,sto3,sto4,sto5,sto6,sto7,macd,macd1,macd2,macd3,macd4,macd5,macd6,macd7,macdl,macd1l,macd2l,macd3l,macd4l,macd5l,macd6l,macd7l,macds,macd1s,macd2s,macd3s,macd4s,macd5s,macd6s,macd7s,stol,sto1l,sto2l,sto3l,sto4l,sto5l,sto6l,sto7l,stos,sto1s,sto2s,sto3s,sto4s,sto5s,sto6s,sto7s,Pred
7338.06,7329.579166666666,7323.093333333333,7307.525833333334,7291.655833333333,7301.393333333333,7322.54,7346.60675,36.998236201445735,38.20463139123252,36.369185929147676,34.685038198014105,30.691775069452373,39.96318532544458,48.6410117644582,54.85818853086011,-18.316086848375516,18.31608684837553,-27.418252930644194,11.83094292354412,-17.74602332623322,33.33333333333334,1.8947806286936004e-14,-7.138491859840199,-1.0373393899312913,0.4800572423186023,1.3493891787891197,0.02282091599163157,-0.9738775531832703,0.03518604627965397,4.284205221410379,6.660041790291366,-21.629992167724897,-20.15540563497264,-18.21248051105249,-19.31556700261778,-20.64524493315548,-20.304023004842747,-13.843864718273531,-0.3324602405707992,-20.592652777793607,-20.635462877291246,-19.56186968984161,-19.33838791860941,-19.67136737997221,-20.339209051122403,-18.12806993968391,-6.992502030862165,68.21307834833809,66.66666666666667,41.968126202509715,39.32316941452691,8.273534455325308,88.9214661893957,92.80739857684291,63.96998004104875,86.52916519671359,48.35057981829114,69.38637913315391,27.49222649098279,26.01955778155853,55.58813285606236,92.8073985768429,71.10847190088896,0
