p1,p2,p3,p4,p5,p6,p7,p8,rsi,rsi1,rsi2,rsi3,rsi4,rsi5,rsi6,rsi7,sto,sto1,sto2,sto3,sto4,sto5,sto6,sto7,macd,macd1,macd2,macd3,macd4,macd5,macd6,macd7,macdl,macd1l,macd2l,macd3l,macd4l,macd5l,macd6l,macd7l,macds,macd1s,macd2s,macd3s,macd4s,macd5s,macd6s,macd7s,stol,sto1l,sto2l,sto3l,sto4l,sto5l,sto6l,sto7l,stos,sto1s,sto2s,sto3s,sto4s,sto5s,sto6s,sto7s,Pred
8213.496666666666,8209.801666666666,8223.514166666666,8225.664999999999,8233.034166666668,8205.3925,8211.418333333333,8213.6195,46.582809664045975,44.492533710235556,51.77118132429373,51.234306620372244,54.43146511945276,41.413377430886705,47.44321729675865,47.82748070656327,-1.8199877726761617,-28.47978941383327,32.243927068314626,-14.298821379227439,-10.38445927039267,-6.261890166205363,30.94517081582546,-4.157376955367885,4.637728115561474,4.7045437943954305,4.910484140934243,4.424041948870003,3.9423327666311865,-0.27420031002345063,-1.3536958462021746,-0.5777871784759212,-8.013247935492473,-4.267359833767841,-0.5759722258723438,2.5152502510845807,5.163814434702847,1.9623096821499832,-0.19947876225948372,-0.03256523132022267,-12.650976051053947,-8.971903628163272,-5.486456366806586,-1.9087916977854227,1.2214816680716611,2.236509992173434,1.154217083942691,0.5452219471556985,93.3122183849653,25.562312630888364,100.0,50.62757691681037,58.575940749422664,3.5822437762618073,84.62224801673564,52.69782589324243,95.13220615764146,54.04210204472163,67.75607293168538,64.9263982960378,68.96040001981532,9.84413394246717,53.677077200910176,56.85520284861032,0
