p1,p2,p3,p4,p5,p6,p7,p8,rsi,rsi1,rsi2,rsi3,rsi4,rsi5,rsi6,rsi7,sto,sto1,sto2,sto3,sto4,sto5,sto6,sto7,macd,macd1,macd2,macd3,macd4,macd5,macd6,macd7,macdl,macd1l,macd2l,macd3l,macd4l,macd5l,macd6l,macd7l,macds,macd1s,macd2s,macd3s,macd4s,macd5s,macd6s,macd7s,stol,sto1l,sto2l,sto3l,sto4l,sto5l,sto6l,sto7l,stos,sto1s,sto2s,sto3s,sto4s,sto5s,sto6s,sto7s,Pred
8680.51,8678.095833333333,8669.695,8667.1775,8655.041666666666,8635.154166666667,8636.6475,8646.3955,64.18834226293161,62.62491158613214,56.37652402320693,54.63807950048915,47.549063426825015,38.23089597667928,41.44312177401516,48.554241020076354,-29.53849038113944,6.324823011030836,-3.245560360613976,11.796198521874595,-14.87546117229144,1.1759664318311331,32.1573669015022,-2.402234779518154,5.750045710301972,2.6806521414365982,-0.3731265975361229,-2.2668647087179328,-3.4765279657514405,-5.86749935760554,-5.203173186990162,-0.8527733740949892,15.476248474645521,15.1169767941592,12.537384840772575,9.297641132865465,5.941476582106286,-0.3827078006179363,-3.981733082692396,-3.1866563327081168,9.72620276434355,12.436324652722602,12.910511438308697,11.564505841583397,9.418004547857725,5.484791556987604,1.2214401042977656,-2.3338829586131276,0.0,26.309020309259413,9.23778795125055,28.534392718349146,33.333333333333336,3.5278992954933988,74.6338989542773,73.56844263350375,29.53849038113944,19.98419729822858,12.483348311864527,16.73819419647455,48.20879450562477,2.351932863662266,42.4765320527751,75.97067741302192,0
