p1,p2,p3,p4,p5,p6,p7,p8,rsi,rsi1,rsi2,rsi3,rsi4,rsi5,rsi6,rsi7,sto,sto1,sto2,sto3,sto4,sto5,sto6,sto7,macd,macd1,macd2,macd3,macd4,macd5,macd6,macd7,macdl,macd1l,macd2l,macd3l,macd4l,macd5l,macd6l,macd7l,macds,macd1s,macd2s,macd3s,macd4s,macd5s,macd6s,macd7s,stol,sto1l,sto2l,sto3l,sto4l,sto5l,sto6l,sto7l,stos,sto1s,sto2s,sto3s,sto4s,sto5s,sto6s,sto7s,Pred
9213.548333333334,9197.415833333334,9198.540833333334,9200.494999999999,9200.373333333333,9201.2975,9162.351666666666,9189.2015,49.33573254339589,41.68615250913059,45.35059953494405,45.70339740727533,46.61363770592293,46.90708204750305,32.121266244499594,48.192964595169975,-0.18366001087803832,-29.537969248141085,33.333333333333336,-21.3068713699349,13.546889202023424,-18.987441265820905,-6.227113640897024,6.055143450341593,2.901358748598197,2.7471241287990367,1.8935091142271094,2.168593815417767,1.9502311312539764,2.1120737309269173,-1.8910743750203747,0.9362552102349377,-12.216054069413076,-9.905610414272815,-9.329589180676217,-7.4370361761133,-6.170075683271231,-4.346412250206413,-8.650376320547366,-6.741553553394442,-15.117412818011273,-12.652734543071851,-11.223098294903327,-9.605629991531067,-8.120306814525208,-6.458485981133331,-6.759301945526992,-7.67780876362938,94.30695387221164,9.274004938590151,81.51131028287396,55.08329045522789,43.386720162932306,53.0910630321363,0.5381943880559712,81.32067273344013,94.49061388308968,38.811974186731234,48.17797694954063,76.39016182516279,29.83983096090888,72.07850429795721,6.765308028952995,75.26552928309854,0
