p1,p2,p3,p4,p5,p6,p7,p8,rsi,rsi1,rsi2,rsi3,rsi4,rsi5,rsi6,rsi7,sto,sto1,sto2,sto3,sto4,sto5,sto6,sto7,macd,macd1,macd2,macd3,macd4,macd5,macd6,macd7,macdl,macd1l,macd2l,macd3l,macd4l,macd5l,macd6l,macd7l,macds,macd1s,macd2s,macd3s,macd4s,macd5s,macd6s,macd7s,stol,sto1l,sto2l,sto3l,sto4l,sto5l,sto6l,sto7l,stos,sto1s,sto2s,sto3s,sto4s,sto5s,sto6s,sto7s,Pred
9337.414166666667,9345.015,9342.919166666667,9347.074999999999,9369.671666666665,9347.583333333334,9331.778333333334,9350.864,43.373031890502276,48.35125561294179,46.495579450004946,49.591414560035126,58.48707137062949,47.73390889731823,43.81220878297551,51.54909922274102,20.766773354618696,8.014530838818013,-33.33333333333334,23.487676073032574,-8.846695745397092,-14.640980327635509,12.367847607028313,-2.5833353429375796,-2.613609965929338,-1.2777578596097496,-0.4528525454448196,-0.3753559737764673,2.869983468990175,0.6154873095007375,-2.4111104947216413,0.21099786443896512,-0.4965678006374219,-0.5092138652416907,-0.05740778210141192,-0.47122677789532946,4.285942378319912,3.2365420675863183,-1.0048941001102019,-0.13814324764207414,2.1170421652919162,0.7685439943680591,0.39544476334340767,-0.09587080411886219,1.4159589093297364,2.6210547580855805,1.4062163946114394,-0.34914111208103926,49.40063805343164,100.0,28.500671497455215,45.41939260130134,60.790819123111206,0.0,18.55177141054249,57.93062876896166,28.633864698812943,91.98546916118198,61.83400483078856,21.931716528268765,69.6375148685083,14.640980327635509,6.183923803514174,60.51396411189924,0
