p1,p2,p3,p4,p5,p6,p7,p8,rsi,rsi1,rsi2,rsi3,rsi4,rsi5,rsi6,rsi7,sto,sto1,sto2,sto3,sto4,sto5,sto6,sto7,macd,macd1,macd2,macd3,macd4,macd5,macd6,macd7,macdl,macd1l,macd2l,macd3l,macd4l,macd5l,macd6l,macd7l,macds,macd1s,macd2s,macd3s,macd4s,macd5s,macd6s,macd7s,stol,sto1l,sto2l,sto3l,sto4l,sto5l,sto6l,sto7l,stos,sto1s,sto2s,sto3s,sto4s,sto5s,sto6s,sto7s,Pred
8201.751666666667,8200.735,8195.631666666666,8199.498333333333,8202.780833333334,8199.498333333333,8190.4366666666665,8185.85025,46.61380293264726,45.80954914777036,45.34717852321836,47.76217513839665,49.66246783592439,47.354069998453575,41.64724196437748,41.663346344090456,18.47500844349465,-9.493178882480448,14.164021307328722,9.636951518566406,-21.6716912757982,0.7832369326820464,-11.894348043793167,0.5549327079792827,1.119208216107349,0.41336210470251095,-0.5022623811760973,-0.0681570195789473,0.6622036583754893,0.34906083082583805,-0.539443153876698,-0.8708498663532775,-1.3252563810929132,-1.48968680409295,-2.659391788968302,-2.4375482976605176,-1.3352135500511697,-1.274476510261593,-2.2715839233709025,-4.165410733184399,-2.4444645972002625,-1.903048908795461,-2.1571294077922047,-2.36939127808157,-1.997417208426659,-1.623537341087431,-1.7321407694942044,-3.2945608668311213,37.94489351667147,60.27882201637592,60.873470978503825,90.05058336515046,66.66666666666667,33.89847703704874,16.859419813316205,28.728458956489778,19.469885073176815,69.77200089885636,46.7094496711751,80.41363184658405,88.33835794246487,33.1152401043667,28.75376785710937,28.173526248510495,0
