p1,p2,p3,p4,p5,p6,p7,p8,rsi,rsi1,rsi2,rsi3,rsi4,rsi5,rsi6,rsi7,sto,sto1,sto2,sto3,sto4,sto5,sto6,sto7,macd,macd1,macd2,macd3,macd4,macd5,macd6,macd7,macdl,macd1l,macd2l,macd3l,macd4l,macd5l,macd6l,macd7l,macds,macd1s,macd2s,macd3s,macd4s,macd5s,macd6s,macd7s,stol,sto1l,sto2l,sto3l,sto4l,sto5l,sto6l,sto7l,stos,sto1s,sto2s,sto3s,sto4s,sto5s,sto6s,sto7s,Pred
7513.230625,7528.66375,7528.94,7548.46625,7524.3025,7529.120625,7529.625625,7526.977777777778,56.90630423277545,58.754899093638436,58.05706322607553,59.73560608653658,51.91976125643219,52.8467178659217,52.04955869453806,51.67310840764456,20.058904366068628,-14.254071044487054,8.333333333333336,-8.333333333333334,-6.738799142864638,16.96173164092326,-16.74134326431187,2.8970714516681104,-11.361826053873953,-6.0320874607946084,-3.8116698036027166,-0.24068138030828035,-2.568522184611804,-2.6047229751568737,-1.5679934741644077,-1.0282081575804838,12.844326222524387,10.270032677288782,7.851264287669437,9.96918715261836,6.236796999511853,3.3733936161727343,2.6260079034632327,0.4986412612236866,24.206152276398342,16.30212013808339,11.662934091272154,10.209868532926642,8.805319184123658,5.9781165913296075,4.19400137762764,1.5268494188041704,53.67822375745922,68.2451199748489,35.03851356793922,59.54721718505013,4.783602571406091,65.14192345630956,52.72238385062013,63.50062984814675,33.61931939139059,82.49919101933595,26.705180234605884,67.88055051838346,11.522401714270728,48.180191815386294,69.463727114932,60.60355839647864,0
