p1,p2,p3,p4,p5,p6,p7,p8,rsi,rsi1,rsi2,rsi3,rsi4,rsi5,rsi6,rsi7,sto,sto1,sto2,sto3,sto4,sto5,sto6,sto7,macd,macd1,macd2,macd3,macd4,macd5,macd6,macd7,macdl,macd1l,macd2l,macd3l,macd4l,macd5l,macd6l,macd7l,macds,macd1s,macd2s,macd3s,macd4s,macd5s,macd6s,macd7s,stol,sto1l,sto2l,sto3l,sto4l,sto5l,sto6l,sto7l,stos,sto1s,sto2s,sto3s,sto4s,sto5s,sto6s,sto7s,Pred
6236.030833333333,6206.114583333333,6228.765833333333,6236.12375,6242.680833333334,6231.54,6218.110833333333,6226.016428571429,46.008216289943306,40.93988306499452,50.00827207861751,51.671498406123085,54.090087810241506,48.224020414837305,42.94671686151575,49.02977905254647,-3.1850369548710744,16.459752017294328,-12.563294796233405,-0.6423819250278336,2.3014802595224633,3.753223642917714,-7.215197712239736,-0.7622367319115557,-1.0050472631258116,-3.5324049407722256,1.5743895097590528,2.7098607222820825,1.6710244320154974,-0.11133514540479343,-2.1821331315447137,-0.11282926023253115,-2.727189102822043,-9.49338294371258,-5.325321658699825,0.035968688274351734,1.6081831139957405,1.458372255968546,-2.901825658126048,-2.8083346106524396,-1.7221418396962311,-5.9609780029403545,-6.899711168458878,-2.673892034007731,-0.06284131801975675,1.5697074013733394,-0.7196925265813342,-2.6955053504199085,46.43216612585546,73.57566854313815,71.5377729099548,65.75872701839553,74.6179589870408,16.15671473239639,24.90619676952809,60.42431428956328,49.61720308072653,57.11591652584382,84.1010677061882,66.40110894342337,72.31647872751833,12.40349108947868,32.12139448176783,61.18655102147483,0
