p1,p2,p3,p4,p5,p6,p7,p8,rsi,rsi1,rsi2,rsi3,rsi4,rsi5,rsi6,rsi7,sto,sto1,sto2,sto3,sto4,sto5,sto6,sto7,macd,macd1,macd2,macd3,macd4,macd5,macd6,macd7,macdl,macd1l,macd2l,macd3l,macd4l,macd5l,macd6l,macd7l,macds,macd1s,macd2s,macd3s,macd4s,macd5s,macd6s,macd7s,stol,sto1l,sto2l,sto3l,sto4l,sto5l,sto6l,sto7l,stos,sto1s,sto2s,sto3s,sto4s,sto5s,sto6s,sto7s,Pred
6586.827916666666,6602.505,6608.24375,6619.56875,6647.780833333333,6629.17875,6638.259166666667,6637.165357142857,42.60200227484505,50.05714650326922,51.87275395141489,56.18920052938208,62.40088479517622,52.15123437644647,54.823180226877696,53.009183196059396,11.1111111111111,-0.0779541717043178,-6.887736324507741,11.791846643432336,-14.43332912533205,4.363098962432389,-1.3208937183515677,10.389019962502761,-4.055073945146715,-0.21410316202587998,1.799013097730482,2.0432346528462157,4.057633677905518,-0.7082507669036007,-0.8335776713122582,-0.9365865649284564,-4.691483649472957,-4.295065973363914,-0.23124374183513888,2.601818787199742,9.729700847564041,7.15205947459981,5.332009059840705,4.002442513034631,-0.6364097043262427,-4.080962811338034,-2.030256839565621,0.5585841343535266,5.672067169658524,7.86031024150341,6.165586731152963,4.939029077963087,20.62919362431523,83.21640207577686,53.395123427331306,76.90707997337789,55.89477472208459,33.738283474416555,63.50600276731762,33.52708847111249,9.51808251320413,83.29435624748118,60.28285975183905,65.11523332994555,70.32810384741664,29.375184511984166,64.82689648566918,23.13806850860973,0
