p1,p2,p3,p4,p5,p6,p7,p8,rsi,rsi1,rsi2,rsi3,rsi4,rsi5,rsi6,rsi7,sto,sto1,sto2,sto3,sto4,sto5,sto6,sto7,macd,macd1,macd2,macd3,macd4,macd5,macd6,macd7,macdl,macd1l,macd2l,macd3l,macd4l,macd5l,macd6l,macd7l,macds,macd1s,macd2s,macd3s,macd4s,macd5s,macd6s,macd7s,stol,sto1l,sto2l,sto3l,sto4l,sto5l,sto6l,sto7l,stos,sto1s,sto2s,sto3s,sto4s,sto5s,sto6s,sto7s,Pred
5893.527142857143,5904.9925,5897.465357142857,5869.175714285714,5834.4975,5784.5275,5783.322142857142,5819.8358333333335,49.3562540624457,51.26035211669871,48.29661555264595,41.72520391456799,36.25905850479686,35.070195058872045,41.936851813143015,51.6149333259909,9.386220046078781,2.315158572863495,-11.588170350818519,12.339237707335467,-9.676415745119463,3.886901637287904,5.789514107831464,-1.0899041157681042,-1.0780834377041522,2.9203168518081415,0.6804922571971984,-3.2294316827444276,-3.9689248861528816,-5.811201912271935,0.8729817758918499,6.8268603855214,-10.801282530103501,-2.6323855962356384,-1.5902546264735844,-8.789563994101107,-15.322664642520067,-28.023550187411534,-25.21139629956854,-5.36070868169395,-9.723199092399348,-5.55270244804378,-2.2707468836707827,-5.560132311356679,-11.353739756367185,-22.2123482751396,-26.08437807546039,-12.18756906721535,73.98799587805925,42.61830613716734,24.7774277470928,38.35096612848057,27.108277045130773,55.676985818577315,74.62934017678764,67.2873893957073,64.60177583198048,40.30314756430384,36.36559809791132,26.011728421145108,36.78469279025023,51.790084181289416,68.83982606895617,68.3772935114754,0
