p1,p2,p3,p4,p5,p6,p7,p8,rsi,rsi1,rsi2,rsi3,rsi4,rsi5,rsi6,rsi7,sto,sto1,sto2,sto3,sto4,sto5,sto6,sto7,macd,macd1,macd2,macd3,macd4,macd5,macd6,macd7,macdl,macd1l,macd2l,macd3l,macd4l,macd5l,macd6l,macd7l,macds,macd1s,macd2s,macd3s,macd4s,macd5s,macd6s,macd7s,stol,sto1l,sto2l,sto3l,sto4l,sto5l,sto6l,sto7l,stos,sto1s,sto2s,sto3s,sto4s,sto5s,sto6s,sto7s,Pred
6195.791071428572,6155.801071428571,6151.420714285714,6101.316428571428,6150.163571428571,6208.2575,6218.734285714286,6246.89,52.545655770006256,44.123759683128355,45.41839741486494,36.60312591057091,53.33395095859882,61.58650492548598,59.68799551502379,60.26912142330033,-14.209939620200487,-0.07577466551378922,8.783083675854217,-4.176323558589073,9.35815117020554,0.3208029982436033,-9.523809523809541,5.133188013130575,2.815369897759626,-3.7482684502763326,-2.546931388571776,-4.973504322903778,4.2124656079306115,11.840492700177677,4.614581840121107,1.1006002892470126,4.329402735934829,-4.454459805104177,-9.817487207460674,-16.823392260108708,-12.957065936707165,14.029942719448107,21.274091949479693,17.595481850036474,1.5140328381752024,-0.7061913548278445,-7.270555818888899,-11.849887937204931,-17.169531544637778,2.1894500192704296,16.659510109358585,16.494881560789462,22.587853791649096,5.475864503870015,66.1199632598536,25.47099220703859,99.03759100526916,65.70689987636774,36.881727999757096,55.34616282207403,36.79779341184958,5.551639169383804,57.336879583999384,29.647315765627663,89.67943983506362,65.38609687812414,46.40553752356664,50.21297480894345,0
