p1,p2,p3,p4,p5,p6,p7,p8,rsi,rsi1,rsi2,rsi3,rsi4,rsi5,rsi6,rsi7,sto,sto1,sto2,sto3,sto4,sto5,sto6,sto7,macd,macd1,macd2,macd3,macd4,macd5,macd6,macd7,macdl,macd1l,macd2l,macd3l,macd4l,macd5l,macd6l,macd7l,macds,macd1s,macd2s,macd3s,macd4s,macd5s,macd6s,macd7s,stol,sto1l,sto2l,sto3l,sto4l,sto5l,sto6l,sto7l,stos,sto1s,sto2s,sto3s,sto4s,sto5s,sto6s,sto7s,Pred
5344.137142857143,5368.899642857143,5365.535357142857,5438.346071428571,5411.1675,5411.778571428571,5406.671428571428,5409.797916666666,47.01014058090477,53.71698182794217,51.52404295400762,66.27605066798482,53.13863239939937,50.977283108615666,51.7147143279677,49.5122302384048,9.96737515451641,-6.161925334774896,10.234503172683407,4.872293045212115e-14,-4.7726477481817025,-9.5130665375325,14.285714285714324,-8.333333333333302,-1.7802481983629066,2.0598106988351677,0.754244477177521,7.8279129257786,0.13956814154295646,-2.7056707208963515,-3.2152933531236974,-0.7886232718449719,-4.304493034862779,-1.3653743669583491,-0.04516293232518365,15.510398575852248,15.073203188843243,9.61473284161145,1.5278935254147135,2.5362611674629534,-2.5242448364998724,-3.425185065793517,-0.7994074095027046,7.682485650073648,14.933635047300287,12.320403562507801,4.743186878538411,3.3248844393079255,33.18479025511605,59.02725629354306,61.582295013962714,83.96774017317678,40.202387505027254,17.517819745651245,78.01219743143969,25.334585622692206,23.217415100599638,65.18918162831795,51.3477918412793,83.96774017317672,44.97503525320896,27.030886283183747,63.72648314572536,33.66791895602551,0
