p1,p2,p3,p4,p5,p6,p7,p8,rsi,rsi1,rsi2,rsi3,rsi4,rsi5,rsi6,rsi7,sto,sto1,sto2,sto3,sto4,sto5,sto6,sto7,macd,macd1,macd2,macd3,macd4,macd5,macd6,macd7,macdl,macd1l,macd2l,macd3l,macd4l,macd5l,macd6l,macd7l,macds,macd1s,macd2s,macd3s,macd4s,macd5s,macd6s,macd7s,stol,sto1l,sto2l,sto3l,sto4l,sto5l,sto6l,sto7l,stos,sto1s,sto2s,sto3s,sto4s,sto5s,sto6s,sto7s,Pred
7073.559444444444,7068.636666666666,7042.598333333333,6985.133333333333,6884.3775000000005,6877.420277777777,6808.185555555556,6838.267,64.50438290239144,55.284625836103444,44.666259660096046,35.70786578762878,31.404291207030706,38.2825510370584,34.626964047978205,47.1586806708144,-11.025236434453932,9.473903143468002e-15,3.000723772597146,-1.7378382324473982,-1.2628855401497214,2.682860492151912,4.724546915255526,-4.103587024690278,1.2040552382621335,-2.272827618035502,-5.004732390484162,-7.018195943430997,-10.327192301386127,1.9255113382598656,-1.5561333303646323,7.3281241882873385,16.6700937262078,11.97420284095996,0.22978252386090187,-13.910315722678913,-41.92945869963104,-35.19389078433798,-37.574322056080035,-22.639731634425516,15.466038487945665,14.24703045899546,5.2345149143450636,-6.892119779247916,-31.60226639824491,-37.11940212259785,-36.018188725715405,-29.967855822712853,38.75077012613205,31.25656727372787,30.330822286025953,36.20635866826579,42.45597508138137,60.57101127613671,45.17017304706559,81.52954276423014,49.77600656058599,31.256567273727864,27.330098513428805,37.944196900713195,43.718860621531086,57.8881507839848,40.445626131810066,85.63312978892043,0
