p1,p2,p3,p4,p5,p6,p7,p8,rsi,rsi1,rsi2,rsi3,rsi4,rsi5,rsi6,rsi7,sto,sto1,sto2,sto3,sto4,sto5,sto6,sto7,macd,macd1,macd2,macd3,macd4,macd5,macd6,macd7,macdl,macd1l,macd2l,macd3l,macd4l,macd5l,macd6l,macd7l,macds,macd1s,macd2s,macd3s,macd4s,macd5s,macd6s,macd7s,stol,sto1l,sto2l,sto3l,sto4l,sto5l,sto6l,sto7l,stos,sto1s,sto2s,sto3s,sto4s,sto5s,sto6s,sto7s,Pred
7840.298571428571,7863.9121428571425,7894.242499999999,7938.378214285714,7972.880714285714,7999.2,7992.047142857143,7973.890208333333,40.55098845029424,48.89159468381027,56.70120240871688,63.49236387753831,62.96643938754839,62.46454148690427,55.62437094246981,49.85604189863235,2.85695776840122,-2.080870781284852,12.08251034473428,-12.643905854571157,13.269021181909078,1.8905512076474093e-14,-11.98492689442996,-0.19624926246023536,5.024377986656094,4.806331215047938,6.877511466714243,7.691928885062727,4.438678581029559,2.4811203498650367,-3.47416660179719,-5.719964624880048,-15.907767081095049,-10.095277255712322,2.826719078012372,17.501367218886248,23.828413767444285,28.78767338298764,22.21433714365594,5.741689208343662,-20.932145067751144,-14.90160847076026,-4.050792388701871,9.80943833382352,19.389735186414725,26.306553033122604,25.68850374545313,11.46165383322371,39.63005638937052,63.57995760568129,87.16262342826799,70.02762392130946,67.0404943460877,37.03825127636855,32.02260965835503,45.690944390977165,36.77309862096931,65.66082838696613,75.0801130835337,82.67152977588061,53.771473164178616,37.03825127636853,44.00753655278499,45.88719365343741,0
