p1,p2,p3,p4,p5,p6,p7,p8,rsi,rsi1,rsi2,rsi3,rsi4,rsi5,rsi6,rsi7,sto,sto1,sto2,sto3,sto4,sto5,sto6,sto7,macd,macd1,macd2,macd3,macd4,macd5,macd6,macd7,macdl,macd1l,macd2l,macd3l,macd4l,macd5l,macd6l,macd7l,macds,macd1s,macd2s,macd3s,macd4s,macd5s,macd6s,macd7s,stol,sto1l,sto2l,sto3l,sto4l,sto5l,sto6l,sto7l,stos,sto1s,sto2s,sto3s,sto4s,sto5s,sto6s,sto7s,Pred
9848.324285714285,9865.356785714286,9861.122857142858,9879.786785714286,9892.027142857143,9861.715714285714,9864.154285714287,9868.229583333334,46.6799905274827,52.57281442665252,50.396650754164625,57.13343675787868,59.36408770810856,43.00460573810307,47.22173472314193,50.816868275776336,2.0559066477403127,-9.85899279709156,1.2427526717377029,2.91719694997795,-1.7273466788085767,2.219160935723283,-3.5790268375407175,5.069736973645672,1.7456612213219045,4.440349439637949,1.7638286281452702,2.3863852322557557,2.1180221841288525,-3.301829031780632,-1.9309354241707206,0.5801594557203049,-11.932033973776145,-2.9311294224938007,-0.27634447116906813,3.724315184876884,7.874472611491261,1.0240812049726498,-2.8868205765138555,-1.7873894054967725,-13.67769519509805,-7.37147886213175,-2.0401730993143383,1.3379299526211281,5.756450427362409,4.325910236753282,-0.955885152343135,-2.3675488612170774,87.69649348656542,58.29042285576505,47.783007367440824,73.14875230012201,68.46733842882898,11.185128780817394,59.4282877747319,60.40069334454897,85.6405868388251,68.14941565285662,46.54025469570312,70.23155535014406,70.19468510763755,8.965967845094111,63.007314612272616,55.330956370903294,0
