p1,p2,p3,p4,p5,p6,p7,p8,rsi,rsi1,rsi2,rsi3,rsi4,rsi5,rsi6,rsi7,sto,sto1,sto2,sto3,sto4,sto5,sto6,sto7,macd,macd1,macd2,macd3,macd4,macd5,macd6,macd7,macdl,macd1l,macd2l,macd3l,macd4l,macd5l,macd6l,macd7l,macds,macd1s,macd2s,macd3s,macd4s,macd5s,macd6s,macd7s,stol,sto1l,sto2l,sto3l,sto4l,sto5l,sto6l,sto7l,stos,sto1s,sto2s,sto3s,sto4s,sto5s,sto6s,sto7s,Pred
9571.435,9545.163214285714,9568.865,9594.890357142856,9593.733214285714,9586.452857142858,9566.945357142857,9587.307083333333,44.68519734308908,42.13814148882023,51.93054768638219,57.13028088052534,52.484788549805344,50.80823732165147,44.67183273074283,49.96046204435022,-9.947872769648864,4.642521615035023,7.045181508647273,-9.523809523809522,-4.761904761904757,4.0602442043434294e-15,1.6386667664143733,0.2587606364653651,-2.3493619268806296,-2.9213555477021105,2.52856951562371,5.379107907698353,1.6281415879539731,-1.6244629353272346,-3.098818105537169,2.1229333369755783,-6.334704602104726,-11.900007002991385,-6.870623005957116,4.207220901594026,7.726609322839587,2.36967442939983,-2.6166112206374237,0.013323144019674752,-3.9853426752240964,-8.978651455289274,-9.399192521580826,-1.1718870061043283,6.098467734885614,3.994137364727065,0.4822068848997453,-2.1096101929559032,25.693615592462137,48.56775107428062,98.10546816823272,58.68980234154486,22.385812656355338,63.498243290629304,22.839365500427608,44.06798831705952,35.641488362111005,43.9252294592456,91.06028665958544,68.21361186535438,27.147717418260097,63.498243290629304,21.200698734013233,43.809227680594155,0
