p1,p2,p3,p4,p5,p6,p7,p8,rsi,rsi1,rsi2,rsi3,rsi4,rsi5,rsi6,rsi7,sto,sto1,sto2,sto3,sto4,sto5,sto6,sto7,macd,macd1,macd2,macd3,macd4,macd5,macd6,macd7,macdl,macd1l,macd2l,macd3l,macd4l,macd5l,macd6l,macd7l,macds,macd1s,macd2s,macd3s,macd4s,macd5s,macd6s,macd7s,stol,sto1l,sto2l,sto3l,sto4l,sto5l,sto6l,sto7l,stos,sto1s,sto2s,sto3s,sto4s,sto5s,sto6s,sto7s,Pred
9515.37625,9595.665,9577.31625,9640.4,9670.547083333335,9670.97,9611.2175,9622.919285714286,41.539161177512916,55.98884447930884,51.9343292673478,59.741953385668005,62.44675990560202,55.85967633347821,45.056585649307756,48.75519345597063,12.714853781571259,-13.436053138965997,13.436053138966013,-10.307160385655415,10.307160385655415,-16.666666666666668,7.9978401853560825,-1.8858786734097923,-4.6970349467464985,11.518894014626708,5.322647740247027,9.39283551991209,6.477414211090179,1.301429367063088,-9.961450509348515,-4.796598909950137,-31.378251372048606,-5.915033649719287,-0.22676621870747718,15.839591832767232,24.11939679256314,25.72071374164231,5.141791645473859,-1.4897310971999624,-26.681216425302107,-17.433927664345994,-5.549413958954505,6.446756312855141,17.641982581472963,24.41928437457922,15.103242154822373,3.3068678127501743,65.46024301517461,57.97979658767681,52.12700736259411,56.363207262354706,66.08253891155371,6.094607712785449,31.061035786532475,57.215604015932946,52.745389233603355,71.4158497266428,38.69095422362809,66.67036764801011,55.77537852589829,22.761274379452118,23.063195601176393,59.10148268934274,0
