p1,p2,p3,p4,p5,p6,p7,p8,rsi,rsi1,rsi2,rsi3,rsi4,rsi5,rsi6,rsi7,sto,sto1,sto2,sto3,sto4,sto5,sto6,sto7,macd,macd1,macd2,macd3,macd4,macd5,macd6,macd7,macdl,macd1l,macd2l,macd3l,macd4l,macd5l,macd6l,macd7l,macds,macd1s,macd2s,macd3s,macd4s,macd5s,macd6s,macd7s,stol,sto1l,sto2l,sto3l,sto4l,sto5l,sto6l,sto7l,stos,sto1s,sto2s,sto3s,sto4s,sto5s,sto6s,sto7s,Pred
10120.382916666667,10110.738333333333,10095.051666666666,10080.689583333333,10096.097083333334,10121.012916666667,10119.085416666667,10125.413928571428,51.40626036456866,48.4568264675928,43.67255244994615,43.48993409254565,49.7196375762657,57.321221022848185,54.82363215931802,56.06138089213439,0.7853323101576054,12.206859836433209,-11.529856640849523,12.227200200195949,-3.0549096514149467,-0.13604454983238887,-13.281857253016788,3.4974085450312513,-1.837050978837267,-3.3651457868426045,-3.056376737490149,-3.3578878340999894,1.4273683694967934,4.366490956227731,2.3659177109703378,0.6733058904560673,6.811005591828992,0.19512912809780877,-3.246335439506159,-9.504407219969835,-5.223170527631737,2.472329437992206,5.664923207951688,5.410282826704133,8.64805657066626,3.560274914940413,-0.18995870201600984,-6.146519385869846,-6.650538897128531,-1.894161518235526,3.29900549698135,4.736976936248066,17.887887612321812,58.194709205784676,19.493023592693763,66.72580062197964,62.66530552148002,88.66746201558854,35.02749766176176,55.21442491258169,17.102555302164205,45.987849369351466,31.022880233543287,54.4986004217837,65.72021517289497,88.80350656542093,48.309354914778545,51.717016367550436,0
