p1,p2,p3,p4,p5,p6,p7,p8,rsi,rsi1,rsi2,rsi3,rsi4,rsi5,rsi6,rsi7,sto,sto1,sto2,sto3,sto4,sto5,sto6,sto7,macd,macd1,macd2,macd3,macd4,macd5,macd6,macd7,macdl,macd1l,macd2l,macd3l,macd4l,macd5l,macd6l,macd7l,macds,macd1s,macd2s,macd3s,macd4s,macd5s,macd6s,macd7s,stol,sto1l,sto2l,sto3l,sto4l,sto5l,sto6l,sto7l,stos,sto1s,sto2s,sto3s,sto4s,sto5s,sto6s,sto7s,Pred
9327.332916666666,9350.435416666667,9361.0825,9344.195833333333,9375.166666666666,9395.420416666668,9403.610833333332,9391.631785714286,45.96175202029283,55.16943040111512,57.00629999717135,48.2952802982321,60.208305605026155,62.14323074162544,59.70393418320161,52.98465686302021,9.032794213920765,-1.4556443043924052,-13.872959487396843,11.17435393564276,-2.369782492089674,-2.7226603539076604,-6.12232442153188,5.9886247090854985,-1.1713483353424075,2.615962975490404,2.983940707110216,-1.1295058464881653,2.0469219646616095,3.5441857203651255,1.2649234317936455,-2.6529226947375184,-4.451791060801952,1.073877482610745,6.033704166189939,2.8586303775567408,6.023430050103646,13.094146274388246,14.434483932984222,8.085752564058566,-3.2804427254595447,-1.542085492879659,3.049763459079723,3.988136224044906,3.976508085442037,9.549960554023121,13.169560501190576,10.738675258796086,76.64379668239154,69.03108325663831,54.93476090234646,41.51855831706727,84.70389766843189,43.83307546786119,35.27980764781971,53.39592402585166,67.61100246847077,70.4867275610307,68.80772038974331,30.344204381424504,87.07368016052158,46.555735821768856,41.402132069351595,47.407299316766164,0
