p1,p2,p3,p4,p5,p6,p7,p8,rsi,rsi1,rsi2,rsi3,rsi4,rsi5,rsi6,rsi7,sto,sto1,sto2,sto3,sto4,sto5,sto6,sto7,macd,macd1,macd2,macd3,macd4,macd5,macd6,macd7,macdl,macd1l,macd2l,macd3l,macd4l,macd5l,macd6l,macd7l,macds,macd1s,macd2s,macd3s,macd4s,macd5s,macd6s,macd7s,stol,sto1l,sto2l,sto3l,sto4l,sto5l,sto6l,sto7l,stos,sto1s,sto2s,sto3s,sto4s,sto5s,sto6s,sto7s,Pred
9358.727499999999,9348.949583333333,9375.215833333334,9389.314583333333,9347.689583333333,9407.696249999999,9469.923333333332,9490.537142857143,48.67747093395208,45.50458983044463,57.094076731999166,60.538288525774675,46.2379214465262,58.45471896218396,63.76149439992254,62.60027135667176,2.3884297957845586,3.9968385769429515,2.6613130788001165,-0.24107825015862142,-3.464035576650282,6.1694049948110035,-12.384526640638635,-3.2800519488705207,-3.801485093290773,-2.6785347013370795,2.034755096430372,3.239671720035547,-3.754517270907924,2.8169125045753405,11.02904317869163,4.5874249224782915,-0.5030025767082407,-3.775542636298269,0.778568027520123,6.5445433627868015,0.36423429075421154,2.312553600472711,25.51923163397987,30.19449047396847,3.298482516582532,-1.0970079349611892,-1.256187068910249,3.304871642751255,4.118751561662135,-0.50435890410263,14.49018845528824,25.60706555149018,63.564281972736495,19.603326034100625,81.90050646861563,75.32523417496421,34.65851962639229,98.71014607374003,51.642141503643096,55.679644546354304,61.175852176951935,15.606487457157673,79.23919338981551,75.56631242512283,38.12255520304257,92.54074107892903,64.02666814428173,58.959696495224826,0
