p1,p2,p3,p4,p5,p6,p7,p8,rsi,rsi1,rsi2,rsi3,rsi4,rsi5,rsi6,rsi7,sto,sto1,sto2,sto3,sto4,sto5,sto6,sto7,macd,macd1,macd2,macd3,macd4,macd5,macd6,macd7,macdl,macd1l,macd2l,macd3l,macd4l,macd5l,macd6l,macd7l,macds,macd1s,macd2s,macd3s,macd4s,macd5s,macd6s,macd7s,stol,sto1l,sto2l,sto3l,sto4l,sto5l,sto6l,sto7l,stos,sto1s,sto2s,sto3s,sto4s,sto5s,sto6s,sto7s,Pred
9333.82125,9354.465,9358.825833333334,9354.297916666666,9369.11125,9357.331666666667,9374.922083333333,9382.768214285714,57.50649122555163,61.02071559512567,58.5308071400515,54.95415278769075,58.335938188961954,50.207020188648066,57.82608875492318,55.468965074136996,-1.4698753939631761,-15.19679127270346,1.7171449447535753e-14,10.928245254449953,3.7299022179852273,-14.65814747243516,16.416863499008898,-12.51150445700314,4.23086702612422,4.540939813365249,1.5246061330132274,-1.598908709904996,-0.08181529840915314,-1.564632279890156,-0.5062476823714864,1.2458192932411671,3.959756025053442,11.33322302487674,12.763473473195821,8.464057161189581,8.753515892094887,6.771353230271113,4.503844475236292,9.162417984669705,-0.27111100107077835,6.79228321151149,11.238867340182594,10.062965871094578,8.83533119050404,8.335985510161269,5.010092157607779,7.916598691428539,73.35211400589635,46.24930055936481,48.98690056473684,46.48980394898993,81.26222513966364,7.8324404458698185,87.76729194784616,12.5232983475612,74.82198939985953,61.44609183206828,48.98690056473683,35.561558694539976,77.53232292167841,22.49058791830498,71.35042844883726,25.03480280456434,0
