p1,p2,p3,p4,p5,p6,p7,p8,rsi,rsi1,rsi2,rsi3,rsi4,rsi5,rsi6,rsi7,sto,sto1,sto2,sto3,sto4,sto5,sto6,sto7,macd,macd1,macd2,macd3,macd4,macd5,macd6,macd7,macdl,macd1l,macd2l,macd3l,macd4l,macd5l,macd6l,macd7l,macds,macd1s,macd2s,macd3s,macd4s,macd5s,macd6s,macd7s,stol,sto1l,sto2l,sto3l,sto4l,sto5l,sto6l,sto7l,stos,sto1s,sto2s,sto3s,sto4s,sto5s,sto6s,sto7s,Pred
7214.7491666666665,7223.037499999999,7218.7675,7234.821111111111,7259.238333333333,7235.8025,7215.9825,7216.67475,59.278779519702134,58.81657670774388,52.44443209096431,62.88138571584874,64.98911407573078,46.96672331940902,42.3595172946862,45.05841582499041,1.4902373297687919,-1.6867621178395655,-0.9912322944174063,4.319602531915894,-8.010327423429468,-3.100783687681639,7.929447024264664,2.8634976781618047,1.1381866231710052,0.36165145049150405,-1.09645000128031,0.7274688147655113,2.135259444241687,-2.8663839938654867,-3.6208328304597193,0.017979977591648398,5.077023001189951,6.000898520508397,3.7380224201204126,4.074890909154722,10.51786593052293,4.308241019800739,-6.254594640648368,-5.06036592428436,3.9388363780189457,5.639247070016893,4.834472421400722,3.347422094389211,8.382606486281244,7.174625013666225,-2.6337618101886493,-5.078345901876009,62.37934802517218,39.9050764313943,30.48899116844342,91.63258896025425,43.48532983155527,9.931033853567826,76.98220598066285,52.91002047263543,60.88911069540339,41.59183854923386,31.480223462860824,87.31298642833836,51.49565725498474,13.031817541249465,69.05275895639818,50.046522794473624,0
