p1,p2,p3,p4,p5,p6,p7,p8,rsi,rsi1,rsi2,rsi3,rsi4,rsi5,rsi6,rsi7,sto,sto1,sto2,sto3,sto4,sto5,sto6,sto7,macd,macd1,macd2,macd3,macd4,macd5,macd6,macd7,macdl,macd1l,macd2l,macd3l,macd4l,macd5l,macd6l,macd7l,macds,macd1s,macd2s,macd3s,macd4s,macd5s,macd6s,macd7s,stol,sto1l,sto2l,sto3l,sto4l,sto5l,sto6l,sto7l,stos,sto1s,sto2s,sto3s,sto4s,sto5s,sto6s,sto7s,Pred
9006.339583333332,8993.385416666666,9012.911666666667,9044.477499999999,9069.66875,9082.332916666666,9070.457916666666,9071.146428571428,52.60784143166058,49.43097809757246,54.968641321465675,60.314528277308646,61.13511442764741,62.532388338333156,53.193324115209066,53.1828385568301,-5.650022105495221,12.856095119521758,-5.290888584473113,5.29088858447313,-16.66666666666665,15.691721961314926,-4.716244675749126,-0.6916934625911862,6.964948619751906,0.8595647475735219,1.98785693208653,4.336766886944976,4.7840281983460065,1.2595856145674003,-2.4321479422975814,-3.30429146066213,2.20570107002762,0.5981124584456362,3.069950286974745,10.39256836744759,18.85231549527028,18.571753104148836,14.874609909770092,7.695075547335104,-4.759247549724287,-0.26145228912788565,1.0820933548882148,6.055801480502614,14.068287296924273,17.312167489581434,17.306757852067673,10.999367007997234,31.977441057003013,53.181735512970015,81.63780462854757,71.61588915207247,23.98066953024125,63.74183255061137,20.984227876856497,67.37907792057008,37.62746316249823,40.32564039344826,86.92869321302068,66.32500056759933,40.6473361969079,48.050110589296445,25.70047255260562,68.07077138316127,0
