p1,p2,p3,p4,p5,p6,p7,p8,rsi,rsi1,rsi2,rsi3,rsi4,rsi5,rsi6,rsi7,sto,sto1,sto2,sto3,sto4,sto5,sto6,sto7,macd,macd1,macd2,macd3,macd4,macd5,macd6,macd7,macdl,macd1l,macd2l,macd3l,macd4l,macd5l,macd6l,macd7l,macds,macd1s,macd2s,macd3s,macd4s,macd5s,macd6s,macd7s,stol,sto1l,sto2l,sto3l,sto4l,sto5l,sto6l,sto7l,stos,sto1s,sto2s,sto3s,sto4s,sto5s,sto6s,sto7s,Pred
8563.75125,8570.664166666667,8584.620416666667,8581.434166666666,8593.35375,8600.200833333332,8578.757083333334,8576.1925,53.877835399379336,56.34719208558107,59.99482330958827,54.004732578355245,57.560479379525354,56.88475625475989,46.19547754978509,47.62842778226546,8.908768460154068,-12.526235991260437,-2.5053275583187458,14.485675751767378,-1.3445556814374082,-10.228882269078554,-3.2777219742591095,14.092138134105092,-6.613708919356091,-2.9099056659112215,-0.035427493481295404,-0.7358652293131033,0.2725718505874206,0.5721741543142386,-2.736087893628596,-2.5659197640320808,8.627248221678807,5.714539163480974,6.76279737646928,5.78818208863504,6.459100553808942,7.492014368437594,2.5145469183404807,-2.749546336712488,15.240957141034897,8.624444829392194,6.798224869950575,6.524047317948143,6.186528703221522,6.919840214123356,5.250634811969077,-0.18362657268040733,52.888349384840275,67.48497988404253,55.44932774690961,49.28979947226765,63.02699960618589,53.3960870974538,15.618709442674378,74.41641647626848,43.97958092468621,80.01121587530298,57.95465530522836,34.80412372050027,64.3715552876233,63.624969366532355,18.89643141693349,60.32427834216339,0
