p1,p2,p3,p4,p5,p6,p7,p8,rsi,rsi1,rsi2,rsi3,rsi4,rsi5,rsi6,rsi7,sto,sto1,sto2,sto3,sto4,sto5,sto6,sto7,macd,macd1,macd2,macd3,macd4,macd5,macd6,macd7,macdl,macd1l,macd2l,macd3l,macd4l,macd5l,macd6l,macd7l,macds,macd1s,macd2s,macd3s,macd4s,macd5s,macd6s,macd7s,stol,sto1l,sto2l,sto3l,sto4l,sto5l,sto6l,sto7l,stos,sto1s,sto2s,sto3s,sto4s,sto5s,sto6s,sto7s,Pred
8332.8575,8324.750416666666,8330.212083333332,8339.799166666668,8340.5325,8351.853333333333,8340.965,8335.675,51.24964379685929,47.884874601702144,50.836958187297114,55.118062146383096,53.65459803465327,57.515452780663715,49.00013506216965,46.267278878533304,-4.664807793153272,7.83940638864183,1.1188161327782165,-9.8669871059726,10.444624105732444,-15.006376937885825,10.997482503213046,2.0171335422119467,0.14934601747036283,-1.8044450963261847,-0.28862420866898125,1.1130501168236806,0.576999702149278,1.2914995757702323,-1.1036584096311546,-1.6770786754979095,3.7885786225924676,-0.1542022597113828,-0.050183981097992124,2.098348394576533,2.7994950319174072,5.177718657088008,2.827215642414861,-0.4478876726908701,3.6392326051221047,1.6502428366148019,0.2384402275709891,0.9852982777528523,2.222495329768129,3.8862190813177753,3.9308740520460157,1.2291910028070394,23.797627865358702,51.09728019644938,71.07277266952967,64.09883120076563,45.36001663735181,59.80998718734327,18.64078310354749,47.089582570519426,28.46243565851197,43.25787380780755,69.95395653675145,73.96581830673823,34.91539253161937,74.81636412522909,7.643300600334446,45.07244902830748,0
