p1,p2,p3,p4,p5,p6,p7,p8,rsi,rsi1,rsi2,rsi3,rsi4,rsi5,rsi6,rsi7,sto,sto1,sto2,sto3,sto4,sto5,sto6,sto7,macd,macd1,macd2,macd3,macd4,macd5,macd6,macd7,macdl,macd1l,macd2l,macd3l,macd4l,macd5l,macd6l,macd7l,macds,macd1s,macd2s,macd3s,macd4s,macd5s,macd6s,macd7s,stol,sto1l,sto2l,sto3l,sto4l,sto5l,sto6l,sto7l,stos,sto1s,sto2s,sto3s,sto4s,sto5s,sto6s,sto7s,Pred
8532.010833333334,8499.667916666667,8492.842916666666,8520.89875,8517.801666666666,8523.605833333333,8531.627916666666,8523.479285714286,56.37557760603635,43.497806841584136,43.98383026871282,55.61568628687198,51.73332732891503,53.518927647083714,53.56890266556866,50.99059134907609,-9.400126382210393,4.097394067134024,11.111111111111082,-0.7102360243007304,-7.39545363604421,-4.6607052081009765,-3.51977493749774,12.217647442886635,-0.19903352012409462,-4.162619708818638,-3.3561179024865893,2.6669496197569083,1.578532293918919,0.92581239611693,0.9127293850249877,-1.2535120936033555,6.199326127351924,-1.5721552246544281,-6.812577564276883,-0.3186301850291784,2.1138367301667436,3.1868814843858977,5.080749923165058,0.722496277009798,6.398359647476019,2.59046448416421,-3.4564596617902943,-2.9855798047860866,0.5353044362478244,2.2610690882689677,4.168020538140071,1.9760083706131535,44.90805314074446,42.87391743366086,38.76859590500994,77.85133914168604,32.024112043202855,44.38625615060822,41.613193015517034,60.52016026980298,54.308179522954845,38.77652336652683,27.657484793898853,78.56157516598677,39.419565679247064,49.0469613587092,45.13296795301478,48.30251282691634,0
