p1,p2,p3,p4,p5,p6,p7,p8,rsi,rsi1,rsi2,rsi3,rsi4,rsi5,rsi6,rsi7,sto,sto1,sto2,sto3,sto4,sto5,sto6,sto7,macd,macd1,macd2,macd3,macd4,macd5,macd6,macd7,macdl,macd1l,macd2l,macd3l,macd4l,macd5l,macd6l,macd7l,macds,macd1s,macd2s,macd3s,macd4s,macd5s,macd6s,macd7s,stol,sto1l,sto2l,sto3l,sto4l,sto5l,sto6l,sto7l,stos,sto1s,sto2s,sto3s,sto4s,sto5s,sto6s,sto7s,Pred
8884.165833333334,8880.205,8892.14125,8881.813333333334,8870.963749999999,8885.082083333335,8897.307083333333,8915.037857142857,61.97527068005701,55.66638782346111,59.3758638793872,50.40702103610562,47.37377576902688,54.684870689119734,56.50864259230647,60.104674786139775,-3.0302631407740734,-9.147657235693082,3.859130345922162,-8.34787663612182,3.3196828768495554,13.346983789817045,-3.611925573447176e-14,-4.141347075788292,4.359920797133784,0.9692406977647522,0.4669120923488633,-0.9511814303817974,-2.7828185074768896,-0.029532801941064394,2.053117056960769,2.3387020731295887,6.259656536674811,6.746569037537483,6.388512382240151,5.418400732503869,-0.2038434556913368,0.2628568114820761,4.815047306464597,8.642352854211692,1.899735739541027,5.7773283397727315,5.921600289891288,6.369582162885667,2.5789750517855525,0.29238961342314046,2.7619302495038283,6.303650781082103,49.2912796035554,12.890613859551992,63.824854376057104,7.9341583131642635,49.58171138316143,79.47944900938221,42.01870835612707,64.47374104974067,52.32154274432948,22.038271095245072,59.965724030134936,16.282034949286082,46.26202850631187,66.13246521956516,42.018708356127114,68.61508812552896,0
