p1,p2,p3,p4,p5,p6,p7,p8,rsi,rsi1,rsi2,rsi3,rsi4,rsi5,rsi6,rsi7,sto,sto1,sto2,sto3,sto4,sto5,sto6,sto7,macd,macd1,macd2,macd3,macd4,macd5,macd6,macd7,macdl,macd1l,macd2l,macd3l,macd4l,macd5l,macd6l,macd7l,macds,macd1s,macd2s,macd3s,macd4s,macd5s,macd6s,macd7s,stol,sto1l,sto2l,sto3l,sto4l,sto5l,sto6l,sto7l,stos,sto1s,sto2s,sto3s,sto4s,sto5s,sto6s,sto7s,Pred
6988.243124999999,6998.52125,7004.880625,7022.993125,7033.3375,7023.696875,7026.2318749999995,6993.624722222222,45.54928988790941,50.071526432506396,51.959735170149735,56.57228731558928,58.87066677845091,52.39109930966879,52.52431458118152,44.573054588973505,-0.9020127974648973,19.430590776472663,-1.711182961148955,3.4460781655504675,-15.093561993355737,6.807882690768808,-15.141216024102171,11.111111111111107,-6.262121808910321,-4.397769957836561,-0.8243784273585328,2.1166051005140933,3.1953061468441666,0.5608698247239223,0.563781799275844,-4.166098037127153,0.25098850517542814,-3.674049966714165,-1.9564100677475835,2.046075273953875,6.111693984885733,4.936878490036179,5.94466724547533,-4.180688371887704,6.51311031408575,0.7237199911223966,-1.1320316403890507,-0.07052982656021847,2.916387838041566,4.3760086653122565,5.3808854461994855,-0.014590334760551136,6.7842280374444215,73.30760859889006,57.74675907157725,89.72453752476932,67.3144264607297,38.33425566745523,45.46528656577401,39.36168451638179,7.686240834909319,53.8770178224174,59.45794203272621,86.27845935921884,82.40798845408544,31.52637297668642,60.60650258987617,28.250573405270686,0
