p1,p2,p3,p4,p5,p6,p7,p8,rsi,rsi1,rsi2,rsi3,rsi4,rsi5,rsi6,rsi7,sto,sto1,sto2,sto3,sto4,sto5,sto6,sto7,macd,macd1,macd2,macd3,macd4,macd5,macd6,macd7,macdl,macd1l,macd2l,macd3l,macd4l,macd5l,macd6l,macd7l,macds,macd1s,macd2s,macd3s,macd4s,macd5s,macd6s,macd7s,stol,sto1l,sto2l,sto3l,sto4l,sto5l,sto6l,sto7l,stos,sto1s,sto2s,sto3s,sto4s,sto5s,sto6s,sto7s,Pred
9.4e-06,9.394999999999999e-06,9.403125e-06,9.401875e-06,9.3075e-06,9.106874999999999e-06,9.14e-06,9.1335e-06,36.94730942390093,39.11455928394649,40.87201215417652,42.03357281269797,31.801476748659823,27.292421483550587,37.493878385553295,38.708543980900544,-18.632250918189897,18.63225091818989,-12.49015715014819,4.156823816814818,-16.66666666666669,24.999999999999982,-8.333333333333355,1.597409287831353,1.1238739307807076e-08,1.0664590650713125e-08,1.2155313027412925e-08,1.0446265383575058e-08,6.011035069832703e-10,-2.552149143135581e-08,-1.1844387945012214e-08,4.432849651735506e-09,-6.725363583282717e-08,-5.738296899791802e-08,-4.382396828434433e-08,-3.465923013668569e-08,-3.799755085936247e-08,-8.188775303227402e-08,-8.666879425746121e-08,-6.932265791963586e-08,-7.849237514063425e-08,-6.804755964863114e-08,-5.5979281311757254e-08,-4.510549552026075e-08,-3.8598654366345736e-08,-5.636626160091821e-08,-7.4824406312449e-08,-7.375550757137137e-08,35.75430977412346,67.07315916922487,52.117946354919845,35.65130537917119,6.235555781580731,50.0,71.50084659791301,57.03796254524998,54.38656069231336,48.44090825103497,64.60810350506803,31.494481562356373,22.902222448247418,25.000000000000018,79.83417993124637,55.44055325741863,0
