p1,p2,p3,p4,p5,p6,p7,p8,rsi,rsi1,rsi2,rsi3,rsi4,rsi5,rsi6,rsi7,sto,sto1,sto2,sto3,sto4,sto5,sto6,sto7,macd,macd1,macd2,macd3,macd4,macd5,macd6,macd7,macdl,macd1l,macd2l,macd3l,macd4l,macd5l,macd6l,macd7l,macds,macd1s,macd2s,macd3s,macd4s,macd5s,macd6s,macd7s,stol,sto1l,sto2l,sto3l,sto4l,sto5l,sto6l,sto7l,stos,sto1s,sto2s,sto3s,sto4s,sto5s,sto6s,sto7s,Pred
1.38325e-05,1.356875e-05,1.37375e-05,1.399125e-05,1.3908750000000001e-05,1.3913125e-05,1.35475e-05,1.3497954545454545e-05,40.829335198883605,35.99339852419719,44.590871002686356,52.18423266564665,50.53246063796495,49.17174322628277,40.69485580034804,41.07352331853866,-8.333333333333334,17.1737678084253,7.826232191574688,-16.666666666666664,10.824630013257892,-18.02318944955446,16.78761694418054,1.3247159240018174,-9.418775154434151e-08,-1.128493369196831e-07,-5.457852839200752e-08,1.856966354463097e-08,1.9933901646648262e-08,1.7956895076089532e-08,-3.4581846123609644e-08,-2.185542253556215e-08,4.172401221693215e-08,-8.776290049357872e-08,-1.112911527289288e-07,-4.2201310077889426e-08,-1.9864448057005538e-08,1.0693568970012097e-09,-6.824124290488989e-08,-1.047217878894757e-07,1.3591176376127366e-07,2.5086436426104385e-08,-5.671262433692128e-08,-6.07709736225204e-08,-3.97983497036538e-08,-1.6887538179088322e-08,-3.3659396781280246e-08,-8.286636535391355e-08,0.0,26.521303425275903,92.22012282208877,68.23492634988999,43.61146679962721,33.15811769914509,36.236806019150826,54.84531066137565,8.333333333333334,9.3475356168506,84.39389063051408,84.90159301655666,32.78683678636932,51.18130714869955,19.449189074970285,53.52059473737383,0
