p1,p2,p3,p4,p5,p6,p7,p8,rsi,rsi1,rsi2,rsi3,rsi4,rsi5,rsi6,rsi7,sto,sto1,sto2,sto3,sto4,sto5,sto6,sto7,macd,macd1,macd2,macd3,macd4,macd5,macd6,macd7,macdl,macd1l,macd2l,macd3l,macd4l,macd5l,macd6l,macd7l,macds,macd1s,macd2s,macd3s,macd4s,macd5s,macd6s,macd7s,stol,sto1l,sto2l,sto3l,sto4l,sto5l,sto6l,sto7l,stos,sto1s,sto2s,sto3s,sto4s,sto5s,sto6s,sto7s,Pred
1.365e-05,1.352125e-05,1.3475625e-05,1.35e-05,1.3421875e-05,1.34725e-05,1.3439375e-05,1.3457954545454545e-05,44.53592399917038,38.10557459999286,41.457137941956816,44.415544046461825,42.15346683886312,46.65269266850155,43.72552715043759,48.23500560132757,24.999999999999993,-19.474959375342277,13.355001937560715,-13.820947980736658,12.988966134870282,0.16903440324573005,-18.2170951195978,9.090909090909081,2.556287494212011e-09,-2.7976280879989247e-09,-1.0542510913486963e-08,3.7338482266246544e-09,-2.182194332134458e-09,1.0479218337456286e-08,7.984131061520618e-09,8.49320546053496e-09,-5.547262927663446e-08,-5.729405238308239e-08,-7.73888626739472e-08,-6.27649692750328e-08,-6.951920959077757e-08,-5.072082240526263e-08,-4.3047474603418966e-08,-3.217518466288397e-08,-5.802891677084647e-08,-5.4496424295083465e-08,-6.684635176046024e-08,-6.649881750165745e-08,-6.733701525864312e-08,-6.120004074271891e-08,-5.1031605664939584e-08,-4.066839012341893e-08,91.63883083186904,23.022220173617963,75.24007278741713,48.44564997221792,37.02326087780823,79.90763614381375,24.753832739446384,61.76368928582301,66.63883083186904,42.49717954896024,61.88507084985642,62.266597952954584,24.03429474293795,79.73860174056801,42.97092785904418,52.67278019491393,0
