p1,p2,p3,p4,p5,p6,p7,p8,rsi,rsi1,rsi2,rsi3,rsi4,rsi5,rsi6,rsi7,sto,sto1,sto2,sto3,sto4,sto5,sto6,sto7,macd,macd1,macd2,macd3,macd4,macd5,macd6,macd7,macdl,macd1l,macd2l,macd3l,macd4l,macd5l,macd6l,macd7l,macds,macd1s,macd2s,macd3s,macd4s,macd5s,macd6s,macd7s,stol,sto1l,sto2l,sto3l,sto4l,sto5l,sto6l,sto7l,stos,sto1s,sto2s,sto3s,sto4s,sto5s,sto6s,sto7s,Pred
1.3485e-05,1.3344375e-05,1.3250625e-05,1.3108124999999999e-05,1.311875e-05,1.3234375e-05,1.3249375e-05,1.2969772727272728e-05,47.0836551856692,39.10888032595767,34.46448082399546,29.294335279394865,38.84068429424263,48.036863902883226,47.75564976943694,36.67450466669946,-11.838760085800851,-6.6647558004626655,3.21612831707296,0.7000888181433211,19.201363871914968,0.2138414599980898,-25.0,-2.5837917664003644e-15,6.111805181078994e-10,-1.1335086821777786e-08,-2.2891835405402113e-08,-2.661754320426754e-08,-1.687979825902711e-08,1.5965370723181454e-08,2.631744833310478e-08,-1.068745151528994e-08,-1.630651624108599e-08,-3.2950949030749614e-08,-6.49695756429883e-08,-9.214873680205307e-08,-1.0838795704752102e-07,-7.084389876197562e-08,-3.4173482228964625e-08,-8.092707031623333e-08,-1.6917696759193892e-08,-2.1615862208971828e-08,-4.207774023758618e-08,-6.553119359778553e-08,-9.150815878849391e-08,-8.680926948515706e-08,-6.04909305620694e-08,-7.023961880094339e-08,69.20309108379045,2.5028662993060347,7.327058774915431,33.377192002130414,79.66833730819587,92.27481903378987,34.992617916504486,38.752709903068094,81.04185116959131,9.1676220997687,4.110930457842471,32.67710318398709,60.46697343628091,92.06097757379177,59.992617916504486,38.7527099030681,0
