p1,p2,p3,p4,p5,p6,p7,p8,rsi,rsi1,rsi2,rsi3,rsi4,rsi5,rsi6,rsi7,sto,sto1,sto2,sto3,sto4,sto5,sto6,sto7,macd,macd1,macd2,macd3,macd4,macd5,macd6,macd7,macdl,macd1l,macd2l,macd3l,macd4l,macd5l,macd6l,macd7l,macds,macd1s,macd2s,macd3s,macd4s,macd5s,macd6s,macd7s,stol,sto1l,sto2l,sto3l,sto4l,sto5l,sto6l,sto7l,stos,sto1s,sto2s,sto3s,sto4s,sto5s,sto6s,sto7s,Pred
1.3536250000000001e-05,1.346e-05,1.341375e-05,1.3469375e-05,1.350875e-05,1.3471875e-05,1.345625e-05,1.3575227272727273e-05,52.335143624250264,44.45280133703903,43.505119589837335,49.9178872951959,53.26763122673295,47.5527219928974,47.93885133966731,62.070007790135165,-12.986901291241665,-5.190168065995351,24.09743652674208,0.9025634732579331,-23.520878627058835,4.718893716820855,14.797853548387721,0.6112346261385514,1.4439814461822904e-08,4.0465162434974913e-10,-1.0585081929633474e-08,2.4635664047722437e-10,1.0237319122071669e-08,3.307299773845802e-09,-1.378726903348132e-09,1.1115176903712675e-08,3.033617520395112e-10,-7.28908853823071e-09,-2.6942401328342663e-08,-2.0408890937532176e-08,-2.6512248135269513e-09,-3.313671545202256e-09,-8.584188644669192e-09,1.7840582104552926e-08,-1.4136452709783393e-08,-7.69374016258046e-09,-1.635731939870919e-08,-2.06552475780094e-08,-1.288854393559862e-08,-6.620971319048058e-09,-7.20546174132106e-09,6.72540520084025e-09,49.30559172971485,20.71838991569194,63.00659052121527,88.40424610672088,48.53577923264895,18.594045269286113,37.98760591444933,93.23370673449378,62.29249302095651,25.90855798168729,38.90915399447319,87.50168263346295,72.05665785970778,13.875151552465258,23.189752366061615,92.62247210835523,0
