p1,p2,p3,p4,p5,p6,p7,p8,rsi,rsi1,rsi2,rsi3,rsi4,rsi5,rsi6,rsi7,sto,sto1,sto2,sto3,sto4,sto5,sto6,sto7,macd,macd1,macd2,macd3,macd4,macd5,macd6,macd7,macdl,macd1l,macd2l,macd3l,macd4l,macd5l,macd6l,macd7l,macds,macd1s,macd2s,macd3s,macd4s,macd5s,macd6s,macd7s,stol,sto1l,sto2l,sto3l,sto4l,sto5l,sto6l,sto7l,stos,sto1s,sto2s,sto3s,sto4s,sto5s,sto6s,sto7s,Pred
1.1e-05,1.1011071428571428e-05,1.1073214285714285e-05,1.1153214285714286e-05,1.1300714285714286e-05,1.1304285714285715e-05,1.1264642857142857e-05,1.1159285714285714e-05,49.78189491535023,51.24134877852646,56.246114708512835,63.68892537712337,73.34937059600207,63.50829850987126,53.864980007189786,43.90113808978306,-12.495987371884643,11.436024939405996,-4.020572290862073,5.080534723340715,-12.582615648192657,3.2832129189929034,-4.5345449565450835,1.0468282813547514,-5.493082938444331e-10,1.1864159789896402e-10,7.409876924668159e-09,1.0147241787350814e-08,1.9787913281965658e-08,-3.635766779678346e-10,-1.2938957734321369e-08,-1.6204486289370258e-08,-1.312205641733163e-09,-2.498969902259982e-09,1.4535758271453666e-08,2.9017553515580768e-08,7.205157859918665e-08,6.709258852955837e-08,3.8482522234147734e-08,-1.1208282664481918e-08,-7.6289734788873e-10,-2.617611500158946e-09,7.1258813467855065e-09,1.8870311728229952e-08,5.226366531722099e-08,6.74561652075262e-08,5.14214799684691e-08,4.996203624888341e-09,35.80456399664903,59.06944524848417,37.69428038259967,63.08482989991994,53.60840157471675,28.11378377935332,30.250167197649933,46.06751841035426,48.300551368533675,47.633420309078176,41.71485267346174,58.00429517657923,66.19101722290941,24.830570860360417,34.78471215419502,45.02069012899951,0
