p1,p2,p3,p4,p5,p6,p7,p8,rsi,rsi1,rsi2,rsi3,rsi4,rsi5,rsi6,rsi7,sto,sto1,sto2,sto3,sto4,sto5,sto6,sto7,macd,macd1,macd2,macd3,macd4,macd5,macd6,macd7,macdl,macd1l,macd2l,macd3l,macd4l,macd5l,macd6l,macd7l,macds,macd1s,macd2s,macd3s,macd4s,macd5s,macd6s,macd7s,stol,sto1l,sto2l,sto3l,sto4l,sto5l,sto6l,sto7l,stos,sto1s,sto2s,sto3s,sto4s,sto5s,sto6s,sto7s,Pred
1.35575e-05,1.3539999999999999e-05,1.3527499999999999e-05,1.351875e-05,1.356375e-05,1.3614375000000001e-05,1.35875e-05,1.3535e-05,45.00842701866445,45.63510230294064,45.29233879866864,46.71299024373846,49.882800793562915,53.53059517287559,50.60225606728294,45.1234739657388,-6.833373345649374,-15.188294318069222,9.855367897373778,3.8329664330114745,0.647133912095395,-8.331099287946442,2.85213420597165,-2.8146091261131407,4.090371797136329e-08,2.5611783822225627e-08,1.1365159748773888e-08,7.695180682886482e-09,1.051743402914695e-08,1.3958058157416865e-08,6.402123322943102e-09,-4.726915628700751e-09,-4.214411262407219e-08,-2.552487564126295e-08,-2.4540088955349067e-08,-1.9514239771681815e-08,-7.1085694393847484e-09,8.964422363346372e-09,1.0994960360007122e-08,-2.340069154911831e-09,-8.304783059543548e-08,-5.113665946348858e-08,-3.5905248704122954e-08,-2.7209420454568295e-08,-1.7626003468531698e-08,-4.993635794070493e-09,4.59283703706402e-09,2.3868464737889203e-09,36.333253308701266,37.14354278767852,58.11363058938919,73.18246753423558,77.22734192809162,70.03270148395288,22.25270848643094,38.34887308671158,43.16662665435064,52.33183710574774,48.25826269201541,69.3495011012241,76.58020801599622,78.36380077189932,19.40057428045929,41.16348221282472,0
