p1,p2,p3,p4,p5,p6,p7,p8,rsi,rsi1,rsi2,rsi3,rsi4,rsi5,rsi6,rsi7,sto,sto1,sto2,sto3,sto4,sto5,sto6,sto7,macd,macd1,macd2,macd3,macd4,macd5,macd6,macd7,macdl,macd1l,macd2l,macd3l,macd4l,macd5l,macd6l,macd7l,macds,macd1s,macd2s,macd3s,macd4s,macd5s,macd6s,macd7s,stol,sto1l,sto2l,sto3l,sto4l,sto5l,sto6l,sto7l,stos,sto1s,sto2s,sto3s,sto4s,sto5s,sto6s,sto7s,Pred
1.22825e-05,1.2520625e-05,1.265375e-05,1.25625e-05,1.258e-05,1.2561875e-05,1.27525e-05,1.5042499999999999e-05,52.86079419218769,67.65273680385448,69.25776087008165,60.25536614574848,58.26370889702426,55.34102908444747,65.1421812402191,81.13852379158497,2.3202782096720274,5.42826651258968,-24.999999999999982,14.244211093430504,-11.463832979993636,-2.780378113436819,25.000000000000014,-8.967366528899124,7.690069328172493e-09,2.5543155883046038e-08,4.205766399164115e-08,1.1200961477356918e-08,-3.5381726217280333e-09,-1.235819004186447e-08,3.17802840342864e-09,2.1924068931486338e-07,5.996655400179303e-09,3.9294199847313753e-08,9.699828528211037e-08,8.897750244607406e-08,7.515543791851042e-08,5.6690341090812764e-08,6.328316205566277e-08,6.074431663232622e-07,-1.6934139279931907e-09,1.3751043964267718e-08,5.4940621290469214e-08,7.777654096871714e-08,7.869361054023845e-08,6.904853113267723e-08,6.010513365223414e-08,3.8820247700839884e-07,39.48405180454774,100.0,37.17170071012355,23.50984090256514,36.2008738990577,11.66960097996819,68.11096270315993,49.43178112201343,37.163773594875714,94.57173348741031,62.17170071012353,9.265629809134637,47.66470687905134,14.449979093405009,43.11096270315991,58.39914765091255,0
