p1,p2,p3,p4,p5,p6,p7,p8,rsi,rsi1,rsi2,rsi3,rsi4,rsi5,rsi6,rsi7,sto,sto1,sto2,sto3,sto4,sto5,sto6,sto7,macd,macd1,macd2,macd3,macd4,macd5,macd6,macd7,macdl,macd1l,macd2l,macd3l,macd4l,macd5l,macd6l,macd7l,macds,macd1s,macd2s,macd3s,macd4s,macd5s,macd6s,macd7s,stol,sto1l,sto2l,sto3l,sto4l,sto5l,sto6l,sto7l,stos,sto1s,sto2s,sto3s,sto4s,sto5s,sto6s,sto7s,Pred
1.4531666666666667e-05,1.44375e-05,1.4508333333333333e-05,1.4525833333333332e-05,1.4421666666666666e-05,1.40675e-05,1.4155000000000001e-05,1.4287500000000002e-05,39.356838120047875,34.69617944443265,43.93872793048244,44.657916791902686,37.6031335878468,27.934998153370618,34.7012301879793,43.998103052378504,-17.743519033708747,-3.094517210261751,32.61095877525444,-18.747691666633493,-14.585641666699848,17.583172781922407,13.92288299797648,1.014136237298544,1.3619818129029588e-08,-8.346050247242416e-09,-4.409758693191945e-09,6.339986712925002e-09,5.629858143953599e-10,-3.830898418223836e-08,-3.0476464971604544e-08,4.539963528321853e-09,-4.1611737713013695e-08,-6.547319714188676e-08,-6.792291378088838e-08,-5.434255306096789e-08,-5.623951693645016e-08,-1.1539722383876658e-07,-1.34168616917261e-07,-1.0500727013201364e-07,-5.523155584204328e-08,-5.712714689464434e-08,-6.351315508769643e-08,-6.068253977389289e-08,-5.680250275084552e-08,-7.708823965652822e-08,-1.0369215194565647e-07,-1.095472336603355e-07,5.72533765251097,10.309645811324582,100.0,60.50766868166586,9.518583298864863,30.548577897177925,90.14993407970664,98.93103421666812,23.468856686219716,13.404163021586333,67.38904122474557,79.25536034829935,24.10422496556471,12.965405115255518,76.22705108173017,97.91689797936958,0
