p1,p2,p3,p4,p5,p6,p7,p8,rsi,rsi1,rsi2,rsi3,rsi4,rsi5,rsi6,rsi7,sto,sto1,sto2,sto3,sto4,sto5,sto6,sto7,macd,macd1,macd2,macd3,macd4,macd5,macd6,macd7,macdl,macd1l,macd2l,macd3l,macd4l,macd5l,macd6l,macd7l,macds,macd1s,macd2s,macd3s,macd4s,macd5s,macd6s,macd7s,stol,sto1l,sto2l,sto3l,sto4l,sto5l,sto6l,sto7l,stos,sto1s,sto2s,sto3s,sto4s,sto5s,sto6s,sto7s,Pred
1.2525000000000001e-05,1.2519375e-05,1.2393125e-05,1.2487499999999999e-05,1.25175e-05,1.252375e-05,1.2535000000000001e-05,1.2505227272727273e-05,56.117268725552734,53.73207067730891,38.52570390267819,52.353802969109246,55.1888137369438,54.62082139191033,53.54239814544129,49.934765242934255,3.019806626980426e-14,-22.2248837462127,4.899301326993992,17.325582419218712,-25.0,19.282489422536873,-18.43918373914005,8.175683606832035,2.4288020980023197e-08,1.6964020848728663e-08,-5.8047818240308215e-09,1.437689749971629e-09,1.0938074013675303e-08,7.805158881982336e-09,6.297086268167279e-09,-2.120746099269267e-09,-1.4485797158024657e-08,-1.1573684346139021e-09,-2.1358525457817626e-08,-1.7674602615195202e-08,5.944605661676874e-10,6.18710271414666e-09,1.1907729615204926e-08,3.916761834505466e-09,-3.8773818138047857e-08,-1.8121389283342565e-08,-1.5553743633786803e-08,-1.9112292365166832e-08,-1.0343613447507615e-08,-1.6180561678356747e-09,5.610643347037647e-09,6.037507933774733e-09,74.84711601693255,33.325348761361894,11.51162637117193,100.0,50.0,57.73019973214464,28.957802898116416,38.16808437923953,74.84711601693252,55.5502325075746,6.612325044177938,82.67441758078128,75.0,38.447710309607764,47.39698663725646,29.9924007724075,0
