p1,p2,p3,p4,p5,p6,p7,p8,rsi,rsi1,rsi2,rsi3,rsi4,rsi5,rsi6,rsi7,sto,sto1,sto2,sto3,sto4,sto5,sto6,sto7,macd,macd1,macd2,macd3,macd4,macd5,macd6,macd7,macdl,macd1l,macd2l,macd3l,macd4l,macd5l,macd6l,macd7l,macds,macd1s,macd2s,macd3s,macd4s,macd5s,macd6s,macd7s,stol,sto1l,sto2l,sto3l,sto4l,sto5l,sto6l,sto7l,stos,sto1s,sto2s,sto3s,sto4s,sto5s,sto6s,sto7s,Pred
1.1426250000000001e-05,1.1536875e-05,1.1511875e-05,1.1504999999999999e-05,1.149125e-05,1.1494375e-05,1.146375e-05,1.14725e-05,43.87761528655631,55.31985767408212,52.358320183700236,50.64131139392071,49.51939792082463,49.829582383170624,46.52389359859853,48.608749767761225,4.739596034228601,-9.662093766908072,9.590422359593015,4.392043983519128,-21.884618511770267,9.6868651229595,-5.039824827763047,6.9137545836830805,-6.612652354745535e-09,1.2130751896973148e-08,1.01007584462031e-08,4.5365193876094434e-09,1.4224861472184926e-09,-1.4775435771626037e-09,-5.10036075881958e-09,-1.8463068100586281e-09,-2.7487133044370517e-08,-4.141318462177015e-09,5.567548656943523e-09,6.9693107281170924e-09,6.876858552636909e-09,3.1877868974324463e-09,-4.190217695233929e-09,-6.969552234618345e-09,-2.0874480689624983e-08,-1.6272070359150163e-08,-4.5332097892595766e-09,2.432791340507649e-09,5.454372405418417e-09,4.66533047459505e-09,9.101430635856515e-10,-5.1232454245597164e-09,60.93182971037793,73.70645650597447,45.07413207345459,41.270251707352614,35.88388575500383,72.33341553412728,35.82286377667145,68.62571272572939,56.19223367614933,83.36855027288254,35.48370971386158,36.878207723833484,57.768504266774094,62.646550411167794,40.862688604434496,61.711958142046306,0
