p1,p2,p3,p4,p5,p6,p7,p8,rsi,rsi1,rsi2,rsi3,rsi4,rsi5,rsi6,rsi7,sto,sto1,sto2,sto3,sto4,sto5,sto6,sto7,macd,macd1,macd2,macd3,macd4,macd5,macd6,macd7,macdl,macd1l,macd2l,macd3l,macd4l,macd5l,macd6l,macd7l,macds,macd1s,macd2s,macd3s,macd4s,macd5s,macd6s,macd7s,stol,sto1l,sto2l,sto3l,sto4l,sto5l,sto6l,sto7l,stos,sto1s,sto2s,sto3s,sto4s,sto5s,sto6s,sto7s,Pred
1.0364375e-05,1.0404375e-05,1.0331875e-05,1.028e-05,1.0219375e-05,1.0214375e-05,1.0238125000000001e-05,1.0247e-05,53.51108238989064,54.23066961505661,50.72415066355941,46.51144048807085,43.40245613165493,44.761626117400496,47.64430229254394,49.19742199763716,2.2923846325620287,-15.585912211308889,3.8546735288230694,-7.526422897861161,9.219232913563367,6.166393183484799,9.61437390295179,-1.4566126083082053e-14,-5.021634091857467e-08,-2.7769895106531383e-08,-2.5738018089665403e-08,-2.6425598604488225e-08,-2.651175454325128e-08,-1.8926845359231906e-08,-5.907291296986591e-09,2.7565406236449147e-09,8.0666389993218e-08,6.82785764643901e-08,4.4274835518289324e-08,1.778663217753542e-08,-8.946450028532064e-09,-2.465342961669578e-08,-2.2206711290424588e-08,-1.2196881052731358e-08,1.3088273091179266e-07,9.604847157092148e-08,7.001285360795472e-08,4.4212230782023645e-08,1.7565304514719217e-08,-5.726584257463877e-09,-1.6299419993437997e-08,-1.4953421676376273e-08,50.233369775780375,43.95031602401053,11.289634346791726,4.736031875211643,33.76015658924477,70.35757829076088,92.8755210851761,61.325536165710666,47.94098514321834,59.53622823531942,7.434960817968656,12.262454773072804,24.54092367568141,64.19118510727608,83.2611471822243,61.32553616571068,0
