p1,p2,p3,p4,p5,p6,p7,p8,rsi,rsi1,rsi2,rsi3,rsi4,rsi5,rsi6,rsi7,sto,sto1,sto2,sto3,sto4,sto5,sto6,sto7,macd,macd1,macd2,macd3,macd4,macd5,macd6,macd7,macdl,macd1l,macd2l,macd3l,macd4l,macd5l,macd6l,macd7l,macds,macd1s,macd2s,macd3s,macd4s,macd5s,macd6s,macd7s,stol,sto1l,sto2l,sto3l,sto4l,sto5l,sto6l,sto7l,stos,sto1s,sto2s,sto3s,sto4s,sto5s,sto6s,sto7s,Pred
1.245e-05,1.2424285714285713e-05,1.2356071428571428e-05,1.2346428571428571e-05,1.2319642857142858e-05,1.2261428571428571e-05,1.22225e-05,1.2252321428571428e-05,42.65287247389107,42.16251804616768,37.855653397223996,44.348587645710154,43.795654123943116,40.17558577664147,41.53487956127732,48.418620791036126,-0.40048179221717006,-4.429590479789472,8.228469626019471,-4.504936239432674,2.589576609466436,-11.075014757958048,10.230918149310002,-2.2224482373068413,-6.259189143019449e-09,-8.687566321485161e-10,-4.6555127711603494e-09,1.0452935223820427e-09,6.680949096939338e-10,-1.3330532058596249e-09,-3.539729389002987e-09,7.865004562663336e-09,-2.861311239920086e-08,-2.731647275200039e-08,-3.637376082864688e-08,-3.25904794559359e-08,-3.221594132741024e-08,-3.1558584307223454e-08,-4.3724504548460064e-08,-1.965547584623711e-08,-2.235392325618141e-08,-2.644771611985187e-08,-3.171824805748653e-08,-3.3635772978317936e-08,-3.288403623710417e-08,-3.0225531101363826e-08,-4.018477515945707e-08,-2.7520480408900445e-08,76.80507084146916,43.32303490730566,44.16178484941795,61.14962832762384,47.33954304964595,35.628930939159154,76.60974787745485,64.8110011038352,77.20555263368634,47.75262538709514,35.93331522339848,65.65456456705651,44.74996644017951,46.703945697117206,66.37882972814485,67.03344934114205,0
