p1,p2,p3,p4,p5,p6,p7,p8,rsi,rsi1,rsi2,rsi3,rsi4,rsi5,rsi6,rsi7,sto,sto1,sto2,sto3,sto4,sto5,sto6,sto7,macd,macd1,macd2,macd3,macd4,macd5,macd6,macd7,macdl,macd1l,macd2l,macd3l,macd4l,macd5l,macd6l,macd7l,macds,macd1s,macd2s,macd3s,macd4s,macd5s,macd6s,macd7s,stol,sto1l,sto2l,sto3l,sto4l,sto5l,sto6l,sto7l,stos,sto1s,sto2s,sto3s,sto4s,sto5s,sto6s,sto7s,Pred
1.1013928571428572e-05,1.0989642857142857e-05,1.1053571428571428e-05,1.10125e-05,1.1125714285714287e-05,1.1100714285714286e-05,1.1273214285714285e-05,1.13e-05,44.827332477314634,45.54895394731019,52.26521764953354,47.59409338096735,57.77700735866336,52.40128054724467,62.93711962899825,55.390244160137634,-1.0150610510858574e-15,0.23158743881258356,-0.23158743881258456,5.091330922318836,-4.016470267978443,12.310567967311071,-8.623523859746642,-0.018941345973791397,-1.7296216412517685e-08,-1.2322323452190658e-08,4.456721805646139e-09,-1.1073892121167687e-09,1.0829808935103856e-08,1.8565790631586013e-09,1.6065032869887166e-08,-3.187574076446362e-10,1.1060311244436491e-08,-1.425605801039383e-08,-9.38526216248721e-10,-9.43289863421783e-10,1.5864343183035296e-08,2.2042781605114925e-08,4.576582440288558e-08,5.9393422627639426e-08,2.8356527656954176e-08,-1.933734558203171e-09,-5.3952480218948605e-09,1.6409934869498556e-10,5.034534247931441e-09,2.0186202541956324e-08,2.970079153299842e-08,5.971218003528406e-08,9.717680570595206,50.55184449373927,63.15447046262595,38.54141251073397,71.7164948644723,32.909275722421015,70.69230559215562,27.09039280745194,9.717680570595206,50.320257054926685,63.386057901438534,33.45008158841513,75.73296513245074,20.598707755109945,79.31582945190226,27.10933415342573,0
