p1,p2,p3,p4,p5,p6,p7,p8,rsi,rsi1,rsi2,rsi3,rsi4,rsi5,rsi6,rsi7,sto,sto1,sto2,sto3,sto4,sto5,sto6,sto7,macd,macd1,macd2,macd3,macd4,macd5,macd6,macd7,macdl,macd1l,macd2l,macd3l,macd4l,macd5l,macd6l,macd7l,macds,macd1s,macd2s,macd3s,macd4s,macd5s,macd6s,macd7s,stol,sto1l,sto2l,sto3l,sto4l,sto5l,sto6l,sto7l,stos,sto1s,sto2s,sto3s,sto4s,sto5s,sto6s,sto7s,Pred
1.2324285714285716e-05,1.2348928571428572e-05,1.2291071428571428e-05,1.2320714285714286e-05,1.2272142857142857e-05,1.2303928571428571e-05,1.2281785714285714e-05,1.2284107142857142e-05,45.62695155484958,49.79520493275212,42.985352156790285,50.17285280020958,44.55814239392206,50.30256987508871,48.337953227339064,47.97223978485927,11.319334246779587,-7.3636824237977825,0.9017126258452713,6.4619697979524435,-4.872092244643154,-8.650404043070015,4.485132403604699,-1.0387306683081534,-5.151290205851901e-09,6.067043085694317e-09,-6.466840866127381e-10,2.5411571938959144e-09,3.7710391243554094e-10,2.8593332265524924e-09,1.7455146827496229e-09,5.86511838468907e-10,-3.288111550662383e-08,-1.8833849894989656e-08,-1.6773523280502533e-08,-1.7993242778675432e-08,-1.1853769305763084e-08,-1.0268613456349509e-08,-6.345917083159612e-09,-4.082313467900842e-09,-2.7729825300771925e-08,-2.4900892980683974e-08,-1.6126839193889793e-08,-2.0534399972571348e-08,-1.2230873218198625e-08,-1.3127946682902001e-08,-8.091431765909235e-09,-4.66882530636975e-09,44.95596237029303,49.370815623920016,15.302598277402899,88.5126288205132,25.70895722083467,59.4325111368607,58.281457867372765,45.3191254523726,33.63662812351345,56.7344980477178,14.400885651557626,82.05065902256075,30.581049465477825,68.08291517993071,53.79632546376807,46.35785612068076,0
