p1,p2,p3,p4,p5,p6,p7,p8,rsi,rsi1,rsi2,rsi3,rsi4,rsi5,rsi6,rsi7,sto,sto1,sto2,sto3,sto4,sto5,sto6,sto7,macd,macd1,macd2,macd3,macd4,macd5,macd6,macd7,macdl,macd1l,macd2l,macd3l,macd4l,macd5l,macd6l,macd7l,macds,macd1s,macd2s,macd3s,macd4s,macd5s,macd6s,macd7s,stol,sto1l,sto2l,sto3l,sto4l,sto5l,sto6l,sto7l,stos,sto1s,sto2s,sto3s,sto4s,sto5s,sto6s,sto7s,Pred
1.1559642857142858e-05,1.15225e-05,1.1409642857142858e-05,1.1278928571428572e-05,1.1260357142857144e-05,1.1160357142857143e-05,1.1336785714285714e-05,1.1383035714285713e-05,40.9713036640012,39.943237378618974,31.860623311849466,31.368989341046237,38.907537865485274,39.19519479135035,54.292194084216575,55.06476053741988,2.9520929510122675,4.794892567695331,1.785572480006708,-9.3166415024572,-1.992740501359091,13.688632561211476,0.5970817245027809,-4.179567672651642,-1.0221445123863452e-08,-4.872320512320969e-09,-1.1443193397664734e-08,-1.4504368289691154e-08,-1.061245750805477e-09,-2.043906536213248e-09,2.812734781379595e-08,1.3129528392919464e-08,-1.9698031142272897e-08,-2.618939732085318e-08,-4.341813648009696e-08,-7.33479851792638e-08,-7.36749904580566e-08,-8.040202747994467e-08,-2.024882674673045e-08,2.1394917283698625e-08,-9.476586018409445e-09,-2.1317076808532212e-08,-3.1974943082432226e-08,-5.8843616889572647e-08,-7.261374470725113e-08,-7.835812094373142e-08,-4.83761745605264e-08,8.265388890779161e-09,24.251008379102988,46.68733737341819,38.645441773490305,52.9249740157084,55.70512049760119,67.50051946354019,84.45820883469999,41.896432958504164,21.298915428090723,41.89244480572286,36.8598692934836,62.2416155181656,57.69786099896028,53.8118869023287,83.86112711019722,46.07600063115581,0
