p1,p2,p3,p4,p5,p6,p7,p8,rsi,rsi1,rsi2,rsi3,rsi4,rsi5,rsi6,rsi7,sto,sto1,sto2,sto3,sto4,sto5,sto6,sto7,macd,macd1,macd2,macd3,macd4,macd5,macd6,macd7,macdl,macd1l,macd2l,macd3l,macd4l,macd5l,macd6l,macd7l,macds,macd1s,macd2s,macd3s,macd4s,macd5s,macd6s,macd7s,stol,sto1l,sto2l,sto3l,sto4l,sto5l,sto6l,sto7l,stos,sto1s,sto2s,sto3s,sto4s,sto5s,sto6s,sto7s,Pred
1.0936071428571428e-05,1.0951071428571429e-05,1.0903214285714285e-05,1.0866071428571429e-05,1.0745714285714285e-05,1.0703928571428571e-05,1.0649642857142857e-05,1.038125e-05,52.38897907314114,54.79075944074236,44.61208659714997,41.744232137211014,35.24526450308696,36.920274177366835,36.03649585813449,24.901406830766923,2.538727363381279,1.2097994632309315,-6.248698357658441,-4.120716681187715,4.026263083422708,0.003734487586384664,3.2010495052668304,3.5273336047192276,3.859632233771971e-09,3.976001031788654e-09,-3.947682725920137e-09,-6.826619802757962e-09,-1.4460293196802809e-08,-5.4077109200704705e-09,-2.7933898839471176e-09,-1.7002921978014676e-08,-1.0252076649029736e-09,6.159448185393934e-09,-8.080218204704873e-10,-1.4420940619368422e-08,-4.4325414928800956e-08,-5.043651770224829e-08,-5.334838955361245e-08,-9.88894651761077e-08,-4.884839898674944e-09,2.1834471536052806e-09,3.13966090544965e-09,-7.59432081661046e-09,-2.986512173199814e-08,-4.502880678217782e-08,-5.0554999669665335e-08,-8.188654319809303e-08,66.54598900575543,62.81675036114369,19.01685794311041,41.89868569087856,57.93392644499214,49.30900401691923,59.249792558882675,28.053971443515113,64.00726164237415,61.60695089791275,25.26555630076885,46.01940237206627,53.907663361569426,49.30526952933285,56.048743053615844,24.526637838795885,0
