p1,p2,p3,p4,p5,p6,p7,p8,rsi,rsi1,rsi2,rsi3,rsi4,rsi5,rsi6,rsi7,sto,sto1,sto2,sto3,sto4,sto5,sto6,sto7,macd,macd1,macd2,macd3,macd4,macd5,macd6,macd7,macdl,macd1l,macd2l,macd3l,macd4l,macd5l,macd6l,macd7l,macds,macd1s,macd2s,macd3s,macd4s,macd5s,macd6s,macd7s,stol,sto1l,sto2l,sto3l,sto4l,sto5l,sto6l,sto7l,stos,sto1s,sto2s,sto3s,sto4s,sto5s,sto6s,sto7s,Pred
9.323571428571428e-06,9.2775e-06,9.428928571428572e-06,9.565714285714287e-06,9.521785714285715e-06,9.415e-06,9.425e-06,9.448392857142857e-06,60.249684140876894,55.92951482898498,61.94886738690587,62.700671410959416,55.268388049141045,47.63752388117295,48.037508307052164,50.95878081829655,-8.062465980805378,14.28571428571429,-7.534629657563541,-4.489334978424932,-1.231965228462183,13.255929864450643,-12.793152714989894,3.9329067090729226,-4.132048961741382e-09,-2.2854656629972815e-08,4.169279037909227e-09,1.1713369127771496e-08,-9.703581083685359e-09,-2.4162408726600578e-08,-1.043247327823607e-08,8.881269981818417e-11,9.749873504817394e-08,4.200194639461083e-08,5.6815598476422345e-08,8.581991993786625e-08,6.262383933550132e-08,1.1770953510541689e-08,-2.3808239427301214e-09,4.752000170002663e-10,1.0163078400991532e-07,6.485660302458365e-08,5.264631943851312e-08,7.410655081009475e-08,7.232742041918669e-08,3.593336223714227e-08,8.05164933550595e-09,3.8638731718208206e-10,2.853852131779283,72.56959506775715,57.52830828255722,46.512680356791435,29.704912768676294,49.94985114076407,32.91471798184449,66.85434822628723,10.91631811258466,58.28388078204286,65.06293794012076,51.00201533521636,30.936877997138478,36.693921276313425,45.707870696834384,62.921441517214305,0
