p1,p2,p3,p4,p5,p6,p7,p8,rsi,rsi1,rsi2,rsi3,rsi4,rsi5,rsi6,rsi7,sto,sto1,sto2,sto3,sto4,sto5,sto6,sto7,macd,macd1,macd2,macd3,macd4,macd5,macd6,macd7,macdl,macd1l,macd2l,macd3l,macd4l,macd5l,macd6l,macd7l,macds,macd1s,macd2s,macd3s,macd4s,macd5s,macd6s,macd7s,stol,sto1l,sto2l,sto3l,sto4l,sto5l,sto6l,sto7l,stos,sto1s,sto2s,sto3s,sto4s,sto5s,sto6s,sto7s,Pred
9.310714285714285e-06,9.364285714285713e-06,9.422142857142857e-06,9.461071428571428e-06,9.46e-06,9.526428571428571e-06,9.498571428571429e-06,9.515535714285715e-06,47.57617192982894,55.639916765164614,59.09157983294803,57.82063331835752,58.139981385550904,60.44457504776492,55.33272937066179,53.52822544735734,-2.4786771497301174,5.917640200237028,5.0320821242217715,-3.7165577351288808,4.761904761904755,-12.501417776280494,12.501417776280505,-3.2067382020800492,-6.92766871079023e-09,1.4172790298325357e-09,8.28703996217012e-09,4.792885138527859e-09,-2.7301552041016174e-09,3.744164503089712e-09,-5.700975374697585e-09,-3.951013926509614e-09,6.596567667769926e-09,6.919534322261112e-09,2.579410112183526e-08,3.706364328904361e-08,2.6292559821752267e-08,3.700664145958389e-08,2.2572115126710013e-08,1.4691822547839367e-08,1.3524236378560155e-08,5.502255292428576e-09,1.750706115966514e-08,3.227075815051575e-08,2.9022715025853884e-08,3.326247695649417e-08,2.82730905014076e-08,1.864283647434898e-08,31.921855162678163,83.28549643756406,58.242536616993675,32.70403032962404,75.85596316127952,22.388856681067576,57.142857142857146,32.97330207233545,34.40053231240828,77.36785623732705,53.2104544927719,36.42058806475292,71.09405839937476,34.89027445734807,44.641439366576634,36.1800402744155,0
