p1,p2,p3,p4,p5,p6,p7,p8,rsi,rsi1,rsi2,rsi3,rsi4,rsi5,rsi6,rsi7,sto,sto1,sto2,sto3,sto4,sto5,sto6,sto7,macd,macd1,macd2,macd3,macd4,macd5,macd6,macd7,macdl,macd1l,macd2l,macd3l,macd4l,macd5l,macd6l,macd7l,macds,macd1s,macd2s,macd3s,macd4s,macd5s,macd6s,macd7s,stol,sto1l,sto2l,sto3l,sto4l,sto5l,sto6l,sto7l,stos,sto1s,sto2s,sto3s,sto4s,sto5s,sto6s,sto7s,Pred
1.2191071428571429e-05,1.2123928571428571e-05,1.204642857142857e-05,1.1990714285714286e-05,1.2040714285714286e-05,1.2287142857142858e-05,1.2378214285714285e-05,1.245e-05,44.51297422942972,41.70500282458586,39.12354855767761,37.50949598222336,47.234598910406476,64.2640005856242,67.24018165511279,63.63140974812758,-8.755091733060796,1.7989743447715474,6.426384577948091,-13.550205136093739,13.218228110803254,-2.1595250966515023,-0.8826463209392672,-3.4411073163748553,-2.5916435030491795e-08,-1.7959870154952066e-08,-9.834776358209155e-09,-3.590200410448172e-09,7.351554896752295e-09,4.018438436850874e-08,2.314406432143881e-08,-2.4639566577222694e-10,-5.924933650546168e-09,-3.883632650901741e-08,-5.132865533144448e-08,-5.60101727687232e-08,-4.614085789391959e-08,4.110184968504683e-08,7.292256191135784e-08,7.592601381043802e-08,1.999150137994563e-08,-2.0876456354065345e-08,-4.149387897323532e-08,-5.241997235827503e-08,-5.3492412790671884e-08,9.174653165380896e-10,4.977849758991903e-08,7.617240947621024e-08,25.077683697491015,39.58189201636666,44.825540116405094,21.38918085454688,95.57762271085991,54.9405262183628,66.90566992237072,21.805495917408138,33.83277543055181,37.782917671595115,38.399155538457,34.939385990640616,82.35939460005666,57.100051315014305,67.78831624330999,25.24660323378299,0
