p1,p2,p3,p4,p5,p6,p7,p8,rsi,rsi1,rsi2,rsi3,rsi4,rsi5,rsi6,rsi7,sto,sto1,sto2,sto3,sto4,sto5,sto6,sto7,macd,macd1,macd2,macd3,macd4,macd5,macd6,macd7,macdl,macd1l,macd2l,macd3l,macd4l,macd5l,macd6l,macd7l,macds,macd1s,macd2s,macd3s,macd4s,macd5s,macd6s,macd7s,stol,sto1l,sto2l,sto3l,sto4l,sto5l,sto6l,sto7l,stos,sto1s,sto2s,sto3s,sto4s,sto5s,sto6s,sto7s,Pred
1.1627857142857143e-05,1.1697142857142856e-05,1.17625e-05,1.1755357142857143e-05,1.1714999999999999e-05,1.1752857142857143e-05,1.1815714285714285e-05,1.1885892857142857e-05,48.57081273893135,56.027460999287214,64.01292607440647,54.84213798714676,49.360323406566906,53.66410843381571,58.85704867469332,60.851654363391084,1.501146764564196,1.3804250646503031,-4.845561277491023,-1.5670385498933719,6.412599827384376,-14.2857142857143,1.3667436259807053,-0.6833718129903689,9.706232352276555e-09,1.2838852032664038e-08,1.3143903468160828e-08,2.3484947644538706e-09,-7.564729920226096e-09,-1.6743297173447086e-09,5.378601487607067e-09,4.3843875437799765e-09,-1.9287707847303766e-08,4.141922816486796e-09,2.6245912672069352e-08,2.90326613244344e-08,1.3141887660476657e-08,9.488540648061532e-09,2.159383493054638e-08,3.682599853397162e-08,-2.899394019958032e-08,-8.696929216177241e-09,1.3102009203908524e-08,2.668416655998053e-08,2.0706617580702752e-08,1.116287036540624e-08,1.6215233442939314e-08,3.244161099019165e-08,65.12411485649876,65.53327109158438,80.27987607183093,38.844022759242435,43.298451034734825,56.778908309807065,63.90190765618391,40.670588606799214,63.622968091934574,64.15284602693407,85.12543734932194,40.4110613091358,36.88585120735045,71.06462259552137,62.5351640302032,41.35396041978958,0
