p1,p2,p3,p4,p5,p6,p7,p8,rsi,rsi1,rsi2,rsi3,rsi4,rsi5,rsi6,rsi7,sto,sto1,sto2,sto3,sto4,sto5,sto6,sto7,macd,macd1,macd2,macd3,macd4,macd5,macd6,macd7,macdl,macd1l,macd2l,macd3l,macd4l,macd5l,macd6l,macd7l,macds,macd1s,macd2s,macd3s,macd4s,macd5s,macd6s,macd7s,stol,sto1l,sto2l,sto3l,sto4l,sto5l,sto6l,sto7l,stos,sto1s,sto2s,sto3s,sto4s,sto5s,sto6s,sto7s,Pred
1.3060714285714286e-05,1.3035000000000001e-05,1.3068928571428571e-05,1.3168214285714285e-05,1.3258214285714286e-05,1.3304642857142856e-05,1.3344642857142857e-05,1.3274107142857143e-05,47.85296277498124,45.99675004850078,51.19350890050924,61.623048482985936,65.64855949293832,62.77145903240019,62.52961980381934,49.5727681366554,-1.242090625775211,13.585477723732403,0.7002365619818859,-2.1517395341004653,-7.372069989709066,6.648569378448969,-10.849100176015073,5.8751732081395565,-7.474701235018307e-09,-9.392918057139905e-09,4.592217698876445e-10,1.1823330939338302e-08,1.3387905026176023e-08,4.092512954118061e-09,1.129280048500366e-09,-1.2992258799288267e-08,1.5644995604423524e-08,-2.9912959031117047e-09,9.32277782122034e-11,2.3724307915183527e-08,5.020223861120948e-08,5.4062058029942274e-08,5.641613057820124e-08,1.6881871150306255e-08,2.311969683944183e-08,6.4016221540282e-09,-3.6599399167544103e-10,1.1900976975845224e-08,3.681433358503345e-08,4.996954507582421e-08,5.528685052970088e-08,2.987412994959452e-08,33.15624926756553,60.423643616253315,74.28283033840405,80.6812520230055,60.98567444463545,55.535772231669824,36.60352179899603,40.00000284072618,34.39833989334073,46.83816589252091,73.58259377642216,82.83299155710597,68.35774443434451,48.887202853220856,47.4526219750111,34.124829632586625,0
