p1,p2,p3,p4,p5,p6,p7,p8,rsi,rsi1,rsi2,rsi3,rsi4,rsi5,rsi6,rsi7,sto,sto1,sto2,sto3,sto4,sto5,sto6,sto7,macd,macd1,macd2,macd3,macd4,macd5,macd6,macd7,macdl,macd1l,macd2l,macd3l,macd4l,macd5l,macd6l,macd7l,macds,macd1s,macd2s,macd3s,macd4s,macd5s,macd6s,macd7s,stol,sto1l,sto2l,sto3l,sto4l,sto5l,sto6l,sto7l,stos,sto1s,sto2s,sto3s,sto4s,sto5s,sto6s,sto7s,Pred
9.145000000000001e-06,9.151875e-06,9.143125e-06,9.2075e-06,9.20125e-06,9.214999999999999e-06,9.2575e-06,9.255e-06,42.33086433986856,44.85009563051448,43.896944092862455,54.95322102271351,53.179472323456,54.74486900150347,61.56505974252158,55.35589500444178,12.152188172487548,-2.290105311231068,-11.772424136543258,19.286023468260744,-17.873403818962604,10.964877723537331,6.9085260954252945,-8.713374360145666,-1.3065172177095134e-08,-6.95411518164878e-09,-3.4089642868961136e-09,4.70307835415937e-09,7.372498489164608e-09,5.215667934262923e-09,7.0919498069155695e-09,1.991003336213463e-09,-9.709208763419398e-09,-1.2750435133842635e-08,-1.3679055853402543e-08,-4.729575829425207e-09,5.526832183790605e-09,9.181223005808128e-09,1.7189545616073004e-08,1.9931608691900117e-08,3.355963413675737e-09,-5.796319952193856e-09,-1.027009156650643e-08,-9.432654183584577e-09,-1.8456663053740026e-09,3.965555071545205e-09,1.0097595809157434e-08,1.7940605355686652e-08,48.05005573271157,71.16139608875012,34.47420158589634,100.0,24.543218616955834,70.88229644607787,99.99999999999996,16.558800287435623,35.89786756022402,73.4515013999812,46.246625722439596,80.71397653173926,42.41662243591844,59.917418722540546,93.09147390457466,25.27217464758129,0
