p1,p2,p3,p4,p5,p6,p7,p8,rsi,rsi1,rsi2,rsi3,rsi4,rsi5,rsi6,rsi7,sto,sto1,sto2,sto3,sto4,sto5,sto6,sto7,macd,macd1,macd2,macd3,macd4,macd5,macd6,macd7,macdl,macd1l,macd2l,macd3l,macd4l,macd5l,macd6l,macd7l,macds,macd1s,macd2s,macd3s,macd4s,macd5s,macd6s,macd7s,stol,sto1l,sto2l,sto3l,sto4l,sto5l,sto6l,sto7l,stos,sto1s,sto2s,sto3s,sto4s,sto5s,sto6s,sto7s,Pred
1.4745714285714286e-05,1.4859642857142857e-05,1.4575357142857143e-05,1.4495714285714285e-05,1.464392857142857e-05,1.4781785714285714e-05,1.4848214285714286e-05,1.4704642857142858e-05,51.34298217465038,54.44276645682416,41.643245553335056,41.344616537296574,52.13457795992714,59.221531487736605,57.11141461721388,46.58505955236867,13.704511715401232,-13.704511715401233,8.019073589716916,5.334083327303872,-4.317198754275464,5.249756122968952,-10.844615311069605,4.908038160905676,-9.290264127776009e-08,-3.5200752644264766e-08,-5.033010656812642e-08,-3.260202899691489e-08,1.273572753409017e-08,2.7426567558987825e-08,1.645663301651082e-08,-1.9288830657626388e-08,1.25933746773716e-07,8.300413497304793e-08,8.216323644764601e-10,-6.195572792459935e-08,-2.7938764201535413e-08,2.7980470853183334e-08,6.321365453697633e-08,8.023929936510596e-09,2.188363880514761e-07,1.1820488761731271e-07,5.115173893260288e-08,-2.9353698927684452e-08,-4.067449173562558e-08,5.539032941955072e-10,4.675702152046551e-08,2.7312760594136984e-08,57.938421956544644,36.65959691038837,18.932401635861943,68.43135437072237,84.3634002344239,75.06148055304865,31.24518092111529,41.724430656847055,44.23391024114341,50.364108625789605,10.913328046145029,63.0972710434185,88.68059898869937,69.81172443007969,42.089796232184895,36.81639249594138,0
