p1,p2,p3,p4,p5,p6,p7,p8,rsi,rsi1,rsi2,rsi3,rsi4,rsi5,rsi6,rsi7,sto,sto1,sto2,sto3,sto4,sto5,sto6,sto7,macd,macd1,macd2,macd3,macd4,macd5,macd6,macd7,macdl,macd1l,macd2l,macd3l,macd4l,macd5l,macd6l,macd7l,macds,macd1s,macd2s,macd3s,macd4s,macd5s,macd6s,macd7s,stol,sto1l,sto2l,sto3l,sto4l,sto5l,sto6l,sto7l,stos,sto1s,sto2s,sto3s,sto4s,sto5s,sto6s,sto7s,Pred
2.0125714285714287e-05,1.9838928571428573e-05,1.9581785714285715e-05,1.9630714285714286e-05,1.952357142857143e-05,1.9473928571428572e-05,1.9412857142857142e-05,1.9611071428571427e-05,54.4055575285868,45.177182792091386,38.20579758475261,46.74397112897224,44.58214626826595,43.51000315584228,44.156887043007494,51.59857720474872,-2.889475579669847,1.0412117561526433,-11.35098375607294,2.6528313887331376,-2.652831388733035,3.460916546365552,10.824797739348842,-5.8225559471479835,1.4298368539417596e-08,-4.669698402960758e-08,-6.024659241845521e-08,-1.3772210443818541e-08,-5.726607728060718e-09,1.26196603131279e-09,7.103936425395586e-10,1.8421504536759807e-08,1.5857756376584898e-07,6.919403276972559e-08,-5.0647323039291976e-08,-6.437145481972629e-08,-7.348057963796265e-08,-6.689035870162026e-08,-7.210160892259744e-08,1.423116721744171e-08,1.4427919522643137e-07,1.1589101679933317e-07,9.599269379163231e-09,-5.0599244375907756e-08,-6.775397190990194e-08,-6.815232473293305e-08,-7.2812002565137e-08,-4.1903373193181e-09,55.99693562239656,23.320549564241915,10.441263869915206,51.77255949178308,51.46132545887187,36.83540223158386,57.142857142857146,41.08310978561772,58.88641120206641,22.279337808089274,21.792247625988146,49.119728103049944,54.1141568476049,33.37448568521831,46.3180594035083,46.905665732765705,0
