p1,p2,p3,p4,p5,p6,p7,p8,rsi,rsi1,rsi2,rsi3,rsi4,rsi5,rsi6,rsi7,sto,sto1,sto2,sto3,sto4,sto5,sto6,sto7,macd,macd1,macd2,macd3,macd4,macd5,macd6,macd7,macdl,macd1l,macd2l,macd3l,macd4l,macd5l,macd6l,macd7l,macds,macd1s,macd2s,macd3s,macd4s,macd5s,macd6s,macd7s,stol,sto1l,sto2l,sto3l,sto4l,sto5l,sto6l,sto7l,stos,sto1s,sto2s,sto3s,sto4s,sto5s,sto6s,sto7s,Pred
1.3212857142857144e-05,1.32775e-05,1.3242857142857144e-05,1.3285357142857142e-05,1.3319285714285714e-05,1.3330357142857142e-05,1.3355e-05,1.3330178571428572e-05,49.97024366245791,58.35618671693195,50.21468859823286,58.0477892842084,57.74625475082973,55.158536647279824,57.328411976512015,50.399545811608384,14.28571428571428,-9.523809523809517,-4.761904761904752,4.7619047619047645,-1.514704067213525,6.97202452227466,0.8487902061938735,-1.774464792286828,4.77280206024956e-09,1.123025196354247e-08,-2.9640516854551627e-10,1.5592620884981385e-09,4.1628653984110265e-09,-4.662749098397666e-10,1.0036749630234685e-09,-4.420599019713879e-09,-8.960748207870585e-09,1.3799132245278422e-08,1.1333673702242084e-08,1.0792918512303332e-08,2.1174859558880972e-08,1.8935879491503265e-08,2.083488634506942e-08,8.595723750365372e-09,-1.3733550268120145e-08,2.568880281735951e-09,1.1630078870787601e-08,9.233656423805194e-09,1.7011994160469947e-08,1.940215440134303e-08,1.9831211382045954e-08,1.3016322770079252e-08,70.13596615952957,63.31972824234576,16.363953906601637,65.87439238823471,40.47451119020125,47.12344626466094,62.39340721552403,33.61481016025226,55.850251873815296,72.84353776615528,21.12585866850639,61.112487626329944,41.98921525741478,40.151421742386276,61.54461700933016,35.38927495253909,0
