p1,p2,p3,p4,p5,p6,p7,p8,rsi,rsi1,rsi2,rsi3,rsi4,rsi5,rsi6,rsi7,sto,sto1,sto2,sto3,sto4,sto5,sto6,sto7,macd,macd1,macd2,macd3,macd4,macd5,macd6,macd7,macdl,macd1l,macd2l,macd3l,macd4l,macd5l,macd6l,macd7l,macds,macd1s,macd2s,macd3s,macd4s,macd5s,macd6s,macd7s,stol,sto1l,sto2l,sto3l,sto4l,sto5l,sto6l,sto7l,stos,sto1s,sto2s,sto3s,sto4s,sto5s,sto6s,sto7s,Pred
1.3024285714285714e-05,1.29175e-05,1.27825e-05,1.2706785714285714e-05,1.2702142857142858e-05,1.2694642857142858e-05,1.2652857142857142e-05,1.2642142857142857e-05,44.96652206210473,35.72846842732328,28.96315197175604,30.1738292520042,33.91782810243434,37.385504574402816,32.87196691217138,40.42660548982496,-14.285714285714286,12.734051689800829,-6.8826720673367925,6.127416296941116,-0.9889128191702048,3.2958311854792948,-1.650501301642549,0.8252506508212792,3.0113054028440573e-09,-1.0999001818112723e-08,-1.5144747150775805e-08,-1.1561560597772442e-08,6.522747821812412e-09,9.652450002208568e-09,4.157562765026752e-09,4.8724902041422075e-09,-6.9699177455200584e-09,-3.3273393219297365e-08,-5.479139023761279e-08,-8.273838213668183e-08,-6.393196291776605e-08,-4.511826248042795e-08,-3.804518624479427e-08,-2.7719922872387477e-08,-9.981223148364116e-09,-2.2274391401184642e-08,-3.9646643086836984e-08,-7.117682153890939e-08,-7.045471073957846e-08,-5.4770712482636517e-08,-4.220274900982102e-08,-3.2592413076529686e-08,41.66606617081227,64.31277694782028,35.02100411125444,89.36043266273938,60.32514052283389,61.92843416049609,30.901812057641365,57.09582626150749,55.951780456526556,51.57872525801945,41.90367617859123,83.23301636579826,61.3140533420041,58.63260297501679,32.552313359283914,56.27057561068621,0
