p1,p2,p3,p4,p5,p6,p7,p8,rsi,rsi1,rsi2,rsi3,rsi4,rsi5,rsi6,rsi7,sto,sto1,sto2,sto3,sto4,sto5,sto6,sto7,macd,macd1,macd2,macd3,macd4,macd5,macd6,macd7,macdl,macd1l,macd2l,macd3l,macd4l,macd5l,macd6l,macd7l,macds,macd1s,macd2s,macd3s,macd4s,macd5s,macd6s,macd7s,stol,sto1l,sto2l,sto3l,sto4l,sto5l,sto6l,sto7l,stos,sto1s,sto2s,sto3s,sto4s,sto5s,sto6s,sto7s,Pred
1.6012857142857144e-05,1.6074285714285715e-05,1.617464285714286e-05,1.6224642857142857e-05,1.620785714285714e-05,1.6248571428571427e-05,1.6273214285714286e-05,1.6385e-05,48.45689131041989,53.68249308305551,56.07132538154579,57.970540619860216,53.37154643150861,55.83596920874912,55.16766017082971,58.829035131228025,-3.7793563120585003,13.464004851438274,-13.46400485143828,6.01378632613259,-3.4801173482381818,8.102752830193763,-10.08800293547818,0.9368753831055953,-1.1006630508198245e-08,-6.310786136536888e-09,1.1125852792024021e-08,5.040334315528678e-09,-4.097832837984935e-09,-3.2204026796403192e-09,4.967911359818376e-11,3.9036313058389535e-09,2.9763543446147193e-08,5.46756774863419e-09,3.997030006955254e-08,4.223363498260641e-08,3.656279946785059e-08,2.7765382508248535e-08,3.226636354310879e-08,4.5685850514074726e-08,4.0770173954345437e-08,1.1778353885171077e-08,2.8844447277528516e-08,3.719330066707773e-08,4.0660632305835524e-08,3.098578518788885e-08,3.22166844295106e-08,4.178221920823577e-08,2.6737437552045553,83.24915741145769,42.857142857142854,57.59485488251107,23.077226932887942,66.6683424207454,34.204918080892455,48.260273062970334,6.453100067263056,69.78515256001941,56.32114770858114,51.58106855637848,26.557344281126127,58.56558959055163,44.292921016370634,47.32339767986474,0
