p1,p2,p3,p4,p5,p6,p7,p8,rsi,rsi1,rsi2,rsi3,rsi4,rsi5,rsi6,rsi7,sto,sto1,sto2,sto3,sto4,sto5,sto6,sto7,macd,macd1,macd2,macd3,macd4,macd5,macd6,macd7,macdl,macd1l,macd2l,macd3l,macd4l,macd5l,macd6l,macd7l,macds,macd1s,macd2s,macd3s,macd4s,macd5s,macd6s,macd7s,stol,sto1l,sto2l,sto3l,sto4l,sto5l,sto6l,sto7l,stos,sto1s,sto2s,sto3s,sto4s,sto5s,sto6s,sto7s,Pred
1.0114166666666667e-05,1.0090833333333333e-05,1.0104999999999999e-05,1.00875e-05,1.0090833333333333e-05,1.0094999999999999e-05,1.01075e-05,1.02071875e-05,47.93020125140226,44.31606711675451,47.97826408806188,43.21854411810473,46.406781528202934,48.495481859915536,51.59490722923609,63.58571165021384,11.375702175062997,-1.5172001817379386,-24.233607969871414,-7.582525181724028,20.613202064135187,7.788596094480212,4.931535174717932,-11.564001224554385,8.742429677195115e-09,5.5769558978218375e-09,6.858207481848865e-09,2.9092715337178574e-09,1.9198180874485863e-09,2.474077271003874e-09,4.2891198356971734e-09,1.36918923216282e-08,-1.945732841129695e-08,-1.7759144254672407e-08,-1.1240722298650382e-08,-1.1920106198949965e-08,-1.1503802684719244e-08,-9.34658643339909e-09,-4.770240876685574e-09,2.0680581855677594e-08,-2.8199758088492066e-08,-2.3336100152494243e-08,-1.8098929780499246e-08,-1.4829377732667822e-08,-1.342362077216783e-08,-1.1820663704402964e-08,-9.059360712382748e-09,6.9886895340493936e-09,100.0,62.11506612145291,55.95790210484816,0.0,80.9198030962028,85.20539447584622,100.0,54.23733108807959,88.624297824937,63.63226630319085,80.19151007471957,7.582525181724028,60.306601032067604,77.41679838136601,95.06846482528208,65.80133231263399,0
