p1,p2,p3,p4,p5,p6,p7,p8,rsi,rsi1,rsi2,rsi3,rsi4,rsi5,rsi6,rsi7,sto,sto1,sto2,sto3,sto4,sto5,sto6,sto7,macd,macd1,macd2,macd3,macd4,macd5,macd6,macd7,macdl,macd1l,macd2l,macd3l,macd4l,macd5l,macd6l,macd7l,macds,macd1s,macd2s,macd3s,macd4s,macd5s,macd6s,macd7s,stol,sto1l,sto2l,sto3l,sto4l,sto5l,sto6l,sto7l,stos,sto1s,sto2s,sto3s,sto4s,sto5s,sto6s,sto7s,Pred
8.9475e-06,8.928333333333334e-06,8.87e-06,8.848333333333333e-06,8.82e-06,8.7875e-06,8.810833333333332e-06,8.9028125e-06,60.465945845414225,53.7362073527876,44.536718093501314,43.40355366634149,42.46393820183435,39.98030347099717,44.20289080811496,57.67410073301545,25.17294873549709,-20.99315895940068,-10.78796695504884,24.649160193408196,-8.692332214103779,-14.388790064804088,31.76529541883297,-12.338148649571192,-6.228620075299456e-09,-6.808262773080911e-09,-1.3439276729323024e-08,-1.799777383573592e-08,-1.5355377603415745e-08,-1.3613105679792553e-08,-7.91188444499201e-09,9.362914389053788e-09,3.456736325958306e-08,2.9651801093424213e-08,1.493988497648376e-08,-2.8436087039716265e-09,-1.2223721956169086e-08,-2.113157544926498e-08,-2.3271595390880967e-08,1.2514058586996639e-09,4.079598333488252e-08,3.6460063866505123e-08,2.8379161705806784e-08,1.5154165131764294e-08,3.131655647246659e-09,-7.518469769472425e-09,-1.5359710945888958e-08,-8.111508530354124e-09,71.92231017844384,19.706074246793957,2.4138382911849915e-14,52.56154333629518,42.87299813256264,4.704113743501027,66.66666666666673,75.48555405128643,46.749361442946736,40.699233206194634,10.787966955048866,27.912383142886988,51.56533034666642,19.092903808305117,34.90137124783376,87.82370270085762,0
