p1,p2,p3,p4,p5,p6,p7,p8,rsi,rsi1,rsi2,rsi3,rsi4,rsi5,rsi6,rsi7,sto,sto1,sto2,sto3,sto4,sto5,sto6,sto7,macd,macd1,macd2,macd3,macd4,macd5,macd6,macd7,macdl,macd1l,macd2l,macd3l,macd4l,macd5l,macd6l,macd7l,macds,macd1s,macd2s,macd3s,macd4s,macd5s,macd6s,macd7s,stol,sto1l,sto2l,sto3l,sto4l,sto5l,sto6l,sto7l,stos,sto1s,sto2s,sto3s,sto4s,sto5s,sto6s,sto7s,Pred
8.626666666666667e-06,8.606666666666668e-06,8.593333333333333e-06,8.57e-06,8.565e-06,8.550833333333333e-06,8.549166666666666e-06,8.555416666666666e-06,67.68778361094667,60.78327009000662,57.568359425780656,52.2936769852648,50.26095638951435,49.753011685746934,49.798588478694235,51.23647135685269,2.4773736761407883,-25.56551628375424,-2.960594732333751e-15,15.905597618870834,-2.9838588316521375,9.367552922885288,-0.1939114105141447,0.06342096131622081,1.711285876356908e-08,9.907374024074978e-09,1.1797083195756365e-09,-6.951855100775684e-09,-9.483990888188737e-09,-9.49652543390732e-09,-7.426484998847105e-09,-3.4440426929007353e-09,4.024599815905441e-08,4.281376579690239e-08,3.712809044717079e-08,2.5508815211387846e-08,1.6397869458300335e-08,8.894200484642212e-09,4.846418946057845e-09,3.6804726401583757e-09,2.3133139395485332e-08,3.2906391772827414e-08,3.594838212759515e-08,3.246067031216353e-08,2.5881860346489072e-08,1.839072591854953e-08,1.227290394490495e-08,7.124515333059111e-09,53.393097702525615,2.520933730486086e-14,4.540328860038346,23.858396428306225,43.513309294719264,50.68731218296791,50.365673947363334,61.53305889377799,50.91572402638483,25.565516283754263,4.540328860038349,7.952798809435394,46.4971681263714,41.31975926008262,50.55958535787748,61.469637932461765,0
