p1,p2,p3,p4,p5,p6,p7,p8,rsi,rsi1,rsi2,rsi3,rsi4,rsi5,rsi6,rsi7,sto,sto1,sto2,sto3,sto4,sto5,sto6,sto7,macd,macd1,macd2,macd3,macd4,macd5,macd6,macd7,macdl,macd1l,macd2l,macd3l,macd4l,macd5l,macd6l,macd7l,macds,macd1s,macd2s,macd3s,macd4s,macd5s,macd6s,macd7s,stol,sto1l,sto2l,sto3l,sto4l,sto5l,sto6l,sto7l,stos,sto1s,sto2s,sto3s,sto4s,sto5s,sto6s,sto7s,Pred
8.776666666666667e-06,8.784166666666668e-06,8.800833333333334e-06,8.775e-06,8.7725e-06,8.795e-06,8.7975e-06,8.788333333333334e-06,43.900282702416845,45.194476072660954,52.2825679512913,45.635853311168425,45.684576941246924,52.02826957654961,52.02826957654962,49.077916381605085,-32.91811578509042,22.22222222222221,11.111111111111109,-10.03521738038846,-1.457400049172443,11.492617429560894,-22.222222222222225,-3.552713678800501e-15,2.728437020934541e-10,1.8014844220499811e-10,4.4900811691689464e-09,1.944852405566766e-09,2.4016432473711384e-10,3.3394503930078797e-09,4.1240712635446365e-09,1.5981328029088979e-09,-1.4510843103935543e-08,-1.4691041776252102e-08,-8.13749468751896e-09,-8.423314463086188e-09,-9.479951492563513e-09,-4.784645994841784e-09,-9.524363832522472e-10,-7.280317391755684e-10,-1.4783686806028997e-08,-1.48711902184571e-08,-1.2627575856687906e-08,-1.0368166868652954e-08,-9.720115817300627e-09,-8.124096387849665e-09,-5.076507646796884e-09,-2.3261645420844663e-09,18.407591158861404,33.333333333333336,100.0,41.139102388174564,45.83223637764571,100.0,66.66666666666667,33.333333333333336,51.32570694395182,11.111111111111121,88.88888888888889,51.174319768563024,47.28963642681815,88.5073825704391,88.88888888888889,33.333333333333336,0
