p1,p2,p3,p4,p5,p6,p7,p8,rsi,rsi1,rsi2,rsi3,rsi4,rsi5,rsi6,rsi7,sto,sto1,sto2,sto3,sto4,sto5,sto6,sto7,macd,macd1,macd2,macd3,macd4,macd5,macd6,macd7,macdl,macd1l,macd2l,macd3l,macd4l,macd5l,macd6l,macd7l,macds,macd1s,macd2s,macd3s,macd4s,macd5s,macd6s,macd7s,stol,sto1l,sto2l,sto3l,sto4l,sto5l,sto6l,sto7l,stos,sto1s,sto2s,sto3s,sto4s,sto5s,sto6s,sto7s,Pred
1.0185833333333335e-05,1.0171666666666666e-05,1.0055000000000001e-05,1.007e-05,1.004e-05,1.0023333333333334e-05,1.0046666666666666e-05,1.0027916666666666e-05,46.45726499216155,45.42880316451467,28.229584271514245,37.37403708999772,34.7189097483423,34.77375889592867,41.87270870786109,41.06990140086399,-30.673915786698068,-1.960893994783518,-0.698523551851777,28.263458436117116,-6.661795728642166,-11.111935277943479,12.962638870667996,-0.39548805383212954,2.150292340641431e-09,3.6898657536831373e-10,-1.2824459363068418e-08,-1.3506005851102625e-08,-1.051116313407775e-08,-6.588299673768951e-09,-4.5927096536246834e-10,1.8374499670642342e-09,-1.0367042191464339e-10,-1.051969527495013e-09,-1.994855329461739e-08,-3.171446661314013e-08,-3.7323550272863756e-08,-3.912348323799416e-08,-3.51505377067242e-08,-3.141975204373588e-08,-2.2539627625560744e-09,-1.4209561028633267e-09,-7.124093931548973e-09,-1.8208460762037503e-08,-2.6812387138786004e-08,-3.253518356422521e-08,-3.469126674136173e-08,-3.325720201080011e-08,15.956505279811637,12.064078970853513,0.0,85.1539037784194,53.63675280761309,49.06792447763061,85.1785494502993,57.862641718455706,46.630421066509705,14.024972965637032,0.698523551851777,56.89044534230229,60.29854853625526,60.17985975557409,72.21591057963131,58.25812977228783,0
