p1,p2,p3,p4,p5,p6,p7,p8,rsi,rsi1,rsi2,rsi3,rsi4,rsi5,rsi6,rsi7,sto,sto1,sto2,sto3,sto4,sto5,sto6,sto7,macd,macd1,macd2,macd3,macd4,macd5,macd6,macd7,macdl,macd1l,macd2l,macd3l,macd4l,macd5l,macd6l,macd7l,macds,macd1s,macd2s,macd3s,macd4s,macd5s,macd6s,macd7s,stol,sto1l,sto2l,sto3l,sto4l,sto5l,sto6l,sto7l,stos,sto1s,sto2s,sto3s,sto4s,sto5s,sto6s,sto7s,Pred
7116.15875,7120.17375,7150.3375,7155.34875,7203.77625,7195.57,7176.893750000001,7166.5375,27.437765799763625,31.780691884919193,39.086767208792764,42.82044627561368,53.53605630387028,50.45018662646022,46.31225849021453,44.568820703893934,39.75665750276814,-9.89147864016639,10.598019580035725,0.9172249791926745,1.8605067186995043,-23.59090255336442,-24.030934082933506,5.338672674660923,-8.747440024363652,-4.187338301915812,2.4402985343707435,6.532825913655319,12.805673824159978,13.957100457624271,10.966934719510023,6.5252400338168925,-50.89141049732052,-49.0883052091981,-41.943620531164015,-35.16894002964318,-23.249878645761783,-15.072215709943976,-12.123435745940242,-10.76079407801194,-42.143970472956866,-44.90096690728228,-44.383919065534755,-41.7017659432985,-36.055552469921764,-29.029316167568247,-23.090370465450263,-17.286034111828833,89.54718208671542,59.87274616621627,95.83340245316171,94.41847984390148,100.0,56.81701250734341,3.567245045553127,10.90018704530534,49.790524583947274,69.76422480638266,85.23538287312599,93.5012548647088,98.1394932813005,80.40791506070784,27.598179128486635,5.561514370644418,1
