p1,p2,p3,p4,p5,p6,p7,p8,rsi,rsi1,rsi2,rsi3,rsi4,rsi5,rsi6,rsi7,sto,sto1,sto2,sto3,sto4,sto5,sto6,sto7,macd,macd1,macd2,macd3,macd4,macd5,macd6,macd7,macdl,macd1l,macd2l,macd3l,macd4l,macd5l,macd6l,macd7l,macds,macd1s,macd2s,macd3s,macd4s,macd5s,macd6s,macd7s,stol,sto1l,sto2l,sto3l,sto4l,sto5l,sto6l,sto7l,stos,sto1s,sto2s,sto3s,sto4s,sto5s,sto6s,sto7s,Pred
6680.5375,6627.7654999999995,6643.1305,6628.9645,6623.195,6594.7605,6599.9664999999995,6593.831428571429,45.099135762981795,33.91510019403618,45.01665380801166,41.517397746322516,43.54925369810162,37.80950851208913,43.64806675604393,45.383389330991506,-19.991758166730538,4.511093464427142,1.412279538369006,-0.5859288278466955,3.5558645819118686,-0.13165408515893873,-7.792520662078329,13.593475707411375,-2.887529320973071,-7.674764602462877,-2.464475926644495,-0.213758671511253,0.2315016848529698,-1.3147986379079222,0.06994647673670613,1.4569387932190685,-2.6990367103657262,-15.282921864764466,-16.4623870436144,-14.575657241605768,-14.68082848333761,-16.13011285520806,-16.146749308706422,-14.098969836529509,0.18849261060734485,-7.60815726230159,-13.997911116969904,-14.361898570094516,-14.912330168190579,-14.815314217300141,-16.21669578544313,-15.555908629748577,34.709051343211506,36.285912847836514,77.77011900838848,35.211361014115596,69.7398183375335,26.814035266565718,57.363885596862545,76.97558260039165,54.70080950994204,31.774819383409373,76.35783947001947,35.7972898419623,66.18395375562164,26.94568935172466,65.15640625894088,63.38210689298027,1
