p1,p2,p3,p4,p5,p6,p7,p8,rsi,rsi1,rsi2,rsi3,rsi4,rsi5,rsi6,rsi7,sto,sto1,sto2,sto3,sto4,sto5,sto6,sto7,macd,macd1,macd2,macd3,macd4,macd5,macd6,macd7,macdl,macd1l,macd2l,macd3l,macd4l,macd5l,macd6l,macd7l,macds,macd1s,macd2s,macd3s,macd4s,macd5s,macd6s,macd7s,stol,sto1l,sto2l,sto3l,sto4l,sto5l,sto6l,sto7l,stos,sto1s,sto2s,sto3s,sto4s,sto5s,sto6s,sto7s,Pred
6890.679375,6877.95,6826.8075,6805.391875,6800.76125,6834.991875000001,6851.69875,6864.170625,38.29105685490491,38.90045701345607,34.48773745881625,33.75980590993797,37.68772770843532,46.52605716052568,49.846154808711916,53.264383558504036,16.70677556288794,-0.1743499421263408,6.5517150935511905,-17.9307304723676,19.145961935805847,-2.11466231212847,-15.763807520461762,12.66213530285784,2.2037817121965197,4.613122600139754,0.40241588330252753,-0.8731382625128941,0.28302836990900637,7.645363693138576,10.511347289594376,9.627119552751296,-42.41403691613209,-35.91962031878643,-37.98773544313917,-39.50551582603043,-39.29087890693336,-26.795931026186736,-14.035974347791353,-4.956609238209694,-44.61781862832861,-40.53274291892618,-38.390151326441696,-38.63237756351754,-39.57390727684236,-34.44129471932531,-24.54732163738573,-14.58372879096099,87.56016334433191,50.80603373867118,46.87152881067627,31.244773105921784,73.94905826662666,91.55412959686798,63.46586806599731,87.76016464909738,70.85338778144397,50.98038368079752,40.31981371712508,49.17550357828938,54.80309633082082,93.66879190899644,79.22967558645908,75.09802934623954,1
