p1,p2,p3,p4,p5,p6,p7,p8,rsi,rsi1,rsi2,rsi3,rsi4,rsi5,rsi6,rsi7,sto,sto1,sto2,sto3,sto4,sto5,sto6,sto7,macd,macd1,macd2,macd3,macd4,macd5,macd6,macd7,macdl,macd1l,macd2l,macd3l,macd4l,macd5l,macd6l,macd7l,macds,macd1s,macd2s,macd3s,macd4s,macd5s,macd6s,macd7s,stol,sto1l,sto2l,sto3l,sto4l,sto5l,sto6l,sto7l,stos,sto1s,sto2s,sto3s,sto4s,sto5s,sto6s,sto7s,Pred
6093.426666666666,6039.088333333333,5962.694166666667,5995.652499999999,5982.15,5995.729166666666,6016.9675,5955.4400000000005,47.303729363740146,39.31729213046812,32.89576085918562,40.29890812118995,41.352744979443756,44.135574466699346,48.28000694591183,41.02011547676209,-0.6398204008437407,5.921189464667501e-16,8.682010324495419,15.290753542392949,9.360569466444938,-1.6604604124083835,-0.6822369241601886,0.7808991121894908,-0.37771259639240046,-6.7023034294666575,-15.538586002722939,-9.555936625927442,-4.271371047377902,1.2642021827106902,6.925469190061494,0.9683735353347147,-8.260837685407447,-17.728863637880142,-36.686093545277195,-39.76930047794334,-39.165544918749525,-33.950236053145396,-24.330818228995668,-25.884109422528937,-7.883125089015047,-11.026560208413485,-21.147507542554255,-30.213363852015895,-34.89417387137162,-35.214438235856086,-31.256287419057163,-26.85248295786365,14.473704697403228,5.465627700937024,18.00435048592121,85.95914580033256,79.60451908792386,75.0282060510676,89.41197686901846,25.080063837733977,15.113525098246969,5.465627700937024,9.322340161425794,70.66839225793962,70.24394962147892,76.68866646347598,90.09421379317864,24.299164725544486,1
