p1,p2,p3,p4,p5,p6,p7,p8,rsi,rsi1,rsi2,rsi3,rsi4,rsi5,rsi6,rsi7,sto,sto1,sto2,sto3,sto4,sto5,sto6,sto7,macd,macd1,macd2,macd3,macd4,macd5,macd6,macd7,macdl,macd1l,macd2l,macd3l,macd4l,macd5l,macd6l,macd7l,macds,macd1s,macd2s,macd3s,macd4s,macd5s,macd6s,macd7s,stol,sto1l,sto2l,sto3l,sto4l,sto5l,sto6l,sto7l,stos,sto1s,sto2s,sto3s,sto4s,sto5s,sto6s,sto7s,Pred
9642.66625,9625.47375,9628.510416666668,9611.490416666667,9642.15625,9645.84625,9649.705,9652.341041666667,49.266981751798276,41.31237016712112,45.308694237822756,37.48161841722751,58.28720548539475,55.93195236198549,56.44364284413736,55.96897567889398,-12.982852587681124,14.62833223522043,-12.374175790586271,2.1842820886200873,11.944125625617884,-3.1620143654293518,-10.341782578807353,2.0280287148229714,-0.12510699695822025,-2.0158849110855592,-0.08053680848274543,-1.3273913277562026,2.8504036167315987,3.5243450366804656,1.2191662228790277,0.007357478616277742,-1.3739300871538944,-5.323401712618154,-4.695664727661703,-7.09109985013644,-2.464367605777928,4.7376731154120835,5.265573233616124,4.120528860972627,-1.2488230901956743,-3.3075168015325955,-4.615127919178957,-5.763708522380237,-5.314771222509527,1.213328078731618,4.046407010737096,4.113171382356349,25.093766912033804,28.253650263138336,39.86918878286407,24.126904786603692,99.1476924766163,31.07881313648497,53.366205943948856,54.703501735946375,38.07661949971493,13.625318027917908,52.24336457345034,21.942622697983605,87.20356685099841,34.240827501914325,63.70798852275621,52.6754730211234,1
