p1,p2,p3,p4,p5,p6,p7,p8,rsi,rsi1,rsi2,rsi3,rsi4,rsi5,rsi6,rsi7,sto,sto1,sto2,sto3,sto4,sto5,sto6,sto7,macd,macd1,macd2,macd3,macd4,macd5,macd6,macd7,macdl,macd1l,macd2l,macd3l,macd4l,macd5l,macd6l,macd7l,macds,macd1s,macd2s,macd3s,macd4s,macd5s,macd6s,macd7s,stol,sto1l,sto2l,sto3l,sto4l,sto5l,sto6l,sto7l,stos,sto1s,sto2s,sto3s,sto4s,sto5s,sto6s,sto7s,Pred
8688.956666666667,8690.065,8673.14,8651.701666666666,8630.434166666668,8615.64,8617.851666666667,8617.19875,41.27797962661686,42.738635303773634,35.55269054845238,32.91271341597119,28.836097759942337,28.73776975570214,33.18907754845989,36.90789396121602,-26.39309524180732,10.301255901002781,-17.241493992528806,30.77921942806241,-27.820197702921494,19.26320049708129,2.9786936587609367,6.099313089262624,0.08278614016284876,-0.20822315837580815,-1.6457449437111435,-4.016485179565576,-5.314984931266805,-5.844786719789278,-3.550296983919715,-1.0498386524184298,-1.2597595083910467,-1.6862558520830742,-3.891240083616746,-8.826847717617056,-13.61775645741242,-18.59003138486878,-19.5497182554415,-18.886536872963006,-1.3425456485538956,-1.4780326937072659,-2.2454951399056027,-4.81036253805148,-8.302771526145616,-12.745244665079502,-15.999421271521785,-17.836698220544577,10.41035713728903,49.52582020972354,0.0,62.62441905947423,25.72903191036502,38.584806695849934,80.66761614945601,62.701287594593765,36.80345237909635,39.22456430872076,17.241493992528806,31.84519963141182,53.54922961328651,19.321606198768645,77.68892249069506,56.601974505331135,1
