p1,p2,p3,p4,p5,p6,p7,p8,rsi,rsi1,rsi2,rsi3,rsi4,rsi5,rsi6,rsi7,sto,sto1,sto2,sto3,sto4,sto5,sto6,sto7,macd,macd1,macd2,macd3,macd4,macd5,macd6,macd7,macdl,macd1l,macd2l,macd3l,macd4l,macd5l,macd6l,macd7l,macds,macd1s,macd2s,macd3s,macd4s,macd5s,macd6s,macd7s,stol,sto1l,sto2l,sto3l,sto4l,sto5l,sto6l,sto7l,stos,sto1s,sto2s,sto3s,sto4s,sto5s,sto6s,sto7s,Pred
8246.4005,8235.54,8209.210500000001,8203.7975,8182.8315,8173.2595,8196.4555,8204.847142857143,47.68587521095074,44.95198440828728,37.43409708726486,42.9256110021063,38.08104911213503,38.93543327478286,47.765510640589696,53.04284052027679,-19.215343917376607,0.004738950673206688,2.745991676071278,8.789430259833393,-9.518088575339481,17.693581495392195,-20.000000000000018,14.285714285714255,3.191323048420567,2.4564332109333393,-1.1841033099466032,-0.8059815411481512,-0.993952219084622,-1.198966785966557,3.741666788721294,4.205279671372093,-13.310844643812379,-10.070519386072192,-13.40654844990313,-14.817427576345654,-15.516147872385773,-17.783772698523173,-10.314853876433336,-4.367095608712199,-16.502167692232945,-12.52695259700553,-12.222445139956527,-14.011446035197503,-14.52219565330115,-16.584805912556615,-14.056520665154629,-8.572375280084293,57.71176927988089,24.08880522617862,17.868282395702337,79.56569352799585,13.858076078191637,53.2869139884314,57.959594857293766,84.25454426576572,76.9271131972575,24.084066275505418,15.122290719631058,70.77626326816245,23.37616465353112,35.593332493039206,77.95959485729378,69.96882998005145,1
