p1,p2,p3,p4,p5,p6,p7,p8,rsi,rsi1,rsi2,rsi3,rsi4,rsi5,rsi6,rsi7,sto,sto1,sto2,sto3,sto4,sto5,sto6,sto7,macd,macd1,macd2,macd3,macd4,macd5,macd6,macd7,macdl,macd1l,macd2l,macd3l,macd4l,macd5l,macd6l,macd7l,macds,macd1s,macd2s,macd3s,macd4s,macd5s,macd6s,macd7s,stol,sto1l,sto2l,sto3l,sto4l,sto5l,sto6l,sto7l,stos,sto1s,sto2s,sto3s,sto4s,sto5s,sto6s,sto7s,Pred
7513.5575,7498.8375,7485.645,7478.355,7484.64375,7484.86625,7472.50375,7484.8555,43.15320905711415,32.2591626220037,30.212728970022756,27.049416413790304,37.000228598489294,37.83347471832407,32.095283978528215,44.47694527264694,-6.961058428417477,-9.705608238249182,14.723748560580352,-8.627256564048604,42.401255527179345,-9.413355958300265,-39.084391565410755,19.275226564230085,-0.2851038591375079,-1.5944892388384326,-3.3661059323360303,-3.947478712728037,-2.984870769658206,-1.648105328450705,-1.7156890902698123,0.34726769990233597,-2.6530945338045058,-4.4828701382211875,-7.827509161881608,-10.287538872909408,-11.008752441329307,-10.627899233358221,-11.507046343967886,-9.965521935708784,-2.3679906746669976,-2.8883808993827547,-4.461403229545578,-6.3400601601813715,-8.0238816716711,-8.979793904907517,-9.791357253698074,-10.31278963561112,14.55841235737378,0.0,26.52707376538358,15.012432569948958,97.7466212855666,83.62658734811617,0.0,90.26662460836035,21.519470785791256,9.705608238249182,11.803325204803228,23.639689133997564,55.34536575838726,93.03994330641643,39.084391565410755,70.99139804413026,1
