p1,p2,p3,p4,p5,p6,p7,p8,rsi,rsi1,rsi2,rsi3,rsi4,rsi5,rsi6,rsi7,sto,sto1,sto2,sto3,sto4,sto5,sto6,sto7,macd,macd1,macd2,macd3,macd4,macd5,macd6,macd7,macdl,macd1l,macd2l,macd3l,macd4l,macd5l,macd6l,macd7l,macds,macd1s,macd2s,macd3s,macd4s,macd5s,macd6s,macd7s,stol,sto1l,sto2l,sto3l,sto4l,sto5l,sto6l,sto7l,stos,sto1s,sto2s,sto3s,sto4s,sto5s,sto6s,sto7s,Pred
7426.0633333333335,7399.12,7400.175,7402.71,7398.099166666667,7398.385833333333,7392.580833333333,7393.078055555556,35.56300543647789,27.34642241116721,30.68000958342581,34.48119771806152,35.029479881418006,38.47543009371557,38.342538430779605,42.07122179929888,-13.444340100355362,-5.089029541549665,28.542472815084277,1.4210854715202004e-14,-8.416401929690528,-10.74819557368828,0.7137633108468128,6.150278064177365,0.9249275204365297,-1.1069489293990256,-1.284655856984158,0.6378821733609167,1.4606714520784436,2.0692379360765503,1.720050552170317,1.993407613676608,-16.499365258774258,-18.660498825272345,-20.01338561206042,-18.13448351468075,-16.336038195455938,-14.305858239131945,-13.276310294272056,-9.954597992535128,-17.424292779210788,-17.55354989587332,-18.728729755076266,-18.772365688041663,-17.79670964753438,-16.375096175208498,-14.996360846442373,-11.948005606211735,20.64413804808612,7.186290777373617,79.92105129917147,100.0,52.63061727163818,55.434706254072175,34.42778770860731,61.75328186370879,34.08847814844148,12.275320318923281,51.37857848408719,99.99999999999999,61.0470192013287,66.18290182776046,33.7140243977605,55.60300379953143,1
