p1,p2,p3,p4,p5,p6,p7,p8,rsi,rsi1,rsi2,rsi3,rsi4,rsi5,rsi6,rsi7,sto,sto1,sto2,sto3,sto4,sto5,sto6,sto7,macd,macd1,macd2,macd3,macd4,macd5,macd6,macd7,macdl,macd1l,macd2l,macd3l,macd4l,macd5l,macd6l,macd7l,macds,macd1s,macd2s,macd3s,macd4s,macd5s,macd6s,macd7s,stol,sto1l,sto2l,sto3l,sto4l,sto5l,sto6l,sto7l,stos,sto1s,sto2s,sto3s,sto4s,sto5s,sto6s,sto7s,Pred
10224.92,10034.146874999999,10036.1375,9935.601875,9913.104374999999,9924.373125,9908.208125,9878.4990625,41.63165251894182,23.680773386855677,35.16915712781878,28.952462303681518,31.370645391345082,36.35300779779216,37.42657014244561,37.856848905969215,-19.633970877185416,20.526728590507524,-12.193395257174195,-0.8679923956824626,16.262355516873512,-13.18395059658865,3.136617279544174,5.6598184312600335,-2.2603492654498663,-21.277691650565316,-19.43266186986392,-17.80222721130641,-11.616345368828615,1.0303795584455422,6.205700310008872,5.892397629286327,-2.3703225774283965,-33.50912422885631,-54.63847136511504,-70.48986801188812,-79.16707160305396,-70.09687333077181,-60.07777299892632,-52.0210836903384,-0.1099733119785303,-12.231432578290992,-35.20580949525112,-52.68764080058171,-67.55072623422534,-71.12725288921736,-66.28347330893519,-57.91348131962473,13.437299572155885,37.276281865845405,72.13685439999031,11.198011406476311,81.88430513825962,70.59569112447865,61.98199048216631,64.52015035376522,33.0712704493413,16.74955327533788,84.3302496571645,12.066003802158775,65.62194962138611,83.77964172106729,58.845373202622135,58.86033192250518,1
