p1,p2,p3,p4,p5,p6,p7,p8,rsi,rsi1,rsi2,rsi3,rsi4,rsi5,rsi6,rsi7,sto,sto1,sto2,sto3,sto4,sto5,sto6,sto7,macd,macd1,macd2,macd3,macd4,macd5,macd6,macd7,macdl,macd1l,macd2l,macd3l,macd4l,macd5l,macd6l,macd7l,macds,macd1s,macd2s,macd3s,macd4s,macd5s,macd6s,macd7s,stol,sto1l,sto2l,sto3l,sto4l,sto5l,sto6l,sto7l,stos,sto1s,sto2s,sto3s,sto4s,sto5s,sto6s,sto7s,Pred
10355.039166666667,10247.363333333333,10215.532500000001,10237.334166666667,10246.484999999999,10219.303333333333,10171.519166666667,10161.59111111111,34.096591059219335,26.210619660244564,29.385891100768344,36.450081666579145,39.792713031393404,37.3933953559643,33.52131740534912,36.13311081628935,10.781654606909273,4.5129921531835295,10.653781255303386,1.65125801070018,-9.929507651087846,-5.732774329400286,-1.433599429841717,6.7094598692859355,-12.719253966564285,-20.212424425718563,-21.277547219085815,-12.317851934634108,-2.314368174875123,0.21422710268238157,-1.4304866407938401,0.9888689054192683,-13.308814088547782,-33.59164800364791,-50.954881810791754,-54.09203514787138,-48.0240863223947,-45.738146998437514,-47.73974416881659,-45.58068965653648,-0.5895601219834962,-13.379223577929347,-29.677334591705936,-41.77418321323727,-45.709718147519574,-45.952374101119894,-46.30925752802275,-46.569558561955745,16.279958707211957,23.049446936987252,70.73877256680434,91.50700583599266,76.61274435936092,26.669814268590887,15.863183720497972,57.147065228227376,5.498304100302682,18.536454783803723,60.08499131150096,89.85574782529247,86.54225201044876,32.40258859799117,17.29678315033969,50.43760535894144,1
