p1,p2,p3,p4,p5,p6,p7,p8,rsi,rsi1,rsi2,rsi3,rsi4,rsi5,rsi6,rsi7,sto,sto1,sto2,sto3,sto4,sto5,sto6,sto7,macd,macd1,macd2,macd3,macd4,macd5,macd6,macd7,macdl,macd1l,macd2l,macd3l,macd4l,macd5l,macd6l,macd7l,macds,macd1s,macd2s,macd3s,macd4s,macd5s,macd6s,macd7s,stol,sto1l,sto2l,sto3l,sto4l,sto5l,sto6l,sto7l,stos,sto1s,sto2s,sto3s,sto4s,sto5s,sto6s,sto7s,Pred
9336.264166666668,9285.6225,9266.506666666666,9276.6175,9275.816666666668,9280.520833333334,9280.963333333333,9248.378,45.585493147149826,28.292750754920917,28.062926149457876,38.43564370247161,39.72062238490995,43.084288609181186,43.63243737449938,37.40745215919658,-24.057399006655533,-5.371278823176734,14.043211936976773,19.290121396356522,-11.715155891322178,11.715155891322118,-26.10302622848686,7.074496761057909,3.5142541951117168,-1.779124022271055,-5.332512231399481,-2.7280878674806517,0.6550604645995458,2.2387418010324125,3.5600343350609123,0.21712763825673828,-11.737218493022738,-16.627473555596833,-23.775825187408675,-24.27123605964516,-20.928625120997822,-18.162093505688972,-14.311051024846165,-15.665025052147758,-15.251472688134454,-14.848349533325777,-18.443312956009194,-21.54314819216451,-21.58368558559737,-20.400835306721383,-17.871085359907077,-15.882152690404496,49.44716980286349,0.0,37.048249093894405,100.0,67.46396260456929,78.33270090216317,46.210369577256174,46.19191937448585,73.50456880951903,5.371278823176734,23.00503715691763,80.70987860364349,79.17911849589147,66.61754501084106,72.31339580574303,39.11742261342794,1
