p1,p2,p3,p4,p5,p6,p7,p8,rsi,rsi1,rsi2,rsi3,rsi4,rsi5,rsi6,rsi7,sto,sto1,sto2,sto3,sto4,sto5,sto6,sto7,macd,macd1,macd2,macd3,macd4,macd5,macd6,macd7,macdl,macd1l,macd2l,macd3l,macd4l,macd5l,macd6l,macd7l,macds,macd1s,macd2s,macd3s,macd4s,macd5s,macd6s,macd7s,stol,sto1l,sto2l,sto3l,sto4l,sto5l,sto6l,sto7l,stos,sto1s,sto2s,sto3s,sto4s,sto5s,sto6s,sto7s,Pred
6790.27125,6785.8949999999995,6780.19125,6790.32,6796.8675,6792.928749999999,6825.48875,6852.3935,37.623822130577025,37.73789206125798,36.186430550992014,43.2645811258605,46.18293897648341,45.314212619614054,59.42731372386068,63.746413427042576,-11.720894050862753,1.9959457285726678,-32.377584612379835,41.056300020476755,-1.359178392119361,-11.437380118763006,13.842791425075404,-17.941802736358895,-0.776841618072762,0.6500382927134645,1.4383668708840514,2.550660896299986,4.1026390038379095,4.273204643880235,6.776610218427649,9.890711391811152,-21.891364968411835,-20.352060746296956,-18.860176840785698,-16.70934800706209,-13.254905301227609,-10.9387263993317,-5.513259141424442,6.080883921634268,-21.114523350339073,-21.00209903901042,-20.29854371166975,-19.260008903362078,-17.357544305065517,-15.211931043211933,-12.28986935985209,-3.8098274701768844,82.41865892370589,70.82515503312985,23.69240119599041,96.86130125742073,92.78376608106268,68.13347600757095,100.0,62.346024473991825,94.13955297456864,68.82920930455718,56.06998580837025,55.80500123694398,94.14294447318204,79.57085612633395,86.1572085749246,80.28782721035071,1
