p1,p2,p3,p4,p5,p6,p7,p8,rsi,rsi1,rsi2,rsi3,rsi4,rsi5,rsi6,rsi7,sto,sto1,sto2,sto3,sto4,sto5,sto6,sto7,macd,macd1,macd2,macd3,macd4,macd5,macd6,macd7,macdl,macd1l,macd2l,macd3l,macd4l,macd5l,macd6l,macd7l,macds,macd1s,macd2s,macd3s,macd4s,macd5s,macd6s,macd7s,stol,sto1l,sto2l,sto3l,sto4l,sto5l,sto6l,sto7l,stos,sto1s,sto2s,sto3s,sto4s,sto5s,sto6s,sto7s,Pred
9393.880000000001,9363.125,9346.464166666667,9363.975,9381.766666666666,9368.9175,9366.269166666667,9346.414166666667,35.39975474779778,30.423034667242003,32.726527063030844,40.40497882351624,46.109875698685514,42.2156890184609,42.74429313085276,40.03964633785666,1.7603462066302944,11.67606140668672,11.11458618249064,4.779292215236613,-3.429379425815403,-23.163406337336752,-5.117707140646267,11.089217947910395,-2.3167485260216254,-4.983641035607365,-5.69318139218252,-2.0359768439061434,2.772852755091101,2.885244199851567,2.576775802369548,0.04358022360312121,-11.750520766478681,-17.471201955201952,-22.52197540437616,-21.48828086036762,-15.629913287409485,-13.228611123200002,-11.400696580677808,-13.177549907264417,-9.433772240457056,-12.48756091959459,-16.82879401219364,-19.452304016461476,-18.402766042500584,-16.113855323051567,-13.977472383047356,-13.22113013086754,12.618697766959448,25.393748505929533,65.17084748859348,88.82738111355066,92.4766689026328,11.385851957373493,33.53037180213956,48.8865814498302,10.858351560329153,13.717687099242815,54.05626130610284,84.04808889831403,95.9060483284482,34.54925829471025,38.64807894278583,37.79736350191981,1
