p1,p2,p3,p4,p5,p6,p7,p8,rsi,rsi1,rsi2,rsi3,rsi4,rsi5,rsi6,rsi7,sto,sto1,sto2,sto3,sto4,sto5,sto6,sto7,macd,macd1,macd2,macd3,macd4,macd5,macd6,macd7,macdl,macd1l,macd2l,macd3l,macd4l,macd5l,macd6l,macd7l,macds,macd1s,macd2s,macd3s,macd4s,macd5s,macd6s,macd7s,stol,sto1l,sto2l,sto3l,sto4l,sto5l,sto6l,sto7l,stos,sto1s,sto2s,sto3s,sto4s,sto5s,sto6s,sto7s,Pred
6703.9175000000005,6693.759166666667,6681.8525,6670.070833333333,6686.5841666666665,6690.380833333334,6700.721666666667,6700.30625,43.49617207719421,42.0393515296996,38.1757030319123,38.546066870359326,45.47281172180718,46.34551713676312,51.80585479132562,51.04691648479795,0.5646982168328224,-0.7194521505700825,-4.926587228341969,20.257977110798198,7.289172178991056,-5.759615668895026,5.251552853178119,0.1501720867718479,4.569469218224805,1.6467865133423638,-0.6555321457518533,-2.0888678772943234,-0.01245023640227938,1.4502581350270818,2.849833001141268,2.7917408527922687,-3.3099345952520403,-4.335545638786243,-6.5071938448251485,-9.299229952915994,-7.833223547547884,-5.58386425874384,-2.4434959217648307,-0.03420382550575596,-7.879403813476845,-5.982332152128607,-5.851661699073295,-7.21036207562167,-7.820773311145604,-7.034122393770922,-5.293328922906099,-2.8259446782980246,22.830853471008055,12.040855906026554,5.892735334272022,44.94723573427128,88.5341832036399,85.40336034262636,87.0099947564893,66.17878038994797,22.266155254175235,12.760308056596635,10.81932256261399,24.689258623473087,81.24501102464885,91.16297601152138,81.7584419033112,66.02860830317613,1
