p1,p2,p3,p4,p5,p6,p7,p8,rsi,rsi1,rsi2,rsi3,rsi4,rsi5,rsi6,rsi7,sto,sto1,sto2,sto3,sto4,sto5,sto6,sto7,macd,macd1,macd2,macd3,macd4,macd5,macd6,macd7,macdl,macd1l,macd2l,macd3l,macd4l,macd5l,macd6l,macd7l,macds,macd1s,macd2s,macd3s,macd4s,macd5s,macd6s,macd7s,stol,sto1l,sto2l,sto3l,sto4l,sto5l,sto6l,sto7l,stos,sto1s,sto2s,sto3s,sto4s,sto5s,sto6s,sto7s,Pred
6814.4375,6801.2525,6788.4575,6793.235,6796.705,6795.7275,6793.42,6812.099,49.18049641176398,43.16281206362012,39.45402791993238,43.08288057564453,45.746711901972716,45.89432072205088,44.74758152082149,53.73985695419195,39.09241436330812,-39.78588234440605,-2.6008033341740013,17.34934378142454,23.182497051228765,-7.598091989266177,-28.636631928193818,9.054400857879237,-0.19688072541829582,0.004815971048729661,-1.6320481452473992,-1.076707590771341,-0.3507649828940469,0.3442859524085917,0.6258059452443883,2.8457607518356203,-6.57235130241861,-6.232281738416077,-8.566873412055884,-8.606493733692787,-8.20903681455411,-7.428247118950367,-6.815545352343179,-2.778576259953115,-6.375470577000314,-6.237097709464807,-6.934825266808485,-7.529786142921446,-7.858271831660064,-7.772533071358959,-7.441351297587567,-5.624337011788736,100.0,30.64235296678192,11.41997148212998,56.146429491135635,94.43546546222001,71.64118949442158,26.70056113710607,87.08826039801396,60.90758563669188,70.42823531118796,14.020774816303982,38.7970857097111,71.25296841099126,79.23928148368776,55.337193065299886,78.03385954013473,1
