p1,p2,p3,p4,p5,p6,p7,p8,rsi,rsi1,rsi2,rsi3,rsi4,rsi5,rsi6,rsi7,sto,sto1,sto2,sto3,sto4,sto5,sto6,sto7,macd,macd1,macd2,macd3,macd4,macd5,macd6,macd7,macdl,macd1l,macd2l,macd3l,macd4l,macd5l,macd6l,macd7l,macds,macd1s,macd2s,macd3s,macd4s,macd5s,macd6s,macd7s,stol,sto1l,sto2l,sto3l,sto4l,sto5l,sto6l,sto7l,stos,sto1s,sto2s,sto3s,sto4s,sto5s,sto6s,sto7s,Pred
6833.3125,6843.717500000001,6849.8075,6855.594999999999,6865.487500000001,6868.0275,6850.8012499999995,6872.344999999999,36.16113529634937,42.165309746471436,45.34228225885164,47.31224507900216,50.44902165665733,52.29013539878985,45.42148969520879,54.8634274484455,21.166724733192698,19.888446496590284,2.099834173760513,1.3763971572641225,-0.4423412819686092,-26.459931893485233,-21.206536527741026,25.00000000000001,-3.3386814323333605,-1.5702096327250814,0.7616368679804957,2.349990975398584,3.7848941514703807,4.65408975069189,3.102487378576604,3.6315707235475685,-17.799373066138287,-17.111235348065748,-14.64436331142133,-12.063652932269179,-8.885565271768883,-5.75075012284924,-5.51594715655574,-2.7825775385877023,-14.460691633804927,-15.541025715340666,-15.406000179401826,-14.413643907667762,-12.670459423239263,-10.40483987354113,-8.618434535132344,-6.414148262135271,37.11619781336995,83.89773511651075,90.19723763779228,94.32642910958464,96.4997026318394,56.809804791611555,0.0,75.48208561314077,15.949473080177256,64.00928861992045,88.09740346403177,92.95003195232053,96.94204391380802,83.26973668509679,21.206536527741026,50.482085613140754,1
