p1,p2,p3,p4,p5,p6,p7,p8,rsi,rsi1,rsi2,rsi3,rsi4,rsi5,rsi6,rsi7,sto,sto1,sto2,sto3,sto4,sto5,sto6,sto7,macd,macd1,macd2,macd3,macd4,macd5,macd6,macd7,macdl,macd1l,macd2l,macd3l,macd4l,macd5l,macd6l,macd7l,macds,macd1s,macd2s,macd3s,macd4s,macd5s,macd6s,macd7s,stol,sto1l,sto2l,sto3l,sto4l,sto5l,sto6l,sto7l,stos,sto1s,sto2s,sto3s,sto4s,sto5s,sto6s,sto7s,Pred
5362.699166666666,5367.8516666666665,5371.305,5380.025833333333,5379.038333333334,5384.065833333333,5386.110833333333,5384.06125,48.76982423280447,53.89270220181608,57.93131664654896,64.83931889954243,61.93982939189053,64.92097845572512,63.43190643231305,59.15192365139869,29.005073197485135,-12.970653011144272,17.298913146992508,-20.834906058593763,0.2095801713535496,2.8831014493656917,3.819965954491932,-10.823621730132466,-0.6872551862498063,0.17474122678465123,0.6388726604269586,1.7007706453544689,1.4158191629765384,1.262992645166628,1.014317620216706,0.3870784395354716,-1.5491177280015715,-0.7334525055524258,0.05544631710563408,2.184543063171683,3.055795870270837,3.863707801918887,4.429426945076557,4.361049061751601,-0.8618625417517652,-0.908193732337077,-0.5834263433213245,0.48377241781721453,1.6399767072942986,2.6007151567522593,3.415109324859851,3.973970622216129,53.68188625912207,73.17666316043037,70.70089880864133,68.74764091210933,34.9907488211816,73.38666334318816,42.36226386548175,13.797942059406399,24.67681306163693,86.14731617157464,53.401985661648816,89.58254697070309,34.78116864982805,70.50356189382248,38.54229791098982,24.621563789538865,-1
