p1,p2,p3,p4,p5,p6,p7,p8,rsi,rsi1,rsi2,rsi3,rsi4,rsi5,rsi6,rsi7,sto,sto1,sto2,sto3,sto4,sto5,sto6,sto7,macd,macd1,macd2,macd3,macd4,macd5,macd6,macd7,macdl,macd1l,macd2l,macd3l,macd4l,macd5l,macd6l,macd7l,macds,macd1s,macd2s,macd3s,macd4s,macd5s,macd6s,macd7s,stol,sto1l,sto2l,sto3l,sto4l,sto5l,sto6l,sto7l,stos,sto1s,sto2s,sto3s,sto4s,sto5s,sto6s,sto7s,Pred
4960.69625,4961.835,4945.9400000000005,4929.907499999999,4924.280000000001,4934.19125,4962.8,4977.036071428572,38.03944570877334,39.64333131836562,34.59200613929906,28.487527663117913,33.49949604292006,39.88068868245083,51.35579077086262,56.366082395515036,-10.168533452742704,9.704618887460374,-26.315777964784452,-3.9888049361998963,45.83894719836016,0.48171095130246755,-0.8294122150875936,-2.417672163289178,-1.8293347757750098,-1.6653274874418287,-2.293905138740975,-3.863860473556893,-3.963634003392806,-2.1041415555158034,2.4220301594904994,5.753386486790176,-9.980406348667202,-10.65761450767286,-12.311283190576432,-15.568929706896597,-17.756467963079103,-17.308325436250016,-12.05238011787469,-2.9989788613485353,-8.151071572892192,-8.992287020231032,-10.017378051835458,-11.705069233339703,-13.792833959686298,-15.204183880734213,-14.474410277365191,-8.75236534813871,30.89994602028593,56.53160005087085,11.966414808599671,0.0,87.51684159508052,88.96197444898792,93.23686890186258,94.0427117135522,41.06847947302863,46.82698116341048,38.282192773384125,3.9888049361998963,41.677894396720355,88.48026349768546,94.06628111695017,96.46038387684138,-1
