p1,p2,p3,p4,p5,p6,p7,p8,rsi,rsi1,rsi2,rsi3,rsi4,rsi5,rsi6,rsi7,sto,sto1,sto2,sto3,sto4,sto5,sto6,sto7,macd,macd1,macd2,macd3,macd4,macd5,macd6,macd7,macdl,macd1l,macd2l,macd3l,macd4l,macd5l,macd6l,macd7l,macds,macd1s,macd2s,macd3s,macd4s,macd5s,macd6s,macd7s,stol,sto1l,sto2l,sto3l,sto4l,sto5l,sto6l,sto7l,stos,sto1s,sto2s,sto3s,sto4s,sto5s,sto6s,sto7s,Pred
5214.70625,5199.5625,5207.055625,5205.283125,5210.73,5204.52375,5214.5325,5212.8009999999995,34.16719664069308,25.530311404020942,41.39450835740545,40.70141301871867,47.25716028481503,41.94116805958869,54.233579155672246,51.15705419611217,-16.74228629574579,-2.1455835661349933,23.217503186335215,-21.06052443706662,4.558596955238164,6.457971404968199,8.306522315826697,-4.97142558965492,-0.5568096076634292,-1.1674081288407319,0.1891557712308285,1.3928717376846573,2.0050170643968306,1.0624448972054623,1.8179963648494375,1.112032124324295,-8.86100958248062,-10.250863830685375,-9.543549596017783,-7.126359495677889,-4.738304046473104,-4.238442213342978,-2.083687455947711,-0.1597379143976468,-8.304199974817191,-9.083455701844644,-9.732705367248611,-8.519231233362547,-6.7433211108699345,-5.30088711054844,-3.9016838207971487,-1.271770038721942,54.09427119773244,5.347490440994354,100.0,28.338681522115767,70.0946690984819,27.479461848374235,97.39384935844973,38.69382711895337,70.83655749347822,7.493074007129348,76.78249681366479,49.39920595918238,65.53607214324373,21.021490443406034,89.08732704262303,43.66525270860829,-1
