p1,p2,p3,p4,p5,p6,p7,p8,rsi,rsi1,rsi2,rsi3,rsi4,rsi5,rsi6,rsi7,sto,sto1,sto2,sto3,sto4,sto5,sto6,sto7,macd,macd1,macd2,macd3,macd4,macd5,macd6,macd7,macdl,macd1l,macd2l,macd3l,macd4l,macd5l,macd6l,macd7l,macds,macd1s,macd2s,macd3s,macd4s,macd5s,macd6s,macd7s,stol,sto1l,sto2l,sto3l,sto4l,sto5l,sto6l,sto7l,stos,sto1s,sto2s,sto3s,sto4s,sto5s,sto6s,sto7s,Pred
4094.010625,4095.3162500000003,4097.1375,4092.636875,4094.0168750000003,4094.890625,4100.591875,4102.826,63.76567026336444,63.59245470002889,64.84854281987793,49.93131175907412,53.86447830215525,56.66048363182744,63.28984912725294,61.7100765553162,2.626703657260739,-19.553436051174103,6.5201112308670215,-7.722390897863451,24.38905756453011,-3.1361321112521807,3.1361321112521807,-15.837579240297384,0.4194903718013953,0.5605234273503754,0.3996434759786281,-0.31586996261299793,-0.48167108507516515,-0.1857001930385683,0.4872423696046581,0.683068564155122,1.180698471269693,1.8875990826193174,2.1698749826915673,1.477541273611564,0.7873946995935057,0.7667760097040173,1.6432250029571378,2.6336571020347037,0.7612080994682977,1.327075655268942,1.7702315067129393,1.793411236224562,1.2690657846686708,0.9524762027425856,1.1559826333524796,1.9505885378795818,89.09997446092125,54.3850941804169,67.74107321031714,1.1352627072262989,87.45300970053947,54.81117417745525,77.18350307088126,50.79572081837204,86.47327080366051,73.938530231591,61.22096197945012,8.85765360508975,63.06395213600936,57.94730628870743,74.04737095962908,66.63330005866942,-1
