p1,p2,p3,p4,p5,p6,p7,p8,rsi,rsi1,rsi2,rsi3,rsi4,rsi5,rsi6,rsi7,sto,sto1,sto2,sto3,sto4,sto5,sto6,sto7,macd,macd1,macd2,macd3,macd4,macd5,macd6,macd7,macdl,macd1l,macd2l,macd3l,macd4l,macd5l,macd6l,macd7l,macds,macd1s,macd2s,macd3s,macd4s,macd5s,macd6s,macd7s,stol,sto1l,sto2l,sto3l,sto4l,sto5l,sto6l,sto7l,stos,sto1s,sto2s,sto3s,sto4s,sto5s,sto6s,sto7s,Pred
4099.330454545455,4094.9152272727274,4094.6904545454545,4090.540681818182,4093.6270454545456,4084.3972727272726,4087.690909090909,4091.271346153846,53.50552509700707,47.068638768726785,49.24033778915427,45.04610255997307,50.35908999419403,38.94688444578037,51.51770564949448,54.44152594953897,-8.55434786416115,0.09740600915157414,2.4098079587235155,6.047133896286082,-5.929749708365381,-2.194920909869506,8.050577863999838,0.06269386896810922,2.9934230670497706,-0.050846468768277524,-0.029547474757031976,-0.3098400062963637,0.3821161400830991,-0.7896067654335032,0.5617511522388651,0.47486963198889803,-0.1367838429433422,0.09918590856486018,-0.6008048893738139,-1.290230099951011,0.013314039056074927,-2.024752088878317,-1.4987498556481362,0.8616417614147255,-3.1302069099931127,0.1500323773331377,-0.571257414616782,-0.9803900936546472,-0.36880210102702415,-1.235145323444814,-2.060501007887001,0.3867721294258274,47.54051656136096,29.063572063809005,57.6948112566455,55.805955552626635,38.30951316144078,30.823468781063465,81.99602181587524,58.02037831464346,56.09486442552211,28.966166054657428,55.28500329792199,49.75882165634056,44.23926286980617,33.01838969093297,73.9454439518754,57.95768444567535,-1
