p1,p2,p3,p4,p5,p6,p7,p8,rsi,rsi1,rsi2,rsi3,rsi4,rsi5,rsi6,rsi7,sto,sto1,sto2,sto3,sto4,sto5,sto6,sto7,macd,macd1,macd2,macd3,macd4,macd5,macd6,macd7,macdl,macd1l,macd2l,macd3l,macd4l,macd5l,macd6l,macd7l,macds,macd1s,macd2s,macd3s,macd4s,macd5s,macd6s,macd7s,stol,sto1l,sto2l,sto3l,sto4l,sto5l,sto6l,sto7l,stos,sto1s,sto2s,sto3s,sto4s,sto5s,sto6s,sto7s,Pred
4011.619375,4012.091875,4009.066875,4008.3181250000002,4006.68375,4005.15625,3995.869375,4010.559090909091,60.234032220262606,57.804591785139294,52.818777306562225,49.2215426584898,46.44998532026931,44.716880014167145,33.42873147363519,56.589409866669385,1.8437898463393196,-22.20241020801671,16.666666666666664,-16.666666666666664,0.30577333269153595,13.553863385213418,4.967890159111564,2.244535681084903,-0.00879339553645253,-0.07167072824889731,-0.6519091126187437,-0.7663994022456344,-0.7774756201345446,-0.7435197360401249,-1.4987867039679583,0.9149424231714958,2.8733243378088673,2.84595896054293,1.783424570704824,0.9446893478177572,0.1760901870551379,-0.5971512279609215,-2.566634087747161,0.24857602778861707,2.8821177333453196,2.9176296887918274,2.4353336833235675,1.7110887500633916,0.9535658071896825,0.14636850807920346,-1.0678473837792029,-0.6663663953828787,67.79923081528607,24.999999999999996,24.999999999999996,1.4938667064737456,36.22659433161927,48.7861106653553,44.97438632065058,70.41033639787088,65.95544096894675,47.20241020801671,8.333333333333332,18.16053337314041,35.92082099892773,35.232247280141884,40.00649616153901,68.16580071678597,-1
