p1,p2,p3,p4,p5,p6,p7,p8,rsi,rsi1,rsi2,rsi3,rsi4,rsi5,rsi6,rsi7,sto,sto1,sto2,sto3,sto4,sto5,sto6,sto7,macd,macd1,macd2,macd3,macd4,macd5,macd6,macd7,macdl,macd1l,macd2l,macd3l,macd4l,macd5l,macd6l,macd7l,macds,macd1s,macd2s,macd3s,macd4s,macd5s,macd6s,macd7s,stol,sto1l,sto2l,sto3l,sto4l,sto5l,sto6l,sto7l,stos,sto1s,sto2s,sto3s,sto4s,sto5s,sto6s,sto7s,Pred
3997.1012499999997,3998.23875,4005.54125,4011.7599999999998,4010.25875,4014.93375,4019.5612499999997,4016.9678125,52.53836887412308,54.28572341981305,64.23811989163455,69.64827805267404,61.253448969362864,64.95400566321246,68.92115991932558,58.979501150443305,10.44246729787566,27.987358851472614,7.906201884054724,0.0,-37.067511054212964,8.622800012685385,28.444711041527583,-1.8931417133885635,-0.5650494849302266,-0.46961310172591697,0.2948120438675472,1.1074124299916885,1.1190771203385736,1.2937590574050593,1.5291785584142086,0.23073077517775975,1.6166097652139797,1.4481823004107355,2.24410544170496,3.5068636433059055,4.101484025353784,4.914869453538358,5.867848282398654,5.553570757869522,2.1816592501442065,1.9177954021366523,1.9492933978374127,2.399451213314217,2.9824069050152104,3.6211103961332993,4.338669723984445,5.322839982691763,42.31931779341796,79.16276306400373,100.0,100.0,19.398733418680553,46.81389812949705,100.0,38.20241208448514,31.8768504955423,51.17540421253111,92.09379811594528,100.0,56.46624447289352,38.19109811681166,71.55528895847242,40.0955537978737,-1
