p1,p2,p3,p4,p5,p6,p7,p8,rsi,rsi1,rsi2,rsi3,rsi4,rsi5,rsi6,rsi7,sto,sto1,sto2,sto3,sto4,sto5,sto6,sto7,macd,macd1,macd2,macd3,macd4,macd5,macd6,macd7,macdl,macd1l,macd2l,macd3l,macd4l,macd5l,macd6l,macd7l,macds,macd1s,macd2s,macd3s,macd4s,macd5s,macd6s,macd7s,stol,sto1l,sto2l,sto3l,sto4l,sto5l,sto6l,sto7l,stos,sto1s,sto2s,sto3s,sto4s,sto5s,sto6s,sto7s,Pred
3987.3138636363637,3975.941590909091,3974.079090909091,3968.487727272727,3962.7206818181817,3964.641818181818,3973.1804545454547,3973.254464285714,42.4193165016185,34.018168753270295,42.975690613187005,38.567084756512855,40.64989033284081,48.68202942367458,60.769421540808516,55.48994437190037,1.5629909017118706,-5.921189464667502e-15,-4.243591264918998,-4.847317825990055,4.0535486645295755,5.037360426379529,-6.083950275741114,-1.927708829209809,-0.4440859991055379,-0.6030775697972941,0.49532217903248815,0.2063754125259006,-0.023171195348363035,0.7148818632003655,1.0684661578703856,-0.008036982873994014,-4.214361424918025,-4.537519862582692,-4.445275260173937,-2.994438453352359,-3.668638619431435,-1.8772362806707448,1.5087645206877327,1.3847968821093803,-3.7702754258124864,-3.9344422927853975,-4.940597439206425,-3.2008138658782594,-3.6454674240830722,-2.5921181438711103,0.4402983628173472,1.3928338649833742,69.14235730316186,27.49022595433287,66.00417689410105,21.99946430642379,51.637346086424316,75.88218865372546,55.27444303641626,49.58340139963624,67.57936640144999,27.490225954332878,70.24776815902005,26.846782132413843,47.58379742189474,70.84482822734594,61.358393312157375,51.51111022884605,-1
