p1,p2,p3,p4,p5,p6,p7,p8,rsi,rsi1,rsi2,rsi3,rsi4,rsi5,rsi6,rsi7,sto,sto1,sto2,sto3,sto4,sto5,sto6,sto7,macd,macd1,macd2,macd3,macd4,macd5,macd6,macd7,macdl,macd1l,macd2l,macd3l,macd4l,macd5l,macd6l,macd7l,macds,macd1s,macd2s,macd3s,macd4s,macd5s,macd6s,macd7s,stol,sto1l,sto2l,sto3l,sto4l,sto5l,sto6l,sto7l,stos,sto1s,sto2s,sto3s,sto4s,sto5s,sto6s,sto7s,Pred
3991.67375,3998.78125,4006.03125,4002.46375,4001.21125,3997.71375,3989.3875,3991.1996875,46.932540807577276,55.94305819719652,61.803263954970205,55.51279232968203,54.35251854810054,48.86253302733945,40.5393439953303,44.547324253533816,-1.4210854715202004e-14,-1.4210854715202004e-14,-10.365418516546299,-34.6382875070624,-1.0813265197696018,-3.914967456621733,-8.289665250534503e-15,-5.477100254817439e-15,2.4381306364323785,2.912525788525737,3.5552345519498765,3.0204023825079704,2.2661011911163786,1.2871529969308189,-0.03056675251207408,-0.4047756964012079,-5.083415893851907,-3.222502042501901,-0.8621177907139099,0.20764017434066773,0.6811152789011885,0.4799742760692425,-0.6912055027094084,-1.5947362846031865,-7.521546530284285,-6.135027831027639,-4.417352342663786,-2.8127622081673027,-1.5849859122151904,-0.8071787208615764,-0.6606387501973343,-1.1899605882019786,100.0,100.0,84.45187222518057,14.988881929173957,11.744902369865175,0.0,0.0,46.55512624363172,100.00000000000001,100.00000000000001,94.81729074172686,49.62716943623636,12.826228889634777,3.914967456621733,8.289665250534503e-15,46.555126243631726,-1
