p1,p2,p3,p4,p5,p6,p7,p8,rsi,rsi1,rsi2,rsi3,rsi4,rsi5,rsi6,rsi7,sto,sto1,sto2,sto3,sto4,sto5,sto6,sto7,macd,macd1,macd2,macd3,macd4,macd5,macd6,macd7,macdl,macd1l,macd2l,macd3l,macd4l,macd5l,macd6l,macd7l,macds,macd1s,macd2s,macd3s,macd4s,macd5s,macd6s,macd7s,stol,sto1l,sto2l,sto3l,sto4l,sto5l,sto6l,sto7l,stos,sto1s,sto2s,sto3s,sto4s,sto5s,sto6s,sto7s,Pred
3878.41875,3871.655625,3864.91,3862.56375,3858.75,3857.28375,3856.69375,3851.6340625,50.20286500528403,41.56064983973246,37.0016884039274,38.664881235233466,36.617349958948566,39.02266676291953,38.42609988689014,40.56783733453191,-7.4552217129596166,-1.2249583701759175,3.638952416221997,1.4501839796632963,2.9533439738531966,9.849144667104063,-25.00000000000001,7.680139718663887,1.6852598137631425,0.43436258454119525,-0.713290347044069,-0.7614369167240795,-0.7519611312098349,-0.40704906418531994,0.15570665275183448,-0.06304299774563948,-0.9906306478352462,-1.2670040383808328,-2.7773799356674544,-3.6345711176198847,-4.347036258572871,-4.626773089019935,-3.9924871046659973,-4.299229974119157,-2.6758904615983887,-1.701366622922028,-2.0640895886233857,-2.873134200895805,-3.595075127363036,-4.219724024834615,-4.148193757417832,-4.236186976373518,75.0,10.662562444736125,39.44159440593657,52.37180236940499,41.18073471259055,58.677670289755035,34.00374282912989,61.40380725019617,82.45522171295963,11.887520814912042,35.80264198971457,50.921618389741695,38.22739073873735,48.82852562265097,59.0037428291299,53.723667531532286,-1
