p1,p2,p3,p4,p5,p6,p7,p8,rsi,rsi1,rsi2,rsi3,rsi4,rsi5,rsi6,rsi7,sto,sto1,sto2,sto3,sto4,sto5,sto6,sto7,macd,macd1,macd2,macd3,macd4,macd5,macd6,macd7,macdl,macd1l,macd2l,macd3l,macd4l,macd5l,macd6l,macd7l,macds,macd1s,macd2s,macd3s,macd4s,macd5s,macd6s,macd7s,stol,sto1l,sto2l,sto3l,sto4l,sto5l,sto6l,sto7l,stos,sto1s,sto2s,sto3s,sto4s,sto5s,sto6s,sto7s,Pred
3740.491,3739.6345,3738.764,3735.9945,3742.342,3739.8,3739.082,3749.255,56.94637481879243,53.2885851384215,51.11576110310518,49.317069273164286,56.927990059745824,51.1000712863317,50.263356178605015,65.53041074227879,0.02652816754638785,-5.937168074450217,0.0,20.000000000000004,-15.505106146259756,-4.4948938537402485,19.999999999999996,-11.574300611288109,0.01490575341553324,-0.7210879084239525,-0.8197710330331592,-0.9658452082864569,0.22350821766315696,-0.024362039317804517,-0.3985483094139252,0.8323043106540452,4.213576776509763,2.816810721201546,1.7266047761933805,0.269505748264055,1.2024843037907886,1.2002902631579673,0.4084096186185889,1.9341733693181595,4.19867102309423,3.537898629625498,2.54637580922654,1.235350956550512,0.9789760861276315,1.2246523024757718,0.8069579280325141,1.1018690586641142,29.35113361969249,26.747104866381118,53.017094069728834,60.0,65.01691757660807,0.22983447786712635,63.89506866327959,77.16839643971099,29.324605452146102,32.684272940831335,53.017094069728834,40.0,80.52202372286781,4.724728331607374,43.895068663279595,88.7426970509991,-1
