p1,p2,p3,p4,p5,p6,p7,p8,rsi,rsi1,rsi2,rsi3,rsi4,rsi5,rsi6,rsi7,sto,sto1,sto2,sto3,sto4,sto5,sto6,sto7,macd,macd1,macd2,macd3,macd4,macd5,macd6,macd7,macdl,macd1l,macd2l,macd3l,macd4l,macd5l,macd6l,macd7l,macds,macd1s,macd2s,macd3s,macd4s,macd5s,macd6s,macd7s,stol,sto1l,sto2l,sto3l,sto4l,sto5l,sto6l,sto7l,stos,sto1s,sto2s,sto3s,sto4s,sto5s,sto6s,sto7s,Pred
3646.86,3650.982857142857,3649.3360714285714,3649.239642857143,3649.517142857143,3648.617857142857,3656.0417857142857,3667.114285714286,52.51086047210228,57.1780181642641,51.526669290787964,51.93733586583371,51.00009325193924,49.25444769045119,61.54564845477444,66.87780829350028,4.32864844912932,-14.285714285714283,4.314009467114894e-15,9.299361515517429,0.2443524529779028,3.3817508099588176,1.3602495072601914,-12.40280620491847,0.514308265471018,0.6833868630277722,0.010592594039636685,-0.23268178212345583,-0.0968884883185446,-0.17197733918671967,0.7448970648422941,1.4822220162194135,-0.12980308204454818,1.1598672570413069,1.119180622883375,0.4394905090321767,0.3517690522119535,0.03059805701812885,1.4085436918888132,4.331701101280357,-0.6441113475155662,0.47648039401353465,1.1085880288437382,0.6721722911556325,0.4486575405304981,0.20257539620484852,0.6636466270465192,2.8494790850609433,69.76146492015027,62.38554099568593,26.428445805149206,74.54481415064082,44.36792548304224,53.51773320198352,87.85101840357034,54.22270260110527,65.43281647102096,76.6712552814002,26.428445805149202,65.24545263512339,44.123573030064335,50.1359823920247,86.49076889631014,66.62550880602375,-1
