p1,p2,p3,p4,p5,p6,p7,p8,rsi,rsi1,rsi2,rsi3,rsi4,rsi5,rsi6,rsi7,sto,sto1,sto2,sto3,sto4,sto5,sto6,sto7,macd,macd1,macd2,macd3,macd4,macd5,macd6,macd7,macdl,macd1l,macd2l,macd3l,macd4l,macd5l,macd6l,macd7l,macds,macd1s,macd2s,macd3s,macd4s,macd5s,macd6s,macd7s,stol,sto1l,sto2l,sto3l,sto4l,sto5l,sto6l,sto7l,stos,sto1s,sto2s,sto3s,sto4s,sto5s,sto6s,sto7s,Pred
5065.389999999999,5064.668750000001,5068.85375,5072.147499999999,5072.453750000001,5069.8862500000005,5068.805,5070.234166666667,53.907211244522536,54.41600801388252,59.57816141299929,59.627574535397365,58.463623311671284,55.30173150943523,52.046184593773695,53.530593465171336,-46.059011237805564,24.161334742517308,21.37093594256327,-4.685268555014201,-25.425636057805768,0.3465236499853326,-13.891199209633875,-1.0406637023393772,0.15623087801560764,0.018881566683450035,0.3825366262811185,0.6272083751328563,0.7580338357521058,0.3162621735704061,0.06263410050800189,-0.06798909927200114,0.5027148692074661,0.3703881296119107,0.8760044214850495,1.4093663097878562,1.9399786926783236,1.6815448148872747,1.5192091705021085,1.3661268873759884,0.34648399119185846,0.35150656292846066,0.493467795203931,0.7821579346549998,1.1819448569262176,1.3652826413168686,1.4565750699941065,1.4341159866479896,1.8679508916091019,38.10995300538506,90.33271383845991,77.86836918798635,50.0,25.519785474977997,9.365973321054373,39.874141202642285,47.92696212941466,13.94861826286775,68.96177789589663,82.55363774300054,75.42563605780578,25.173261824992665,23.257172530688248,40.914804904981665,-1
