p1,p2,p3,p4,p5,p6,p7,p8,rsi,rsi1,rsi2,rsi3,rsi4,rsi5,rsi6,rsi7,sto,sto1,sto2,sto3,sto4,sto5,sto6,sto7,macd,macd1,macd2,macd3,macd4,macd5,macd6,macd7,macdl,macd1l,macd2l,macd3l,macd4l,macd5l,macd6l,macd7l,macds,macd1s,macd2s,macd3s,macd4s,macd5s,macd6s,macd7s,stol,sto1l,sto2l,sto3l,sto4l,sto5l,sto6l,sto7l,stos,sto1s,sto2s,sto3s,sto4s,sto5s,sto6s,sto7s,Pred
0.009383321428571428,0.00938457142857143,0.009423928571428571,0.009444571428571429,0.009436571428571428,0.009410642857142857,0.009407357142857143,0.009415821428571428,56.74718081963872,54.77791633282223,61.4798531848372,61.93314348347776,55.10191268575186,46.74791485581338,47.14718828969774,50.33907317271117,-6.586200330025867,9.287152197490244,-10.371444202399214,1.9336624194992795,1.9004956829899433,7.051205382178767,0.5231998793089768,-3.650159087032227,6.415772633892158e-07,-2.119389705602417e-06,3.506174517214676e-06,2.228590543100403e-06,-1.8166177762312718e-06,-5.4278020248382014e-06,-3.4609922598643217e-06,2.57217148573718e-07,1.2176958418119572e-05,5.222871135865244e-06,1.4088853785583302e-05,1.8319909794953437e-05,1.3293697068882066e-05,3.6561744388628547e-06,-2.780494444040864e-06,-5.752811554510339e-07,1.1535381154730357e-05,7.34226084146766e-06,1.0582679268368625e-05,1.6091319251853034e-05,1.5110314845113338e-05,9.083976463701056e-06,6.804978158234579e-07,-8.324983040247518e-07,12.73996659486116,54.21754983534307,48.982377584282375,44.52830888717028,47.98900435945961,19.99172542885155,57.613194599674316,57.37405284203278,19.326166924887026,44.93039763785283,59.35382178668159,42.594646467671,46.088508676469665,12.94052004667278,57.08999472036534,61.02421192906501,0
