p1,p2,p3,p4,p5,p6,p7,p8,rsi,rsi1,rsi2,rsi3,rsi4,rsi5,rsi6,rsi7,sto,sto1,sto2,sto3,sto4,sto5,sto6,sto7,macd,macd1,macd2,macd3,macd4,macd5,macd6,macd7,macdl,macd1l,macd2l,macd3l,macd4l,macd5l,macd6l,macd7l,macds,macd1s,macd2s,macd3s,macd4s,macd5s,macd6s,macd7s,stol,sto1l,sto2l,sto3l,sto4l,sto5l,sto6l,sto7l,stos,sto1s,sto2s,sto3s,sto4s,sto5s,sto6s,sto7s,Pred
0.010194392857142857,0.01020942857142857,0.010204357142857143,0.010220678571428572,0.010233642857142858,0.010214642857142858,0.010182571428571428,0.010210928571428572,58.096359355511936,58.90810480470951,54.18218577692957,57.600153281483884,60.713457331824074,49.22493147233,40.53918126968866,53.2779420010498,1.9980946845356797,-8.855218264467437,7.91127301009379,2.7351737629867756,-10.185246242650054,0.3077837453039365,8.188861401062496,-4.451115949176641,1.606020699127379e-06,1.1129803396087729e-06,-1.9261198619464285e-06,4.306620933594685e-07,5.18914341532387e-07,-2.904713182993776e-06,-5.989352339677553e-06,1.8862386360380223e-06,1.1096231207468224e-05,1.2953141558317224e-05,7.862774412308682e-06,9.71429010634391e-06,1.0564656040993464e-05,5.442153993974909e-06,-6.558315438737145e-06,-1.4517553217964596e-06,9.490210508340845e-06,1.1840161218708451e-05,9.78889427425511e-06,9.283628012984441e-06,1.0045741699461076e-05,8.346867176968686e-06,-5.689630990595914e-07,-3.3379939578344817e-06,48.59181691970715,60.48781982257791,36.389944310488346,56.541245357843486,71.25904601325115,31.251595322827953,28.748285097059117,75.35857488160529,46.59372223517147,69.34303808704534,28.478671300394556,53.80607159485671,81.4442922559012,30.943811577524016,20.55942369599662,79.80969083078193,0
