p1,p2,p3,p4,p5,p6,p7,p8,rsi,rsi1,rsi2,rsi3,rsi4,rsi5,rsi6,rsi7,sto,sto1,sto2,sto3,sto4,sto5,sto6,sto7,macd,macd1,macd2,macd3,macd4,macd5,macd6,macd7,macdl,macd1l,macd2l,macd3l,macd4l,macd5l,macd6l,macd7l,macds,macd1s,macd2s,macd3s,macd4s,macd5s,macd6s,macd7s,stol,sto1l,sto2l,sto3l,sto4l,sto5l,sto6l,sto7l,stos,sto1s,sto2s,sto3s,sto4s,sto5s,sto6s,sto7s,Pred
0.010122166666666668,0.010135166666666667,0.010153875,0.0101645,0.010168708333333333,0.010147583333333333,0.010146708333333334,0.010145833333333333,40.666749169710684,47.74866370684255,56.56304705708422,56.72793379479984,57.000958048370386,44.839499460890266,48.33465418663885,47.516728744163174,14.644042292023242,-6.900105538081475,-0.8304267416127828,2.1749767241387357,-10.004638876158515,2.623435381042126,10.822097959805713,-8.653238483989211,-2.909124181379272e-06,2.3164480358342053e-06,4.616350098885336e-06,3.8347899148097946e-06,1.6217583577914897e-06,-2.1255745511778745e-06,-2.007173371825957e-06,-3.4425822692751337e-07,-1.5446870073947187e-05,-9.390229042158539e-06,-1.840903809794137e-06,4.456936093360138e-06,5.730715077947174e-06,1.476677230990292e-06,-2.615373637509325e-06,-1.9859084086990227e-06,-1.2537745892567914e-05,-1.1706677077992744e-05,-6.457253908679473e-06,6.221461785503435e-07,4.108956720155684e-06,3.6022517821681665e-06,-6.082002656833676e-07,-1.6416501817715095e-06,78.09500430361271,58.980240222999456,83.80683779284298,33.45127471817523,52.88834972139886,17.677253778632522,74.3720318259486,33.964572484334056,63.45096201158947,65.88034576108093,84.63726453445577,31.27629799403649,62.89298859755738,15.053818397590394,63.54993386614288,42.61781096832327,0
