p1,p2,p3,p4,p5,p6,p7,p8,rsi,rsi1,rsi2,rsi3,rsi4,rsi5,rsi6,rsi7,sto,sto1,sto2,sto3,sto4,sto5,sto6,sto7,macd,macd1,macd2,macd3,macd4,macd5,macd6,macd7,macdl,macd1l,macd2l,macd3l,macd4l,macd5l,macd6l,macd7l,macds,macd1s,macd2s,macd3s,macd4s,macd5s,macd6s,macd7s,stol,sto1l,sto2l,sto3l,sto4l,sto5l,sto6l,sto7l,stos,sto1s,sto2s,sto3s,sto4s,sto5s,sto6s,sto7s,Pred
0.01048475,0.010434291666666666,0.010382708333333334,0.01036975,0.010375166666666668,0.010351916666666666,0.010339333333333332,0.010338222222222223,47.450951746116374,39.0134221064528,33.726413964905156,37.84151027417079,42.11282712931354,41.48692985362995,42.32778674547242,45.706792746467436,-12.102830266819353,1.1049167537693283,10.534919145722467,3.1709755455727517,-12.509179514167364,12.910004356355216,-12.340611363456407,8.227074242304298,9.234356422578583e-06,1.1099190797890622e-07,-5.842746579276499e-06,-1.9348016171738954e-06,3.320274614387141e-06,1.6403270513464813e-06,1.7048043712861642e-06,2.424477076844376e-06,-1.3922758204718463e-05,-1.6161049065835955e-05,-2.80250789620462e-05,-3.0675893459013344e-05,-2.2993036759517103e-05,-2.10793095487954e-05,-1.8049138547046248e-05,-1.5033441733421199e-05,-2.3157114627297046e-05,-1.627204097381486e-05,-2.2182332382769703e-05,-2.874109184183945e-05,-2.6313311373904244e-05,-2.2719636600141878e-05,-1.9753942918332412e-05,-1.7457918810265575e-05,54.95815199201115,20.37615094000914,32.05203715946252,73.80831300158441,59.397577684033365,50.695867366877145,37.4398961969898,56.27015654560539,67.0609822588305,19.271234186239813,21.51711801374006,70.63733745601165,71.90675719820074,37.78586301052193,49.78050756044621,48.04308230330109,0
