p1,p2,p3,p4,p5,p6,p7,p8,rsi,rsi1,rsi2,rsi3,rsi4,rsi5,rsi6,rsi7,sto,sto1,sto2,sto3,sto4,sto5,sto6,sto7,macd,macd1,macd2,macd3,macd4,macd5,macd6,macd7,macdl,macd1l,macd2l,macd3l,macd4l,macd5l,macd6l,macd7l,macds,macd1s,macd2s,macd3s,macd4s,macd5s,macd6s,macd7s,stol,sto1l,sto2l,sto3l,sto4l,sto5l,sto6l,sto7l,stos,sto1s,sto2s,sto3s,sto4s,sto5s,sto6s,sto7s,Pred
0.0115975,0.011525708333333332,0.011545916666666666,0.011627041666666667,0.011490624999999999,0.011487666666666667,0.011510208333333334,0.011588333333333332,48.977154785438614,43.68119349644205,48.582891176098,53.38963906227274,43.72924548820528,44.803433306125676,47.89718011492603,57.23142040331667,-7.1343526465039835,9.260355097455207,5.202769619163063,-13.094751685104807,2.488149387653592,12.810144247499633,-4.297903519972911,-6.573831311810783,-4.428683626387319e-06,-1.3907594439248888e-05,-3.814219986747768e-06,9.977302112969305e-06,-1.1230181629905824e-05,-6.527920047506724e-06,3.074835445193945e-06,1.1477665362287734e-05,1.7360807998001958e-05,-1.0325076371697425e-05,-1.3484576200076029e-05,1.28894491567899e-05,-1.546472630938652e-05,-2.4997808564474037e-05,-1.5194086623818276e-05,8.699383272101108e-06,2.1789491624389277e-05,3.582518067551463e-06,-9.670356213328261e-06,2.912147043820596e-06,-4.234544679480698e-06,-1.8469888516967313e-05,-1.826892206901222e-05,-2.778282090186627e-06,17.42933709817908,54.56649412160045,60.86168468144558,43.68755163088659,54.00070415879791,48.93187209822214,53.05723927667382,67.59875414845034,24.563689744683064,45.30613902414524,55.65891506228252,56.7823033159914,51.512554771144316,36.1217278507225,57.35514279664673,74.17258546026113,0
