p1,p2,p3,p4,p5,p6,p7,p8,rsi,rsi1,rsi2,rsi3,rsi4,rsi5,rsi6,rsi7,sto,sto1,sto2,sto3,sto4,sto5,sto6,sto7,macd,macd1,macd2,macd3,macd4,macd5,macd6,macd7,macdl,macd1l,macd2l,macd3l,macd4l,macd5l,macd6l,macd7l,macds,macd1s,macd2s,macd3s,macd4s,macd5s,macd6s,macd7s,stol,sto1l,sto2l,sto3l,sto4l,sto5l,sto6l,sto7l,stos,sto1s,sto2s,sto3s,sto4s,sto5s,sto6s,sto7s,Pred
0.0085605,0.008577416666666667,0.008524708333333334,0.008513166666666667,0.008525083333333334,0.008551833333333333,0.008497666666666667,0.00850763888888889,44.06764101401488,49.40109465261075,42.21918874292478,41.60008613736857,46.078022996901815,52.79789934962013,40.86900762195364,47.820445642584104,5.12392720352856,-3.1671131288664314,-3.4827501883165826,13.532238613899665,2.5034916546570187,-16.666666666666725,7.167699867486875,2.1594914640907965,-6.261068909060947e-06,-2.27638861523585e-06,-5.574763632837673e-06,-4.816241582742131e-06,9.83733133676588e-07,6.503396674574397e-06,-2.585319935834663e-06,-1.7897990456959577e-08,1.5407088778017612e-06,-2.0931170383875486e-06,-9.854299230677675e-06,-1.7879433339089597e-05,-1.4482881361067729e-05,-1.2124593540939709e-06,-7.984117538118937e-06,-1.0580429351084203e-05,7.801777786862709e-06,1.8327157684830154e-07,-4.279535597840002e-06,-1.3063191756347465e-05,-1.5466614494744318e-05,-7.715856028668367e-06,-5.398797602284275e-06,-1.0562531360627243e-05,25.06251676942237,58.34377692068966,7.49541603018046,58.31820853921148,87.10141219631575,40.28824659727164,20.86124568736973,84.40837832922273,19.938589565893807,61.510890049556096,10.978166218497043,44.78596992531182,84.59792054165874,56.954913263938366,13.693545819882855,82.24888686513194,0
