p1,p2,p3,p4,p5,p6,p7,p8,rsi,rsi1,rsi2,rsi3,rsi4,rsi5,rsi6,rsi7,sto,sto1,sto2,sto3,sto4,sto5,sto6,sto7,macd,macd1,macd2,macd3,macd4,macd5,macd6,macd7,macdl,macd1l,macd2l,macd3l,macd4l,macd5l,macd6l,macd7l,macds,macd1s,macd2s,macd3s,macd4s,macd5s,macd6s,macd7s,stol,sto1l,sto2l,sto3l,sto4l,sto5l,sto6l,sto7l,stos,sto1s,sto2s,sto3s,sto4s,sto5s,sto6s,sto7s,Pred
0.008873291666666666,0.008884833333333333,0.008840291666666666,0.008821958333333334,0.008881291666666666,0.008843750000000001,0.008822625,0.00888413888888889,49.98940621537665,51.098793463829075,44.054113758009414,42.77669802945133,53.32140711371392,46.9021532533087,45.12718985331608,55.97050876621751,8.937355819686108,-12.205609541938967,4.884044150398659,-1.0895681706746565,3.0256678732162086,-8.581223428771823,15.328450168641886,-10.218966779094654,1.0489400627399601e-05,6.8773064866642824e-06,-3.393215731987715e-06,-4.881375043707592e-06,6.2689748585608016e-06,1.5619548502294895e-06,-4.334260123798718e-06,6.143355000413243e-06,-6.49251147205714e-06,3.710672206648502e-06,-5.056905836942303e-06,-1.5212322240000289e-05,-3.0765085538437173e-06,1.6012776128046524e-06,-9.63426913463209e-06,3.485469058630695e-06,-1.6981912099456742e-05,-3.1666342800157804e-06,-1.663690104954588e-06,-1.0330947196292697e-05,-9.345483412404518e-06,3.932276257516289e-08,-5.300009010833371e-06,-2.6578859417825485e-06,66.68998203612281,24.921016636823754,28.139989498877604,70.06718019467337,64.115066116446,0.0,63.50707701673708,59.85943999937891,57.75262621643671,37.12662617876272,23.255945348478946,71.15674836534804,61.089398243229795,8.581223428771823,48.17862684809519,70.07840677847356,0
