p1,p2,p3,p4,p5,p6,p7,p8,rsi,rsi1,rsi2,rsi3,rsi4,rsi5,rsi6,rsi7,sto,sto1,sto2,sto3,sto4,sto5,sto6,sto7,macd,macd1,macd2,macd3,macd4,macd5,macd6,macd7,macdl,macd1l,macd2l,macd3l,macd4l,macd5l,macd6l,macd7l,macds,macd1s,macd2s,macd3s,macd4s,macd5s,macd6s,macd7s,stol,sto1l,sto2l,sto3l,sto4l,sto5l,sto6l,sto7l,stos,sto1s,sto2s,sto3s,sto4s,sto5s,sto6s,sto7s,Pred
0.0101545,0.010123333333333333,0.010110625,0.010096666666666667,0.010083874999999999,0.010078416666666666,0.01006625,0.010076388888888888,59.61219629018922,51.25971612715761,48.28153854079409,45.03490117435809,42.69457331484771,45.642995557444166,45.59794245122062,48.578349388612885,-7.932455544259625,12.420911529887801,-0.9369830975637689,-0.15839121445066814,-13.980651896333889,5.431867260631206,10.170188068629537,-8.143951450157033,5.288793824394884e-06,-3.948341103612444e-06,-4.9858904603847805e-06,-4.484586803048486e-06,-3.1326670807874375e-06,-1.6489851376996854e-06,-1.547749711822126e-07,2.2930078376653912e-06,2.118428312169642e-05,1.0554868833031854e-05,2.3215523576713276e-06,-4.145055757837542e-06,-7.927056004845313e-06,-1.103170983742426e-05,-1.0053718659927316e-05,-6.423516340709964e-06,1.5895489297301535e-05,1.4503209936644298e-05,7.307442818056108e-06,3.395310452109432e-07,-4.794388924057876e-06,-9.382724699724575e-06,-9.898943688745102e-06,-8.716524178375355e-06,18.032854644319887,36.56296188693181,56.980263191789476,52.04996309337845,26.206034295667806,62.191232512670155,39.02839622705744,48.60079951648269,25.965310188579508,24.142050357044006,57.917246289353244,52.20835430782912,40.186686192001694,56.75936525203895,28.858208158427907,56.74475096663972,0
