p1,p2,p3,p4,p5,p6,p7,p8,rsi,rsi1,rsi2,rsi3,rsi4,rsi5,rsi6,rsi7,sto,sto1,sto2,sto3,sto4,sto5,sto6,sto7,macd,macd1,macd2,macd3,macd4,macd5,macd6,macd7,macdl,macd1l,macd2l,macd3l,macd4l,macd5l,macd6l,macd7l,macds,macd1s,macd2s,macd3s,macd4s,macd5s,macd6s,macd7s,stol,sto1l,sto2l,sto3l,sto4l,sto5l,sto6l,sto7l,stos,sto1s,sto2s,sto3s,sto4s,sto5s,sto6s,sto7s,Pred
0.010126583333333333,0.010143083333333334,0.010163083333333333,0.010115166666666666,0.010102541666666666,0.010094,0.010101041666666666,0.010110527777777777,47.381447877374214,51.32931595152508,52.81312239192198,44.83747481403833,42.820575012707934,42.93813573188096,47.93303562144531,50.845501901236126,12.622795659352912,4.043871007313714,-15.039820690508185,13.201167499721763,-3.7169023647692043,-5.5609159634976395,1.6034209318758101,-4.769077386326252,-6.129061463800386e-06,-7.595920093059982e-07,3.273175934673404e-06,-5.311853943684714e-06,-4.183544722965109e-06,-2.048326408298452e-06,1.506946106982947e-06,2.9727760348840058e-06,-4.5250951476721635e-07,5.544303208817695e-07,9.272852519427431e-06,-3.398394833421398e-06,-9.281107755465881e-06,-1.1754520258883532e-05,-8.694318661525759e-06,-2.094567166807285e-06,5.67655194903317e-06,1.3140223301877677e-06,5.999676584754028e-06,1.9134591102633155e-06,-5.097563032500772e-06,-9.706193850585081e-06,-1.0201264768508707e-05,-5.067343201691291e-06,71.19481938263176,61.83028257357584,28.38864330026294,44.20794919367936,24.601456510787337,44.08102536732827,78.48225128740647,55.45470850840045,58.572023723278846,57.78641156626213,43.42846399077113,31.0067816939576,28.318358875556537,49.64194133082591,76.87883035553067,60.2237858947267,0
