p1,p2,p3,p4,p5,p6,p7,p8,rsi,rsi1,rsi2,rsi3,rsi4,rsi5,rsi6,rsi7,sto,sto1,sto2,sto3,sto4,sto5,sto6,sto7,macd,macd1,macd2,macd3,macd4,macd5,macd6,macd7,macdl,macd1l,macd2l,macd3l,macd4l,macd5l,macd6l,macd7l,macds,macd1s,macd2s,macd3s,macd4s,macd5s,macd6s,macd7s,stol,sto1l,sto2l,sto3l,sto4l,sto5l,sto6l,sto7l,stos,sto1s,sto2s,sto3s,sto4s,sto5s,sto6s,sto7s,Pred
0.010122756685768864,0.010071750477554918,0.009831698901623687,0.009076889207258835,0.008823365090735434,0.00968471776504298,0.011162360792741166,0.010246261201143947,49.50943150271009,50.42320294902599,47.90885608769783,48.24358191425924,48.56381113377854,51.16574478582019,48.619715641474464,48.19812908153545,-0.046259887092488135,0.0025907991155565174,0.0755797700376278,0.012810506263094617,-0.0746342281675498,0.05383808873046674,-0.007946674826055485,0.023370052986930182,-3.0314499625935444e-08,-5.3258759072004133e-08,7.035194164723024e-08,-6.645008026445418e-07,6.21577831486183e-07,-7.388491000960005e-08,-1.969502133362036e-08,3.179216762271163e-07,1.2491472857940292e-06,6.230681998611212e-07,-4.614895821991122e-06,-3.831876549156802e-06,-9.528517481269553e-07,1.2919492335104945e-05,1.780422023932077e-06,-4.202696422474328e-06,1.2794617854199644e-06,6.763269589331253e-07,-4.685247763638353e-06,-3.1673757465122604e-06,-1.5744295796131383e-06,1.2993377245114545e-05,1.8001170452656973e-06,-4.520618098701444e-06,49.67262616184122,49.839088975188616,48.39498318063185,48.21582716260794,50.322677459408254,47.437935653924164,46.66201830698364,50.17180772175957,49.71888604893371,49.836498176073064,48.31940341059422,48.20301665634484,50.39731168757581,47.38409756519369,46.6699649818097,50.14843766877264,0
