p1,p2,p3,p4,p5,p6,p7,p8,rsi,rsi1,rsi2,rsi3,rsi4,rsi5,rsi6,rsi7,sto,sto1,sto2,sto3,sto4,sto5,sto6,sto7,macd,macd1,macd2,macd3,macd4,macd5,macd6,macd7,macdl,macd1l,macd2l,macd3l,macd4l,macd5l,macd6l,macd7l,macds,macd1s,macd2s,macd3s,macd4s,macd5s,macd6s,macd7s,stol,sto1l,sto2l,sto3l,sto4l,sto5l,sto6l,sto7l,stos,sto1s,sto2s,sto3s,sto4s,sto5s,sto6s,sto7s,Pred
0.009336285714285714,0.009358928571428572,0.009366392857142858,0.009344357142857144,0.009324107142857143,0.009340785714285715,0.009432071428571429,0.009385982142857142,32.53796198143154,41.604982721757715,46.06881272874626,44.35566848533997,43.615676943847774,48.74946758901507,58.68383888362913,49.92668382937332,3.1055916325411284,-3.866543041044937,-6.711848620449148,-1.3924807275139595,9.582597754491983,3.3119312542344153,-12.935018518841883,5.3541036996826,-1.8579527034984561e-06,1.1854481829564192e-05,1.1059431503652966e-05,3.887999527423377e-06,4.897089177495385e-07,3.700908508448556e-06,1.3273134104543306e-05,-2.5773621018869783e-06,-6.838743643196211e-05,-4.149782518860218e-05,-2.102559789733002e-05,-1.656331548232424e-05,-1.738178978483683e-05,-1.0520985901931001e-05,1.6067705181425966e-05,8.962785388286904e-06,-6.652948372846366e-05,-5.3352307018166377e-05,-3.2085029400982986e-05,-2.0451315009747614e-05,-1.7871498702586367e-05,-1.4221894410379557e-05,2.794571076882661e-06,1.1540147490173882e-05,87.57300921300748,75.40163889299325,59.048931768148144,35.70560120769422,53.993657103721816,62.77171867621776,46.06286053266096,51.1297914929939,84.46741758046635,79.26818193403818,65.7607803885973,37.09808193520818,44.41105934922983,59.45978742198334,58.99787905150284,45.775687793311306,0
