p1,p2,p3,p4,p5,p6,p7,p8,rsi,rsi1,rsi2,rsi3,rsi4,rsi5,rsi6,rsi7,sto,sto1,sto2,sto3,sto4,sto5,sto6,sto7,macd,macd1,macd2,macd3,macd4,macd5,macd6,macd7,macdl,macd1l,macd2l,macd3l,macd4l,macd5l,macd6l,macd7l,macds,macd1s,macd2s,macd3s,macd4s,macd5s,macd6s,macd7s,stol,sto1l,sto2l,sto3l,sto4l,sto5l,sto6l,sto7l,stos,sto1s,sto2s,sto3s,sto4s,sto5s,sto6s,sto7s,Pred
0.010679035714285714,0.010617071428571429,0.010605964285714286,0.01065775,0.010595392857142857,0.010593214285714286,0.010573678571428572,0.010608892857142857,46.45227096285421,36.14756825777765,41.13568891755954,54.099608249681474,41.67298558950756,46.18208550067742,43.71331595894539,51.1562866366185,14.11600222019637,-5.1771854535515365,5.177185453551568,-14.25399611677294,7.610631033904974,6.643365082867997,-0.07915191075950967,-6.928030771120227,-3.8029415294044348e-06,-8.052151889319922e-06,-3.627202055265537e-06,7.665652876933683e-06,-1.773931674892132e-06,-1.5460871717989952e-06,-3.895610444407844e-07,4.0654777892315204e-06,-1.7354417714222518e-06,-1.5770152060626758e-05,-2.3443133697699713e-05,-6.0911748287581e-06,-9.702169897606969e-06,-1.590019440584236e-05,-1.2914578689191092e-05,-1.5089168491343275e-06,2.067499757982183e-06,-7.718000171306838e-06,-1.9815931642434174e-05,-1.3756827705691786e-05,-7.928238222714837e-06,-1.4354107234043363e-05,-1.2525017644750306e-05,-5.574394638365848e-06,62.0485777551457,32.92481432175917,84.09360922919004,61.48525635898341,35.578808708306624,67.66377915219624,39.93669648518049,39.15279687553645,47.932575534949336,38.1019997753107,78.91642377563846,75.73925247575636,27.968177674401648,61.02041406932825,40.015848395940004,46.08082764665668,0
