p1,p2,p3,p4,p5,p6,p7,p8,rsi,rsi1,rsi2,rsi3,rsi4,rsi5,rsi6,rsi7,sto,sto1,sto2,sto3,sto4,sto5,sto6,sto7,macd,macd1,macd2,macd3,macd4,macd5,macd6,macd7,macdl,macd1l,macd2l,macd3l,macd4l,macd5l,macd6l,macd7l,macds,macd1s,macd2s,macd3s,macd4s,macd5s,macd6s,macd7s,stol,sto1l,sto2l,sto3l,sto4l,sto5l,sto6l,sto7l,stos,sto1s,sto2s,sto3s,sto4s,sto5s,sto6s,sto7s,Pred
0.0108945,0.010872035714285714,0.010870892857142857,0.011009,0.011197285714285713,0.011181928571428572,0.011195178571428571,0.011152964285714287,52.2624534933341,47.828407154698645,48.21442607758487,69.50855861517636,72.62887589052605,64.05777989062796,61.53561675276214,49.79449081244852,-12.32027965296251,5.63006329841375,-1.0945576894802684,8.044371496656861,-7.698356656581831,-4.030166921051213,1.7329138145377614,0.2429199269666371,2.0172146378132367e-06,-2.51816851123652e-06,-1.2034555055366467e-06,1.412105808061515e-05,2.6902301815693224e-05,6.183075582240966e-07,-8.648185336291764e-06,-1.2879631361539533e-05,6.204144904167268e-06,-1.1041389221302833e-06,-2.2488492778973453e-06,2.2096158212728356e-05,8.109139965441363e-05,7.486868225961686e-05,5.2342059849254135e-05,1.990506937382315e-05,4.186930266354031e-06,1.4140295891062368e-06,-1.0453937723606986e-06,7.975100132113205e-06,5.418909783872041e-05,7.425037470139277e-05,6.09902451855459e-05,3.278470073536268e-05,41.82276375453548,41.88583680669493,58.29576832273555,100.0,30.930676829006543,26.29728723615537,61.879986243231436,25.035115009413598,54.14304340749799,36.25577350828119,59.390326012215816,91.95562850334314,38.62903348558837,30.327454157206585,60.147072428693676,24.79219508244696,0
