p1,p2,p3,p4,p5,p6,p7,p8,rsi,rsi1,rsi2,rsi3,rsi4,rsi5,rsi6,rsi7,sto,sto1,sto2,sto3,sto4,sto5,sto6,sto7,macd,macd1,macd2,macd3,macd4,macd5,macd6,macd7,macdl,macd1l,macd2l,macd3l,macd4l,macd5l,macd6l,macd7l,macds,macd1s,macd2s,macd3s,macd4s,macd5s,macd6s,macd7s,stol,sto1l,sto2l,sto3l,sto4l,sto5l,sto6l,sto7l,stos,sto1s,sto2s,sto3s,sto4s,sto5s,sto6s,sto7s,Pred
0.011409571428571429,0.011512821428571428,0.011439321428571429,0.01152125,0.011513464285714285,0.011485642857142857,0.01148792857142857,0.011498803571428571,54.92161463486748,61.44725763859727,49.61936682198032,59.30579391204829,53.28324336525373,50.24154516114398,49.830154160001406,50.55758683463906,4.512508494368922,-6.2272292369552025,3.5951347340153523,0.3997825460740003,-5.037843426022037,6.218107662786852,1.0520477201010965,-7.142857142857117,1.618136401948914e-05,1.7773023298851673e-05,-4.343175013716538e-06,2.6665896552126577e-06,3.6798030917913264e-07,-7.628349821991141e-06,-3.059067586756679e-06,-4.4449255194585106e-07,-2.1303997514724885e-06,3.1852263710234326e-05,1.821596276849414e-05,2.0969324414115758e-05,2.6151443816593398e-05,5.381740212855779e-06,3.2931708004548275e-06,3.02979336118206e-06,-1.8311763770961628e-05,1.4079240411382654e-05,2.2559137782210678e-05,1.83027347589031e-05,2.5783463507414267e-05,1.3010090034846919e-05,6.352238387211506e-06,3.4742859131279113e-06,82.16541499434007,50.47023812771345,33.02796179885033,85.47004816216462,30.07893171161774,63.21347577178407,44.142106004864225,41.34216357803792,77.65290649997115,56.697467364668654,29.43282706483497,85.07026561609061,35.11677513763978,56.99536810899722,43.090058284763124,48.48502072089504,0
