p1,p2,p3,p4,p5,p6,p7,p8,rsi,rsi1,rsi2,rsi3,rsi4,rsi5,rsi6,rsi7,sto,sto1,sto2,sto3,sto4,sto5,sto6,sto7,macd,macd1,macd2,macd3,macd4,macd5,macd6,macd7,macdl,macd1l,macd2l,macd3l,macd4l,macd5l,macd6l,macd7l,macds,macd1s,macd2s,macd3s,macd4s,macd5s,macd6s,macd7s,stol,sto1l,sto2l,sto3l,sto4l,sto5l,sto6l,sto7l,stos,sto1s,sto2s,sto3s,sto4s,sto5s,sto6s,sto7s,Pred
0.012743250000000001,0.012722285714285714,0.012725821428571428,0.012721392857142856,0.01273007142857143,0.012790464285714285,0.012940892857142857,0.012891982142857143,47.806283161328906,45.21576779296594,46.417040200898136,48.378785092577594,50.30824913429386,61.93336427447966,73.21457044033635,53.08906565562183,-2.0543477159345183,1.7199129830020734,-12.653515800596681,4.5856079828639755,7.730163306921745,-2.7919617659761706,-8.842556498750342,-0.3406265125295649,-1.2338022889630176e-06,-2.174496706006718e-06,3.69847978999949e-07,8.732318874110917e-07,2.2065255748188024e-06,7.857731817099146e-06,1.9192091178540614e-05,-8.215395060832027e-06,-5.862875608786945e-06,-9.803613493373606e-06,-8.779792491346286e-06,-7.691229471985458e-06,-2.8738844551933227e-06,1.1645810536088008e-05,4.88103897229519e-05,3.589136782448151e-05,-4.629073319823927e-06,-7.6291167873668885e-06,-9.149640470346234e-06,-8.56446135939655e-06,-5.080410030012125e-06,3.788078718988862e-06,2.9618298544411286e-05,4.4106762885313536e-05,39.98520654375847,35.24976227885753,49.99947140411372,61.3359590287374,57.33331865199292,66.24089895383844,57.30763221432064,24.615877456579103,42.03955425969299,33.529849295855456,62.6529872047104,56.75035104587342,49.60315534507117,69.03286071981461,66.15018871307099,24.956503969108667,0
