p1,p2,p3,p4,p5,p6,p7,p8,rsi,rsi1,rsi2,rsi3,rsi4,rsi5,rsi6,rsi7,sto,sto1,sto2,sto3,sto4,sto5,sto6,sto7,macd,macd1,macd2,macd3,macd4,macd5,macd6,macd7,macdl,macd1l,macd2l,macd3l,macd4l,macd5l,macd6l,macd7l,macds,macd1s,macd2s,macd3s,macd4s,macd5s,macd6s,macd7s,stol,sto1l,sto2l,sto3l,sto4l,sto5l,sto6l,sto7l,stos,sto1s,sto2s,sto3s,sto4s,sto5s,sto6s,sto7s,Pred
0.012767607142857143,0.012753142857142857,0.0126175,0.01257875,0.012671285714285715,0.012721678571428571,0.012840178571428572,0.012742910714285714,39.766184731999665,41.02248421103469,27.32811156816692,39.17689119539325,51.990947612509444,56.32719407690591,60.27630160045956,49.53681522231054,7.359982321574281,-10.055908841572982,4.070280552580623,7.366223931218878,2.4313793776973376,0.1902950119394389,-13.649453392065377,0.7889789988456107,-2.274668923788558e-06,-1.2438435189575008e-06,-1.3132964057324648e-05,-6.012429830965428e-06,1.4998791233335144e-05,1.5551624730895183e-05,1.961215503113113e-05,-7.905613133478437e-06,-1.6058607697513436e-05,-1.8541249289703112e-05,-4.4023408892943e-05,-5.634467634914072e-05,-2.3767976216528927e-05,5.447088078884406e-06,4.5757711418501924e-05,1.2774344924678348e-05,-1.3783938773724877e-05,-1.729740577074561e-05,-3.089044483561835e-05,-5.033224651817529e-05,-3.876676744986407e-05,-1.0104536652010777e-05,2.6145556387370795e-05,2.0679958058156784e-05,27.55317648917706,38.70406095256927,27.17916218029029,88.57670279981963,92.85133835901432,57.809212955687784,32.74532062586143,47.82040220769565,20.193194167602776,48.75996979414226,23.108881627709668,81.21047886860076,90.41995898131698,57.61891794374834,46.39477401792681,47.031423208850036,0
