p1,p2,p3,p4,p5,p6,p7,p8,rsi,rsi1,rsi2,rsi3,rsi4,rsi5,rsi6,rsi7,sto,sto1,sto2,sto3,sto4,sto5,sto6,sto7,macd,macd1,macd2,macd3,macd4,macd5,macd6,macd7,macdl,macd1l,macd2l,macd3l,macd4l,macd5l,macd6l,macd7l,macds,macd1s,macd2s,macd3s,macd4s,macd5s,macd6s,macd7s,stol,sto1l,sto2l,sto3l,sto4l,sto5l,sto6l,sto7l,stos,sto1s,sto2s,sto3s,sto4s,sto5s,sto6s,sto7s,Pred
0.005825321428571428,0.005840178571428572,0.005835750000000001,0.005835357142857142,0.005836892857142857,0.005830892857142857,0.00582225,0.005801321428571428,56.51690624021654,60.12389665622298,53.90388183380163,52.93440107356388,52.4828799068382,46.844618566560364,41.02293377385877,39.05583959966923,5.534859536789276,-7.353807311686397,1.2397504799830403,3.162399543122539,-3.9585065027976327,5.2840246706143,-1.2299208311104968,0.9613706610720941,-1.035298022732859e-06,9.654320378204596e-07,-6.798806185535706e-07,-1.005804789790937e-06,-5.032589810246802e-07,-1.282345251999157e-06,-1.5260293120825183e-06,-1.4384577473302431e-06,3.875031177112018e-06,6.706982627416487e-06,5.326232546495023e-06,3.0069238701119514e-06,2.5060290391607946e-06,1.0730210584994349e-07,-2.4757658060125246e-06,-7.852644972124538e-06,4.910329199844876e-06,5.741550589596028e-06,6.006113165048594e-06,4.0127286599028884e-06,3.0092880201854747e-06,1.3896473578491005e-06,-9.497364939300061e-07,-6.414187224794295e-06,47.11725567417803,39.07837051367842,38.466670662489754,60.50033834136362,42.93682278861052,34.58485262618738,27.33300615820513,61.66385230582634,41.58239613738876,46.43217782536482,37.22692018250671,57.33793879824108,46.89532929140815,29.300827955573073,28.562926989315624,60.70248164475424,0
