p1,p2,p3,p4,p5,p6,p7,p8,rsi,rsi1,rsi2,rsi3,rsi4,rsi5,rsi6,rsi7,sto,sto1,sto2,sto3,sto4,sto5,sto6,sto7,macd,macd1,macd2,macd3,macd4,macd5,macd6,macd7,macdl,macd1l,macd2l,macd3l,macd4l,macd5l,macd6l,macd7l,macds,macd1s,macd2s,macd3s,macd4s,macd5s,macd6s,macd7s,stol,sto1l,sto2l,sto3l,sto4l,sto5l,sto6l,sto7l,stos,sto1s,sto2s,sto3s,sto4s,sto5s,sto6s,sto7s,Pred
0.012766285714285714,0.01275525,0.012707607142857144,0.012685785714285714,0.012757392857142856,0.012718178571428571,0.012769714285714285,0.013149142857142858,38.533366021815816,39.622735991978374,38.62040573973771,40.57170195050482,52.413025342391954,47.48102503825073,55.51013763718121,71.16061852047297,7.532986563823935,-9.43411955335,14.223192801147006,0.0625214845673016,-14.285714285714274,8.381392938504137,5.9043213472101606,-6.940851884811981,-1.8661685467504592e-05,-2.0865446730027647e-06,-8.223769660046364e-07,1.4820129806672515e-06,1.3731655540821905e-05,2.9791030056554334e-06,6.962462657998286e-06,2.907605438162968e-05,-4.528182700420241e-05,-4.2405972758332535e-05,-4.251999669941178e-05,-3.969789942615285e-05,-1.1720774561122863e-05,-1.0431112336151027e-05,2.4700584854983907e-06,0.00010076417558785163,-2.662014153669782e-05,-4.0319428085329776e-05,-4.169761973340715e-05,-4.11799124068201e-05,-2.5452430101944768e-05,-1.3410215341806461e-05,-4.492404172499896e-06,7.168812120622196e-05,59.44098301177632,24.668416175420763,68.18752152140976,68.36049542584674,69.05619106253769,61.96434890483825,76.4477921705472,45.283291065320746,51.90799644795238,34.10253572877076,53.964328720262756,68.29797394127944,83.34190534825197,53.58295596633412,70.54347082333705,52.22414295013272,0
