p1,p2,p3,p4,p5,p6,p7,p8,rsi,rsi1,rsi2,rsi3,rsi4,rsi5,rsi6,rsi7,sto,sto1,sto2,sto3,sto4,sto5,sto6,sto7,macd,macd1,macd2,macd3,macd4,macd5,macd6,macd7,macdl,macd1l,macd2l,macd3l,macd4l,macd5l,macd6l,macd7l,macds,macd1s,macd2s,macd3s,macd4s,macd5s,macd6s,macd7s,stol,sto1l,sto2l,sto3l,sto4l,sto5l,sto6l,sto7l,stos,sto1s,sto2s,sto3s,sto4s,sto5s,sto6s,sto7s,Pred
0.011969857142857143,0.011951928571428572,0.01201825,0.012069857142857143,0.012081464285714286,0.012086214285714285,0.012049071428571428,0.012020142857142858,47.58514213949324,46.0546824182343,62.08794475895388,67.14495699535625,64.0984258220009,61.99008248199063,44.664746894687894,41.300728172818395,-8.930926267205967,11.41607746053431,1.1825937761495677,-1.0150610510858574e-15,-11.439385104842826,0.7083606535801107,-3.5546898344515894,-2.0258926811255238e-14,1.5551161851895754e-06,-1.767385683525061e-06,8.39796439253236e-06,9.813268586007058e-06,2.1754148058065856e-06,-2.447471457566259e-06,-7.1631118898123346e-06,-4.769949072265781e-06,-5.418052026998374e-06,-1.2543424282740665e-05,4.9573810674904365e-06,2.4227722474567948e-05,2.6813883295106985e-05,2.0338525365138004e-05,7.460170040669596e-06,-8.718817775873254e-06,-6.97316821218795e-06,-1.0776038599215605e-05,-3.4405833250419236e-06,1.441445388856089e-05,2.4638468489300397e-05,2.278599682270426e-05,1.4623281930481931e-05,-3.948868703607472e-06,23.771214303114185,56.397864066709076,89.00092455679052,65.93334568659633,16.004207990970713,48.17446608624911,2.251002684706553,42.47687878180847,32.702140570320154,44.981786606174765,87.81833078064096,65.93334568659633,27.443593095813537,47.466105432669,5.805692519158143,42.47687878180849,0
