p1,p2,p3,p4,p5,p6,p7,p8,rsi,rsi1,rsi2,rsi3,rsi4,rsi5,rsi6,rsi7,sto,sto1,sto2,sto3,sto4,sto5,sto6,sto7,macd,macd1,macd2,macd3,macd4,macd5,macd6,macd7,macdl,macd1l,macd2l,macd3l,macd4l,macd5l,macd6l,macd7l,macds,macd1s,macd2s,macd3s,macd4s,macd5s,macd6s,macd7s,stol,sto1l,sto2l,sto3l,sto4l,sto5l,sto6l,sto7l,stos,sto1s,sto2s,sto3s,sto4s,sto5s,sto6s,sto7s,Pred
0.012455321428571428,0.012448607142857143,0.01244667857142857,0.012467107142857143,0.012455428571428572,0.012455464285714285,0.012478285714285714,0.012475357142857142,61.879611615962624,56.67107984534166,52.92446651520211,54.31082355625269,51.61681322186325,51.59877510245733,55.51035054891473,53.20715735762298,-10.580298448395713,9.291576342151393,-5.912441963283967,-4.919590622644148,0.9378941886898087,11.945508507170961,-6.400910249761982,-0.6135621986389905,8.412778061641948e-07,-3.188351730290721e-06,-4.24428169945571e-06,-2.034193463219514e-06,-3.5282277703020614e-06,-1.943903661639686e-06,1.6239424921402388e-06,-6.356623128336531e-07,3.098367027409991e-05,2.3922947567618e-05,1.817727462529143e-05,1.4284571640204243e-05,6.259348319971851e-06,3.4009607070281965e-06,8.443291889951537e-06,5.547934894200589e-06,3.014239246793572e-05,2.7111299297908724e-05,2.242155632474714e-05,1.6318765103423758e-05,9.787576090273912e-06,5.344864368667882e-06,6.819349397811298e-06,6.183597207034242e-06,52.92246454347,56.78166388726503,23.131549731974825,48.30963012764508,47.619484125182495,64.64050500135639,40.32799158372136,41.87425450518882,63.50276299186571,47.49008754511364,29.043991695258793,53.22922075028922,46.68158993649269,52.694996494185425,46.72890183348334,42.48781670382782,0
