p1,p2,p3,p4,p5,p6,p7,p8,rsi,rsi1,rsi2,rsi3,rsi4,rsi5,rsi6,rsi7,sto,sto1,sto2,sto3,sto4,sto5,sto6,sto7,macd,macd1,macd2,macd3,macd4,macd5,macd6,macd7,macdl,macd1l,macd2l,macd3l,macd4l,macd5l,macd6l,macd7l,macds,macd1s,macd2s,macd3s,macd4s,macd5s,macd6s,macd7s,stol,sto1l,sto2l,sto3l,sto4l,sto5l,sto6l,sto7l,stos,sto1s,sto2s,sto3s,sto4s,sto5s,sto6s,sto7s,Pred
0.010698857142857144,0.010676607142857142,0.010719285714285714,0.010718464285714286,0.010697392857142857,0.010679178571428572,0.01067975,0.010684267857142857,31.465602836436638,32.28771895269839,47.09626976064627,48.585118099357004,42.73613735748393,41.45329135215055,44.34490107179548,47.58274368294659,10.272130750799443,3.1081770226176872,-7.819636930326456,-0.0384130135371696,-2.1162611735347703,9.654491007996139,-4.292559451693395,1.9582836788380824,-8.88416126003274e-06,-2.083991068203894e-06,9.764634523419045e-06,7.59609607113221e-06,1.2792858562727013e-06,-1.5455706877197433e-06,6.099603466615142e-07,1.5278191754499757e-06,-4.2110945970266124e-05,-4.40943727169602e-05,-2.3692162914071627e-05,-1.0229858085862526e-05,-8.336662004886334e-06,-1.2770366413796619e-05,-1.1285694932623614e-05,-4.680350222166829e-06,-3.322678471023338e-05,-4.2010381648756305e-05,-3.3456797437490674e-05,-1.7825954156994737e-05,-9.615947861159035e-06,-1.1224795726076875e-05,-1.1895655279285129e-05,-6.208169397616805e-06,69.30659564205196,32.637880326248656,78.94703278309893,55.58224426452612,24.404010272735178,49.70148277858944,55.72001836219307,48.96822317651849,59.03446489125252,29.529703303630967,86.76666971342539,55.62065727806329,26.52027144626995,40.046991770593294,60.01257781388647,47.00993949768041,0
