p1,p2,p3,p4,p5,p6,p7,p8,rsi,rsi1,rsi2,rsi3,rsi4,rsi5,rsi6,rsi7,sto,sto1,sto2,sto3,sto4,sto5,sto6,sto7,macd,macd1,macd2,macd3,macd4,macd5,macd6,macd7,macdl,macd1l,macd2l,macd3l,macd4l,macd5l,macd6l,macd7l,macds,macd1s,macd2s,macd3s,macd4s,macd5s,macd6s,macd7s,stol,sto1l,sto2l,sto3l,sto4l,sto5l,sto6l,sto7l,stos,sto1s,sto2s,sto3s,sto4s,sto5s,sto6s,sto7s,Pred
0.013468500000000001,0.01356675,0.013553214285714285,0.013336321428571428,0.013310535714285714,0.013222142857142858,0.013023285714285715,0.013119964285714285,52.265965186620576,61.879702473796435,55.22460208976215,32.24151034737268,36.38301395007151,31.631315472732098,28.653122539602084,44.438481003043094,3.8115690225423444,-4.7619047619047645,-8.23832195997235,8.238321959972355,-0.35479640410859453,-9.169013119700923,13.394840057730189,-6.697420028865116,-3.109172649177452e-05,-3.5953448419026547e-06,-4.260993545244759e-06,-3.022972709403504e-05,-1.4755979823289323e-05,-6.585280180888398e-06,-2.0601976357297143e-05,1.3466783072030807e-05,3.620476713999736e-05,3.7401353833639624e-05,3.45393680230816e-05,-2.676789002057159e-05,-5.326115417629562e-05,-5.4983492330733736e-05,-0.00010195721075157912,-4.8812728406684314e-05,6.729649363177188e-05,4.099669867554228e-05,3.880036156832636e-05,3.461837073463451e-06,-3.85051743530063e-05,-4.839821214984534e-05,-8.135523439428197e-05,-6.227951147871511e-05,56.980229853147264,74.39021174829662,27.624669377433676,18.92903434088404,79.46283351998423,38.5885505399853,71.20570800162557,47.50383283709193,53.16866083060492,79.1521165102014,35.86299133740602,10.690712380911688,79.81762992409281,47.75756365968622,57.810867943895374,54.201252865957045,0
