p1,p2,p3,p4,p5,p6,p7,p8,rsi,rsi1,rsi2,rsi3,rsi4,rsi5,rsi6,rsi7,sto,sto1,sto2,sto3,sto4,sto5,sto6,sto7,macd,macd1,macd2,macd3,macd4,macd5,macd6,macd7,macdl,macd1l,macd2l,macd3l,macd4l,macd5l,macd6l,macd7l,macds,macd1s,macd2s,macd3s,macd4s,macd5s,macd6s,macd7s,stol,sto1l,sto2l,sto3l,sto4l,sto5l,sto6l,sto7l,stos,sto1s,sto2s,sto3s,sto4s,sto5s,sto6s,sto7s,Pred
0.012128571428571428,0.012085678571428572,0.0121055,0.012122071428571428,0.011980071428571428,0.011928892857142858,0.011954678571428571,0.011985392857142858,56.96257537752541,50.70145317231906,54.02334328729451,53.231920728401356,34.365795142599445,34.55111771684063,45.33206008104284,50.33046587403927,-0.8088030103218738,7.311560875155209,-0.25703502139122086,-7.48945088213618,3.975067405857358,4.076503725164869,3.411147709888932,-0.7035675775859069,-2.5733844959617762e-05,-1.8275668164174007e-05,-6.5376991908964615e-06,9.16315889867529e-07,-1.6273268562090818e-05,-1.2110530811578175e-05,4.405595356343178e-06,7.963280627572637e-06,4.121301489302185e-05,1.345958591500217e-05,1.9357190146323394e-06,9.523718132516867e-06,-2.2418903766647076e-05,-4.657399303967718e-05,-3.528910358100598e-05,-8.385119016735966e-06,6.694685985263962e-05,3.1735254079176176e-05,8.473418205528801e-06,8.607402242649337e-06,-6.14563520455626e-06,-3.4463462228099e-05,-3.9694698937349156e-05,-1.6348399644308603e-05,36.47556700848572,35.02427954517981,84.48116633679119,20.554376085247107,16.28886909903495,62.10084361911592,86.86539072430354,59.76689956944607,37.28437001880759,27.7127186700246,84.73820135818241,28.043826967383286,12.313801693177592,58.02433989395105,83.4542430144146,60.470467147031975,0
