p1,p2,p3,p4,p5,p6,p7,p8,rsi,rsi1,rsi2,rsi3,rsi4,rsi5,rsi6,rsi7,sto,sto1,sto2,sto3,sto4,sto5,sto6,sto7,macd,macd1,macd2,macd3,macd4,macd5,macd6,macd7,macdl,macd1l,macd2l,macd3l,macd4l,macd5l,macd6l,macd7l,macds,macd1s,macd2s,macd3s,macd4s,macd5s,macd6s,macd7s,stol,sto1l,sto2l,sto3l,sto4l,sto5l,sto6l,sto7l,stos,sto1s,sto2s,sto3s,sto4s,sto5s,sto6s,sto7s,Pred
0.012893714285714286,0.012954821428571428,0.012871357142857143,0.012777214285714286,0.012681464285714285,0.01271942857142857,0.012762571428571429,0.012631857142857143,41.98634782821562,50.183871552804796,40.01694988665142,30.707596027326815,30.026415018213854,42.57092380835524,49.88707288099461,36.23077761328923,3.1767327916591808,-14.285714285714286,1.448878249181466,-0.0381128852233286,8.63201715807211,-6.379309356553885,-3.6634731654763617,1.3794327918889473,-7.982777986111281e-06,1.0503612360540096e-05,-6.807912441628304e-07,-9.499464497475507e-06,-1.0619137446877513e-05,7.717206593142966e-06,1.4670341794706638e-05,-4.464358402342939e-06,-4.696431860174918e-05,-2.2653979497139855e-05,-2.274388731197654e-05,-4.341335606150824e-05,-6.514208603371084e-05,-4.698957903486843e-05,-1.6538470071620487e-05,-3.417309070377157e-05,-3.89815406156379e-05,-3.315759185767995e-05,-2.2063096067813713e-05,-3.391389156403273e-05,-5.452294858683333e-05,-5.470678562801139e-05,-3.1208811866327126e-05,-2.970873230142863e-05,75.50250422733679,64.22470416077742,4.5266077774825995,12.2806963125618,64.01497330366406,70.16850599688115,55.02266837368815,33.87730865106492,72.32577143567761,78.51041844649171,3.077729528301133,12.318809197785129,55.38295614559196,76.54781535343503,58.68614153916451,32.49787585917598,0
