p1,p2,p3,p4,p5,p6,p7,p8,rsi,rsi1,rsi2,rsi3,rsi4,rsi5,rsi6,rsi7,sto,sto1,sto2,sto3,sto4,sto5,sto6,sto7,macd,macd1,macd2,macd3,macd4,macd5,macd6,macd7,macdl,macd1l,macd2l,macd3l,macd4l,macd5l,macd6l,macd7l,macds,macd1s,macd2s,macd3s,macd4s,macd5s,macd6s,macd7s,stol,sto1l,sto2l,sto3l,sto4l,sto5l,sto6l,sto7l,stos,sto1s,sto2s,sto3s,sto4s,sto5s,sto6s,sto7s,Pred
0.013460714285714286,0.013327535714285714,0.012935857142857143,0.013405178571428571,0.013911785714285715,0.014062107142857144,0.013822535714285714,0.013879482142857143,41.985042465837445,38.81286940788362,33.91673690731391,53.74915629880797,63.97666981476491,60.15591233016293,50.689350971857095,54.77770230547996,4.4331984580236785,5.388693252718589,1.8194264252060717,-0.3224605775095262,-3.4462509303054563,-8.270101157036239,1.0827317878249145e-14,7.1428571428571335,-4.458448223694407e-05,-2.783555195937998e-05,-4.651095129707885e-05,5.159655026299109e-05,9.324897231994994e-05,5.0693679856391775e-05,-3.869939895627963e-05,-1.7707223311506353e-05,-4.344220988444285e-05,-8.462676109167266e-05,-0.00017195039919318651,-6.384141583256406e-05,0.0001085059011238331,0.00021121359182397825,0.0001122061194028186,3.389719650456807e-05,1.1422723525012204e-06,-5.6791209132292686e-05,-0.00012543944789610768,-0.00011543796609555516,1.5256928803883166e-05,0.00016051991196758646,0.00015090551835909822,5.1604419816074424e-05,39.50845389983567,58.182857009434954,53.01773977333461,73.71823626373124,86.54243109242121,6.912076344612578,9.151139480358498,81.23585862767307,35.075255441812,52.794163756716365,51.198313348128536,74.04069684124076,89.98868202272666,15.182177501648816,9.151139480358488,74.09300148481593,0
