p1,p2,p3,p4,p5,p6,p7,p8,rsi,rsi1,rsi2,rsi3,rsi4,rsi5,rsi6,rsi7,sto,sto1,sto2,sto3,sto4,sto5,sto6,sto7,macd,macd1,macd2,macd3,macd4,macd5,macd6,macd7,macdl,macd1l,macd2l,macd3l,macd4l,macd5l,macd6l,macd7l,macds,macd1s,macd2s,macd3s,macd4s,macd5s,macd6s,macd7s,stol,sto1l,sto2l,sto3l,sto4l,sto5l,sto6l,sto7l,stos,sto1s,sto2s,sto3s,sto4s,sto5s,sto6s,sto7s,Pred
0.007770071428571428,0.007686535714285714,0.0076808928571428575,0.00770225,0.008012428571428571,0.008100535714285715,0.008028964285714285,0.008021178571428571,62.378092475677214,51.346166403132735,50.20630296168697,53.33924171879583,72.9776177997489,72.21944240549769,54.6630203204996,52.999745337181324,-4.906128413581644e-15,2.94321264433783,4.279940017183904,7.0625616241925275,-14.285714285714281,14.28571428571429,-9.763141880358958,-1.9675131375550319,-1.2043742194323833e-05,-2.9960788928229305e-05,-1.8592460878398543e-05,-5.655924215531876e-06,3.2359011665606774e-05,1.6751563044847538e-05,-1.2013369520771253e-05,-1.5018960600166603e-05,0.00011005692282325357,4.649475434924227e-05,1.59329720184532e-05,9.129788106784404e-06,7.632505009967464e-05,0.0001039374652738196,7.965320245276384e-05,2.9455643957537622e-05,0.0001221006650175774,7.645554327747158e-05,3.4525432896851746e-05,1.478571232231628e-05,4.3966038434067864e-05,8.718590222897206e-05,9.16665719735351e-05,4.4474604557704226e-05,12.593326465644052,41.60903809598956,41.07137889346145,56.87625599688516,55.25184966582448,78.34220269167015,16.38263341434099,41.62623057193523,12.593326465644058,38.66582545165173,36.791438876277546,49.81369437269264,69.53756395153876,64.05648840595588,26.14577529469995,43.59374370949026,0
