p1,p2,p3,p4,p5,p6,p7,p8,rsi,rsi1,rsi2,rsi3,rsi4,rsi5,rsi6,rsi7,sto,sto1,sto2,sto3,sto4,sto5,sto6,sto7,macd,macd1,macd2,macd3,macd4,macd5,macd6,macd7,macdl,macd1l,macd2l,macd3l,macd4l,macd5l,macd6l,macd7l,macds,macd1s,macd2s,macd3s,macd4s,macd5s,macd6s,macd7s,stol,sto1l,sto2l,sto3l,sto4l,sto5l,sto6l,sto7l,stos,sto1s,sto2s,sto3s,sto4s,sto5s,sto6s,sto7s,Pred
0.005958928571428572,0.005948821428571428,0.005958321428571428,0.0059449285714285715,0.005939642857142857,0.005936357142857143,0.005991178571428572,0.006267857142857143,52.76814690807127,50.8277558646197,52.615265860053526,46.246777995458146,46.64529904522879,45.90886419513471,63.4461503367173,76.00685265498561,0.9855824002519781,9.126608081424116,-5.302548704541859,-3.014742476801994,5.651055099974543,-7.813939550934878,14.285714285714294,-4.841913112899497,-1.9555311327198764e-06,-3.2381429139433305e-06,-5.44905217666238e-07,-2.0969845016084e-06,-1.8916863414598486e-06,-3.9437647924646875e-07,5.6099595166959415e-06,2.1760840325253346e-05,1.0803298888630564e-05,3.901108074604924e-06,4.11832453436268e-06,7.864695468029927e-07,-3.5247950458953513e-06,-3.4062444578710534e-06,4.580938516125862e-06,7.857461923088981e-05,1.275883002135044e-05,7.139250988548254e-06,4.6632297520289186e-06,2.8834540484113926e-06,-1.6331087044355025e-06,-3.0118679786245847e-06,-1.0290210005700794e-06,5.681377890563646e-05,42.04134107376715,51.94150601572743,34.429319069613186,16.99248012432747,64.58685585714697,33.096853616411046,79.31083671292524,45.67372945607284,41.05575867351517,42.81489793430331,39.73186777415504,20.007222601129463,58.93580075717242,40.91079316734593,65.02512242721095,50.51564256897234,0
