p1,p2,p3,p4,p5,p6,p7,p8,rsi,rsi1,rsi2,rsi3,rsi4,rsi5,rsi6,rsi7,sto,sto1,sto2,sto3,sto4,sto5,sto6,sto7,macd,macd1,macd2,macd3,macd4,macd5,macd6,macd7,macdl,macd1l,macd2l,macd3l,macd4l,macd5l,macd6l,macd7l,macds,macd1s,macd2s,macd3s,macd4s,macd5s,macd6s,macd7s,stol,sto1l,sto2l,sto3l,sto4l,sto5l,sto6l,sto7l,stos,sto1s,sto2s,sto3s,sto4s,sto5s,sto6s,sto7s,Pred
0.01093325,0.01093125,0.010941375,0.010949416666666666,0.010936375,0.010952708333333333,0.010953958333333333,0.010956249999999999,48.797154974474836,49.150060829613984,52.4558343187923,54.559081697376186,47.51728885293762,55.659648390055224,54.346686681132354,54.035112020518156,-2.432185479075995,5.555555555555553,-4.847165242295774,2.357054690881368,2.4901105514144133,-2.572341440663107,12.865357809563555,-2.8979913980626293,-1.0479265483242151e-05,-6.3789452569570175e-06,-2.03867679426677e-06,3.116288303398477e-07,-1.7187697380500631e-06,7.11369305569131e-07,6.885878121505904e-07,1.5606935141787915e-07,1.2227038751362723e-05,3.7382957403907465e-06,2.5138431125360885e-06,4.357338585785249e-06,1.0304242821605747e-06,2.6317694981781853e-06,4.1168129287840844e-06,4.073856806990955e-06,2.2706304234604874e-05,1.0117240997347764e-05,4.5525199068028585e-06,4.045709755445401e-06,2.749194020210638e-06,1.920400192609054e-06,3.428225116633494e-06,3.917787455573076e-06,13.380467810040896,83.33333333333333,60.67522272448992,50.362732737165736,23.530452564986867,68.16497525421738,55.42827367362138,64.87994217961236,15.812653289116891,77.77777777777779,65.52238796678569,48.005678046284366,21.040342013572452,70.73731669488049,42.56291586405783,67.77793357767499,0
