p1,p2,p3,p4,p5,p6,p7,p8,rsi,rsi1,rsi2,rsi3,rsi4,rsi5,rsi6,rsi7,sto,sto1,sto2,sto3,sto4,sto5,sto6,sto7,macd,macd1,macd2,macd3,macd4,macd5,macd6,macd7,macdl,macd1l,macd2l,macd3l,macd4l,macd5l,macd6l,macd7l,macds,macd1s,macd2s,macd3s,macd4s,macd5s,macd6s,macd7s,stol,sto1l,sto2l,sto3l,sto4l,sto5l,sto6l,sto7l,stos,sto1s,sto2s,sto3s,sto4s,sto5s,sto6s,sto7s,Pred
0.010938178571428573,0.010914178571428571,0.010960642857142858,0.010932107142857143,0.010892285714285714,0.010783714285714285,0.010826178571428572,0.010809125,53.47969104048949,48.79125000211689,60.091530625315336,47.584827496576715,37.509103250344374,24.10662170400159,44.494752982552455,43.705936212631684,-5.9665664350188035,14.285714285714276,-10.956304468754192,-3.329409816960105,6.333758957276965,2.0834492927919266,-4.463763148276587,3.767701381654806,3.0026945345210315e-06,-4.474361205081174e-06,3.7029299048034715e-06,-1.79126283215388e-06,-6.827677068019469e-06,-1.3432692331509924e-05,1.7868055939905977e-06,3.2973450478166878e-06,1.2550513459374534e-05,-4.982790889672803e-07,8.278401255350331e-06,5.9875720718563606e-06,-9.05897247269293e-06,-3.3612355964885866e-05,-2.910556574570921e-05,-1.665213883074198e-05,9.547818924853503e-06,3.976082116113894e-06,4.57547135054686e-06,7.77883490401024e-06,-2.2312954046734615e-06,-2.0179663633375945e-05,-3.089237133969981e-05,-1.9949483878558666e-05,7.166261249094775,64.49606715830129,74.34621617706124,0.9699405863225117,42.3055129471144,33.314664119929496,76.01032468808971,50.93960269338927,13.132827684113579,50.21035287258701,85.30252064581543,4.299350403282617,35.97175398983744,31.23121482713757,80.47408783636631,47.17190131173446,0
