p1,p2,p3,p4,p5,p6,p7,p8,rsi,rsi1,rsi2,rsi3,rsi4,rsi5,rsi6,rsi7,sto,sto1,sto2,sto3,sto4,sto5,sto6,sto7,macd,macd1,macd2,macd3,macd4,macd5,macd6,macd7,macdl,macd1l,macd2l,macd3l,macd4l,macd5l,macd6l,macd7l,macds,macd1s,macd2s,macd3s,macd4s,macd5s,macd6s,macd7s,stol,sto1l,sto2l,sto3l,sto4l,sto5l,sto6l,sto7l,stos,sto1s,sto2s,sto3s,sto4s,sto5s,sto6s,sto7s,Pred
0.010698714285714285,0.010671142857142856,0.010690285714285715,0.010707821428571428,0.010698214285714285,0.010687714285714286,0.010682107142857142,0.010690142857142856,35.16442053085745,33.403464288783624,44.23312812851559,52.552174998415346,48.46793516268851,45.94660550047576,45.96984371083063,50.518590409898295,4.443643525526881,5.104484735133935,-4.890897715352517,-0.21185254058204858,-1.988756824082731,4.0278864908070595,-6.620746303903759,-1.6027110855894653,-4.961437911892149e-06,-4.021017342458393e-06,2.816985457445256e-06,5.951453873068009e-06,1.5374540596040713e-06,-4.981677564835592e-07,-8.375415914975318e-07,1.2387396209305663e-06,-1.4192183550526885e-05,-2.176674457126843e-05,-1.5882934059442194e-05,-2.952697356472433e-06,-1.741343213290917e-06,-2.5925916838531244e-06,-5.036965211068738e-06,-1.5890396758416102e-06,-9.230745638634737e-06,-1.7745727228810036e-05,-1.869991951688745e-05,-8.904151229540443e-06,-3.2787972728949883e-06,-2.094423927369565e-06,-4.199423619571206e-06,-2.8277792967721765e-06,47.48563144078126,41.50401836512591,73.67761329259405,61.72591969591006,48.69353333829414,40.04801013794924,60.00614600581329,58.45760610850602,43.041987915254374,36.39953362999197,78.56851100794655,61.93777223649211,50.682290162376866,36.02012364714218,66.62689230971705,60.06031719409549,0
