p1,p2,p3,p4,p5,p6,p7,p8,rsi,rsi1,rsi2,rsi3,rsi4,rsi5,rsi6,rsi7,sto,sto1,sto2,sto3,sto4,sto5,sto6,sto7,macd,macd1,macd2,macd3,macd4,macd5,macd6,macd7,macdl,macd1l,macd2l,macd3l,macd4l,macd5l,macd6l,macd7l,macds,macd1s,macd2s,macd3s,macd4s,macd5s,macd6s,macd7s,stol,sto1l,sto2l,sto3l,sto4l,sto5l,sto6l,sto7l,stos,sto1s,sto2s,sto3s,sto4s,sto5s,sto6s,sto7s,Pred
0.010615892857142858,0.010603428571428571,0.010604142857142857,0.01060825,0.0105965,0.010574928571428572,0.010587000000000001,0.010584285714285714,53.21569761866518,48.02465960238808,49.48824916138748,50.9743331896235,44.269418909796535,38.78736724214849,49.722742612164836,48.59999035249203,-5.008749282650723,3.989104960856004,10.296609324858276,-7.957132248380759,-6.328582037333535,10.964756401216366,1.838551614842016,-1.1942613644801288,3.185074986221535e-06,-3.822648083377581e-07,-1.0087797411698486e-07,9.758080083089598e-07,-6.787252835217212e-07,-2.942342104328754e-06,8.896791663094902e-07,1.1433779194094775e-06,-5.404222429283845e-08,-2.2099656192435833e-06,-2.887909612336622e-06,-4.2391515132787373e-07,-1.6079240743581513e-06,-7.77002094343617e-06,-6.3256891818628495e-06,-2.7711336492616714e-06,-3.2391172105143735e-06,-1.8277008109058251e-06,-2.787031638219637e-06,-1.3997231596368336e-06,-9.2919879083643e-07,-4.827678839107417e-06,-7.21536834817234e-06,-3.914511568671149e-06,34.55185081881406,48.52503911307408,74.07707762996174,38.12032907927158,15.088817538828295,47.83131205438183,78.52506057021868,40.69674552754138,39.560600101464786,44.535934152218076,63.78046830510346,46.07746132765234,21.41739957616183,36.86655565316547,76.68650895537667,41.891006892021515,0
