p1,p2,p3,p4,p5,p6,p7,p8,rsi,rsi1,rsi2,rsi3,rsi4,rsi5,rsi6,rsi7,sto,sto1,sto2,sto3,sto4,sto5,sto6,sto7,macd,macd1,macd2,macd3,macd4,macd5,macd6,macd7,macdl,macd1l,macd2l,macd3l,macd4l,macd5l,macd6l,macd7l,macds,macd1s,macd2s,macd3s,macd4s,macd5s,macd6s,macd7s,stol,sto1l,sto2l,sto3l,sto4l,sto5l,sto6l,sto7l,stos,sto1s,sto2s,sto3s,sto4s,sto5s,sto6s,sto7s,Pred
0.011139357142857144,0.011051464285714286,0.011024892857142858,0.011022357142857143,0.011006214285714286,0.010983714285714286,0.01096192857142857,0.010910964285714286,78.61518043290121,54.05589308437733,50.69637383733131,50.23349486988186,47.635032282294226,46.21486158269529,45.80956599711439,42.825674334223926,-13.591353192930773,0.28856298694114013,8.54088544408492,4.480728428849449,-3.768828124641669,-3.7980946481767726,-4.674350542673966,5.5490662676079205,1.9157480724473388e-05,-6.911646298087151e-06,-1.3930371164208704e-05,-6.653952206523797e-06,-4.595202723068531e-06,-3.178484396742436e-06,-4.0666171260539e-06,-2.7732759878822217e-06,6.152421079151649e-05,4.645018485728619e-05,1.5045205474036088e-05,5.2729298156028505e-06,-1.9418172568768516e-06,-5.3007189478350425e-06,-1.4802013417705706e-05,-2.3161648207134016e-05,4.23667300670431e-05,5.336183115537334e-05,2.8975576638244793e-05,1.1926882022126649e-05,2.65338546619168e-06,-2.1222345510926064e-06,-1.0735396291651805e-05,-2.0388372219251795e-05,47.52345488366814,7.531925790625302,39.950584455448386,52.982569887273186,34.845320837450686,61.092556620589576,55.02356213167067,55.378211057846336,61.11480807659891,7.243362803684162,31.409699011363468,48.50184145842373,38.61414896209235,64.89065126876635,59.697912674344636,49.829144790238416,0
