p1,p2,p3,p4,p5,p6,p7,p8,rsi,rsi1,rsi2,rsi3,rsi4,rsi5,rsi6,rsi7,sto,sto1,sto2,sto3,sto4,sto5,sto6,sto7,macd,macd1,macd2,macd3,macd4,macd5,macd6,macd7,macdl,macd1l,macd2l,macd3l,macd4l,macd5l,macd6l,macd7l,macds,macd1s,macd2s,macd3s,macd4s,macd5s,macd6s,macd7s,stol,sto1l,sto2l,sto3l,sto4l,sto5l,sto6l,sto7l,stos,sto1s,sto2s,sto3s,sto4s,sto5s,sto6s,sto7s,Pred
0.009996607142857142,0.010058714285714285,0.010064357142857142,0.010053892857142857,0.010052785714285714,0.010018214285714287,0.010019785714285714,0.010121464285714286,59.04338302029715,67.69648208103959,62.30854967114936,54.798723543725615,52.60093455311896,43.43951631960525,46.138019523248225,59.76358505763854,9.547756757086029,-10.380800680743484,3.2465649681730055,-4.2178920633964685,6.6509680115232275,-3.657658364324808,-5.926896156945749,2.06621312135812,1.4113851343472103e-06,5.021646079604454e-06,-5.326678133695238e-08,-4.393789002093405e-06,-4.239403213587434e-06,-6.575265812561302e-06,-3.0727642180606662e-06,9.934542016463108e-06,1.8781426619627973e-05,2.843125914944312e-05,2.733417605063081e-05,1.788782851638116e-05,1.0737847216444815e-05,-6.898040351196316e-07,-6.837157096182406e-06,2.0136738241764186e-05,1.7370041485280764e-05,2.3409613069838662e-05,2.738744283196776e-05,2.2281617518474563e-05,1.4977250430032249e-05,5.8854617774416705e-06,-3.7643928781217395e-06,1.0202196225301078e-05,57.34716834779579,57.74660471523493,29.113391696075198,33.594857446875515,39.27552308124032,27.546969029732786,68.0902215370813,46.69437252176751,47.79941159070976,68.12740539597841,25.866826727902193,37.812749510271985,32.62455506971709,31.204627394057596,74.01711769402706,44.628159400409395,0
