p1,p2,p3,p4,p5,p6,p7,p8,rsi,rsi1,rsi2,rsi3,rsi4,rsi5,rsi6,rsi7,sto,sto1,sto2,sto3,sto4,sto5,sto6,sto7,macd,macd1,macd2,macd3,macd4,macd5,macd6,macd7,macdl,macd1l,macd2l,macd3l,macd4l,macd5l,macd6l,macd7l,macds,macd1s,macd2s,macd3s,macd4s,macd5s,macd6s,macd7s,stol,sto1l,sto2l,sto3l,sto4l,sto5l,sto6l,sto7l,stos,sto1s,sto2s,sto3s,sto4s,sto5s,sto6s,sto7s,Pred
0.0303323125,0.03033025,0.0302943125,0.030270125000000002,0.0302105,0.0302099375,0.0302085,0.03016555,69.00568651752845,64.75255646343992,58.09510436379742,51.33562687192439,41.57771282255829,42.92267060837868,43.270641327936055,35.38072807281473,7.688801748000005,-22.774452130108457,12.644353073766608,-13.310897920730246,0.7814868619875173,18.564963123946818,-5.043885312832021,-2.375155878129147,-1.8239398947453946e-05,-1.4605655677784267e-05,-1.8423999043311728e-05,-1.8472556374667558e-05,-2.25439686197979e-05,-1.6731581268322476e-05,-9.124664899035707e-06,-6.03220874940237e-06,8.382630704441806e-05,7.26999217724603e-05,5.1562711147840924e-05,3.3705158259705013e-05,7.91753750296019e-06,-5.855811165425551e-06,-9.935596025661096e-06,-1.8511079886962892e-05,0.000102065705991872,8.730557745024457e-05,6.998671019115265e-05,5.217771463437257e-05,3.046150612275809e-05,1.0875770102896925e-05,-8.109311266253885e-07,-1.2478871137560521e-05,63.4676557602224,20.480338057723905,25.93943837729233,25.0,6.467530271541954,69.75419797276327,60.01398713797045,18.507635013947333,55.778854012222396,43.25479018783236,13.295085303525722,38.31089792073025,5.686043409554437,51.18923484881644,65.05787245080248,20.882790892076482,0
