p1,p2,p3,p4,p5,p6,p7,p8,rsi,rsi1,rsi2,rsi3,rsi4,rsi5,rsi6,rsi7,sto,sto1,sto2,sto3,sto4,sto5,sto6,sto7,macd,macd1,macd2,macd3,macd4,macd5,macd6,macd7,macdl,macd1l,macd2l,macd3l,macd4l,macd5l,macd6l,macd7l,macds,macd1s,macd2s,macd3s,macd4s,macd5s,macd6s,macd7s,stol,sto1l,sto2l,sto3l,sto4l,sto5l,sto6l,sto7l,stos,sto1s,sto2s,sto3s,sto4s,sto5s,sto6s,sto7s,Pred
0.0341371875,0.034149,0.0341165,0.034071937499999996,0.034124,0.0341610625,0.034227625000000005,0.03409545,36.44061170348974,39.64457120151665,38.42936901090967,36.84382795714375,46.90782402633703,52.438480528068496,61.23733875444499,41.909811864446134,8.81094704837351,2.175303322956017,-1.4113506595757581,3.8873473811751857,1.3580858139123855,2.874727378489016,-3.552713678800501e-15,-2.1064541573446793,5.172178504559096e-07,2.824843451515954e-06,2.7159848632263236e-06,-5.376395897501248e-07,7.809663412766104e-06,1.4097977597126384e-05,1.9961484732250304e-05,-5.3908124406393595e-06,-5.410392993242079e-05,-5.025321386389024e-05,-4.7134740200857964e-05,-5.015400772084323e-05,-3.7773144083463536e-05,-1.9542745383436394e-05,4.612800429038347e-06,-9.323157283003259e-06,-5.46211477828767e-05,-5.3078057315406194e-05,-4.9850725064084285e-05,-4.961636813109311e-05,-4.5582807496229643e-05,-3.364072298056278e-05,-1.5348684303211958e-05,-3.932344842363899e-06,26.24464709853207,76.82063080426352,58.31617906045442,55.225646351505546,95.68790893226648,80.07896445103306,93.42156674449748,27.099275857748374,17.433700050158556,74.6453274813075,59.72752972003018,51.33829897033036,94.3298231183541,77.20423707254403,93.42156674449748,29.205730015093053,0
