p1,p2,p3,p4,p5,p6,p7,p8,rsi,rsi1,rsi2,rsi3,rsi4,rsi5,rsi6,rsi7,sto,sto1,sto2,sto3,sto4,sto5,sto6,sto7,macd,macd1,macd2,macd3,macd4,macd5,macd6,macd7,macdl,macd1l,macd2l,macd3l,macd4l,macd5l,macd6l,macd7l,macds,macd1s,macd2s,macd3s,macd4s,macd5s,macd6s,macd7s,stol,sto1l,sto2l,sto3l,sto4l,sto5l,sto6l,sto7l,stos,sto1s,sto2s,sto3s,sto4s,sto5s,sto6s,sto7s,Pred
0.032572437499999995,0.032577,0.0325535,0.0326114375,0.032559375,0.0325570625,0.0326685,0.032627325,43.92184394507532,47.53962087603397,41.70360316408638,55.61634059528142,45.81127575559224,48.51121328481599,60.70393203690302,52.346151844093626,2.3528579380955446,6.8929627765012516,-15.226296109834527,17.52735243456965,-17.300619921827774,24.773267487258178,-10.430780873881321,2.3775301868579954,-3.811961709600329e-06,-1.8949889134291983e-06,-2.501836042253799e-06,3.6165169474862094e-06,-1.445687145290391e-07,-2.575022266730128e-06,1.1616360625695418e-05,1.6547524634613624e-06,-3.174814403452547e-06,-4.207609588169001e-06,-6.367738944499518e-06,-2.413520287687654e-07,-1.262361960364597e-06,-6.7223416886121046e-06,1.424301347969191e-05,1.4259976947404024e-05,6.371473061477817e-07,-2.3126206747398023e-06,-3.865902902245719e-06,-3.857868976254975e-06,-1.1177932458355578e-06,-4.1473194218819766e-06,2.626652853996492e-06,1.2605224483942662e-05,69.05152858478034,73.16466553242714,5.5845085774570835,88.79102865185445,0.6801975382255102,73.61486272369254,73.41157402908016,41.65490440041819,66.6986706466848,66.27170275592589,20.81080468729161,71.2636762172848,17.980817460053284,48.841595236434365,83.84235490296147,39.27737421356019,0
