p1,p2,p3,p4,p5,p6,p7,p8,rsi,rsi1,rsi2,rsi3,rsi4,rsi5,rsi6,rsi7,sto,sto1,sto2,sto3,sto4,sto5,sto6,sto7,macd,macd1,macd2,macd3,macd4,macd5,macd6,macd7,macdl,macd1l,macd2l,macd3l,macd4l,macd5l,macd6l,macd7l,macds,macd1s,macd2s,macd3s,macd4s,macd5s,macd6s,macd7s,stol,sto1l,sto2l,sto3l,sto4l,sto5l,sto6l,sto7l,stos,sto1s,sto2s,sto3s,sto4s,sto5s,sto6s,sto7s,Pred
0.03378875,0.0338345,0.033859625,0.0338414375,0.033654,0.0336271875,0.0335911875,0.033550475,46.35577504536384,49.73402220013088,52.646967321917394,48.53123630592761,40.487007686292216,40.856514914193525,40.210232287498265,41.228593373272965,6.353219057422104,-18.434940232444834,14.927838276994493,-21.42499982987657,7.576771634187283,9.850368504854831,-17.495038353715067,2.0842586915629604e-14,1.9437044444330537e-05,2.2504169408428868e-05,1.7545668965654073e-05,1.1177341885997546e-05,-1.5426010263819486e-05,-1.8486793019589183e-05,-1.1641353484262473e-05,-3.364211200464673e-06,-4.7625290368870365e-05,-2.190623550382513e-05,-8.4704636512372e-06,4.748052882825454e-07,-3.182550899893076e-05,-5.3858755456135526e-05,-6.0781290985001055e-05,-5.7005456364992577e-05,-6.70623348132009e-05,-4.4410404912254e-05,-2.6016132616891274e-05,-1.0702536597715001e-05,-1.6399498735111274e-05,-3.537196243654634e-05,-4.9139937500738585e-05,-5.3641245164527904e-05,68.86300685770782,57.91733674511232,76.57562108514645,11.849165991874104,20.326786093132945,51.86053495161399,33.11407150039562,38.28633927125456,62.50978780028571,76.35227697755715,61.647782808151966,33.27416582175067,12.750014458945662,42.01016644675916,50.609109854110685,38.28633927125454,0
