p1,p2,p3,p4,p5,p6,p7,p8,rsi,rsi1,rsi2,rsi3,rsi4,rsi5,rsi6,rsi7,sto,sto1,sto2,sto3,sto4,sto5,sto6,sto7,macd,macd1,macd2,macd3,macd4,macd5,macd6,macd7,macdl,macd1l,macd2l,macd3l,macd4l,macd5l,macd6l,macd7l,macds,macd1s,macd2s,macd3s,macd4s,macd5s,macd6s,macd7s,stol,sto1l,sto2l,sto3l,sto4l,sto5l,sto6l,sto7l,stos,sto1s,sto2s,sto3s,sto4s,sto5s,sto6s,sto7s,Pred
0.0346860625,0.034713375,0.03467475,0.034654875,0.034635625,0.0346354375,0.0346755625,0.0347105,51.42801109430676,55.64818960746365,47.22179869432985,43.52370881360656,41.32422774235721,43.19912541104568,53.21434164455529,59.873344417771186,10.63695578342745,-24.673307225908207,12.163708974447612,-12.490401748539403,8.333333333333334,11.728017567100531,1.4417673040817256,-1.7126521205246774,-6.180148629844477e-06,-1.4817639453794614e-06,-6.100714127716567e-06,-7.922835247136556e-06,-8.332977655819493e-06,-5.580861582759707e-06,2.402482643427252e-06,6.540852457765271e-06,1.6880542142126698e-05,1.8730924252865003e-05,9.734512139434118e-06,7.972713856850555e-07,-8.131998013935146e-06,-1.2357003066787442e-05,-4.983503135895864e-06,1.0172312194096228e-05,2.3060690771971175e-05,2.0212688198244464e-05,1.5835226267150686e-05,8.720106632821611e-06,2.009796418843472e-07,-6.776141484027735e-06,-7.385985779323116e-06,3.6314597363309573e-06,50.0,50.49003916113769,32.112987356347595,10.283354880169263,38.74873565750058,61.66717552632126,92.3871728893485,64.67886149491034,39.36304421657255,75.16334638704589,19.949278381899983,22.773756628708668,30.41540232416725,49.93915795922073,90.94540558526678,66.39151361543502,0
