p1,p2,p3,p4,p5,p6,p7,p8,rsi,rsi1,rsi2,rsi3,rsi4,rsi5,rsi6,rsi7,sto,sto1,sto2,sto3,sto4,sto5,sto6,sto7,macd,macd1,macd2,macd3,macd4,macd5,macd6,macd7,macdl,macd1l,macd2l,macd3l,macd4l,macd5l,macd6l,macd7l,macds,macd1s,macd2s,macd3s,macd4s,macd5s,macd6s,macd7s,stol,sto1l,sto2l,sto3l,sto4l,sto5l,sto6l,sto7l,stos,sto1s,sto2s,sto3s,sto4s,sto5s,sto6s,sto7s,Pred
0.0342376875,0.034248375,0.03426775,0.034281124999999996,0.0343290625,0.034340125,0.0343578125,0.034374375,31.19390685503188,38.28354767218194,44.970105108445345,49.87478834376381,60.91836367817567,60.00621092540955,62.14390946151446,61.44664723170923,18.838033573622475,6.161966426377507,-10.282005966913353,10.282005966913355,-10.155618405729706,-12.555057795715097,6.044009534778137,6.66666666666667,-9.94594287925216e-06,-3.9717847575496e-06,3.182913607507944e-06,6.256630420966961e-06,1.124798368064515e-05,1.0133105487721564e-05,7.261124133909746e-06,2.9658160649429254e-06,-2.8512792589136318e-05,-2.914285458979239e-05,-2.1258955351603076e-05,-1.3152736968457396e-05,1.1425240114808916e-06,1.137658897306e-05,1.6789441600434732e-05,1.848132149079168e-05,-1.8566849709884158e-05,-2.5171069832242792e-05,-2.444186895911102e-05,-1.9409367389424357e-05,-1.0105459669164258e-05,1.2434834853384364e-06,9.528317466524986e-06,1.5515505425848753e-05,41.37969160577608,93.08516232611203,78.41375596332655,75.0,84.76657239140545,20.035559461697055,68.51402707279439,73.24271135563504,22.541658032153602,86.92319589973451,88.69576193023991,64.71799403308664,94.92219079713514,32.590617257412156,62.47001753801626,66.57604468896837,0
