p1,p2,p3,p4,p5,p6,p7,p8,rsi,rsi1,rsi2,rsi3,rsi4,rsi5,rsi6,rsi7,sto,sto1,sto2,sto3,sto4,sto5,sto6,sto7,macd,macd1,macd2,macd3,macd4,macd5,macd6,macd7,macdl,macd1l,macd2l,macd3l,macd4l,macd5l,macd6l,macd7l,macds,macd1s,macd2s,macd3s,macd4s,macd5s,macd6s,macd7s,stol,sto1l,sto2l,sto3l,sto4l,sto5l,sto6l,sto7l,stos,sto1s,sto2s,sto3s,sto4s,sto5s,sto6s,sto7s,Pred
0.034956625,0.03495825,0.034949,0.03487475,0.034859062499999996,0.0348863125,0.034893,0.034848925,64.76850080233692,63.616000798203615,57.98719813604574,41.790641658002116,44.8294347223529,49.95429445944809,48.985988358385356,45.19853374823525,-20.94238920123591,-2.642774877397186,3.49638417013284,-4.393514378829121,20.33580897212218,4.664191027877793,-25.00000000000001,5.435479431158055,1.2851285811063833e-05,6.156923599601959e-06,-6.983699918476403e-07,-1.2904770480769758e-05,-1.4657532071945765e-05,-5.215593635399001e-06,9.84486085444352e-07,-3.81866284315812e-06,3.335316442840304e-05,3.534745022452414e-05,3.0584892807192926e-05,1.0437902110712813e-05,-7.644365994196115e-06,-7.047271026881102e-06,-3.7435933745132155e-07,-1.0223609663503885e-05,2.050187861733921e-05,2.9190526624922178e-05,3.1283262799040564e-05,2.334267259148257e-05,7.01316607774965e-06,-1.8316773914821015e-06,-1.3588454228956736e-06,-6.404946820345765e-06,30.610822180247357,16.973716527266088,31.59027156824365,0.0,67.97012344977549,72.63982468696845,40.05341157425918,39.52801910850436,51.553211381483266,19.61649140466327,28.093887398110812,4.393514378829121,47.634314477653305,67.97563365909066,65.05341157425919,34.0925396773463,0
