p1,p2,p3,p4,p5,p6,p7,p8,rsi,rsi1,rsi2,rsi3,rsi4,rsi5,rsi6,rsi7,sto,sto1,sto2,sto3,sto4,sto5,sto6,sto7,macd,macd1,macd2,macd3,macd4,macd5,macd6,macd7,macdl,macd1l,macd2l,macd3l,macd4l,macd5l,macd6l,macd7l,macds,macd1s,macd2s,macd3s,macd4s,macd5s,macd6s,macd7s,stol,sto1l,sto2l,sto3l,sto4l,sto5l,sto6l,sto7l,stos,sto1s,sto2s,sto3s,sto4s,sto5s,sto6s,sto7s,Pred
0.0348531875,0.0348464375,0.0348498125,0.034838625,0.0348305625,0.03481875,0.034806250000000004,0.034719475,45.92239761276315,45.50710453180328,48.197125908211554,46.42977565066611,44.21610252024819,44.69491327475408,42.27408872607001,33.12759347439869,-22.625290721114027,24.999999999999986,-25.00000000000002,6.450796322281681,-6.45079632228174,20.310530703132486,-18.23615192199753,8.02660583781286,7.872544032660045e-06,1.5932623292149224e-06,3.0021756542634732e-06,1.2951588817894552e-06,4.0549736334915e-08,-1.2438277233856238e-06,-1.1770610829064483e-06,-7.860682094915276e-06,-9.017686298620417e-06,-1.2455978589807903e-05,-8.314511707793043e-06,-8.110327489046706e-06,-8.7541125942045e-06,-1.1274551259472451e-05,-1.1986030193445255e-05,-3.059148017120899e-05,-1.6890230331280462e-05,-1.4049240919022827e-05,-1.1316687362056516e-05,-9.405486370836162e-06,-8.794662330539414e-06,-1.0030723536086827e-05,-1.0808969110538805e-05,-2.273079807629372e-05,21.96608125882599,70.46115584564326,50.0,39.783818142778856,30.008434922386108,49.40099637960838,17.15738388075165,42.36027486992619,44.59137197994002,45.461155845643276,75.00000000000001,33.33302182049717,36.45923124466785,29.090465676475894,35.39353580274918,34.33366903211333,0
