p1,p2,p3,p4,p5,p6,p7,p8,rsi,rsi1,rsi2,rsi3,rsi4,rsi5,rsi6,rsi7,sto,sto1,sto2,sto3,sto4,sto5,sto6,sto7,macd,macd1,macd2,macd3,macd4,macd5,macd6,macd7,macdl,macd1l,macd2l,macd3l,macd4l,macd5l,macd6l,macd7l,macds,macd1s,macd2s,macd3s,macd4s,macd5s,macd6s,macd7s,stol,sto1l,sto2l,sto3l,sto4l,sto5l,sto6l,sto7l,stos,sto1s,sto2s,sto3s,sto4s,sto5s,sto6s,sto7s,Pred
0.034086437500000004,0.034080875,0.034085624999999994,0.0340891875,0.0340878125,0.034077625,0.034095749999999994,0.034072825,47.342043171844956,44.93604558666445,49.256556049859014,48.94955057983931,49.53222289010114,44.776752416152,55.51976484755987,44.874497672713154,17.33785962458066,-14.3757857315014,15.334109035373958,-16.692986522381755,17.439542925649093,-18.655315338220383,24.61257600649985,-8.425954562103236,-7.410520614957299e-08,-7.844453910614762e-07,4.049684898536729e-07,1.2395518047784572e-06,7.286984037051964e-07,-3.6826531167685364e-07,1.645980484196723e-06,-8.428303127269527e-07,-5.526380900938016e-06,-6.737966503314596e-06,-5.709726573656718e-06,-3.6996610800286295e-06,-3.425128118078255e-06,-4.390620613215282e-06,-1.933449066342241e-06,-3.0734253741740437e-06,-5.452275694788443e-06,-5.95352111225312e-06,-6.11469506351039e-06,-4.939212884807087e-06,-4.153826521783451e-06,-4.0223553015384285e-06,-3.579429550538964e-06,-2.2305950614470907e-06,38.506789436870996,14.60641376814762,89.94427439267983,46.59788255809918,77.77325352477864,16.315237362329217,100.0,13.4451301767576,21.168929812290333,28.98219949964902,74.61016535730587,63.29086908048094,60.333710599129546,34.970552700549604,75.38742399350015,21.871084738860837,0
