p1,p2,p3,p4,p5,p6,p7,p8,rsi,rsi1,rsi2,rsi3,rsi4,rsi5,rsi6,rsi7,sto,sto1,sto2,sto3,sto4,sto5,sto6,sto7,macd,macd1,macd2,macd3,macd4,macd5,macd6,macd7,macdl,macd1l,macd2l,macd3l,macd4l,macd5l,macd6l,macd7l,macds,macd1s,macd2s,macd3s,macd4s,macd5s,macd6s,macd7s,stol,sto1l,sto2l,sto3l,sto4l,sto5l,sto6l,sto7l,stos,sto1s,sto2s,sto3s,sto4s,sto5s,sto6s,sto7s,Pred
0.029579750000000002,0.0295689375,0.0295566875,0.029570125000000003,0.029605875,0.029673125,0.0297348125,0.0297488,39.01420388507478,38.261266791623356,39.27560851039728,43.46249666072113,52.91350009548753,64.06154652752649,71.42566555354291,63.777649879046834,1.653010088171416,-2.883640482402614,24.009438368418373,-2.618812207012411,0.5054662967206998,3.103907541873255,-9.851930896019821,-5.168451771238055,-1.4790528806014367e-05,-1.222607084549409e-05,-7.516768686351838e-06,-6.732651269716975e-08,6.625541849697736e-06,1.4522526967129635e-05,1.815061081316741e-05,7.402738164602059e-06,-1.1387026650773457e-05,-2.257819975244428e-05,-2.757061222332692e-05,-2.255468994544381e-05,-1.2122539972484955e-05,7.474293942354333e-06,2.8409059654030053e-05,3.8321514943870023e-05,3.403502155240909e-06,-1.0352128906950191e-05,-2.0053843536975082e-05,-2.248736343274664e-05,-1.874808182218269e-05,-7.048233024775303e-06,1.0258448840862642e-05,3.091877677926797e-05,4.325460723603907,30.114986366917844,60.51116345705891,78.02617160280144,90.68827737438014,99.99999999999997,85.22210365597033,34.68316926482871,2.6724506354324906,32.99862684932046,36.50172508864054,80.64498380981385,90.18281107765944,96.89609245812672,95.07403455199015,39.85162103606677,0
