p1,p2,p3,p4,p5,p6,p7,p8,rsi,rsi1,rsi2,rsi3,rsi4,rsi5,rsi6,rsi7,sto,sto1,sto2,sto3,sto4,sto5,sto6,sto7,macd,macd1,macd2,macd3,macd4,macd5,macd6,macd7,macdl,macd1l,macd2l,macd3l,macd4l,macd5l,macd6l,macd7l,macds,macd1s,macd2s,macd3s,macd4s,macd5s,macd6s,macd7s,stol,sto1l,sto2l,sto3l,sto4l,sto5l,sto6l,sto7l,stos,sto1s,sto2s,sto3s,sto4s,sto5s,sto6s,sto7s,Pred
0.03551925,0.0355179375,0.035489,0.035436999999999996,0.0354675,0.0355274375,0.035623625,0.035511799999999996,47.87152534353379,48.36829968514324,44.93941418819759,39.69761032337822,46.108095705418606,54.31701977924808,62.5126146537292,46.39455825790729,6.761082333856846,-3.70012790776798,-1.5642299276364273,10.133633074254186,7.26246299668386,1.070870336649456,-8.41800077242265,0.3473813587435686,-1.5552375379512467e-05,-9.111401957372353e-06,-7.4199706423708e-06,-1.0335718642952882e-05,-3.1936143811159366e-06,7.544601961175912e-06,1.9957736350283644e-05,-2.490023359242177e-06,-1.0677514257779325e-06,-6.041817662181051e-06,-1.193637590911692e-05,-2.4276096563781435e-05,-2.3659675883767883e-05,-9.772312401188157e-06,1.8716056694399394e-05,8.648945988371654e-06,1.4484623953734534e-05,3.0695842951913025e-06,-4.51640526674612e-06,-1.3940377920828553e-05,-2.0466061502651947e-05,-1.731691436236407e-05,-1.2416796558842494e-06,1.113896934761383e-05,37.60641300115616,62.14589528007335,33.27415979404037,25.0,85.80084169202057,80.94041204568977,82.71181474887067,11.490158067738273,30.84533066729932,65.84602318784133,34.838389721676805,14.866366925745812,78.5383786953367,79.86954170904032,91.12981552129331,11.142776708994704,0
