p1,p2,p3,p4,p5,p6,p7,p8,rsi,rsi1,rsi2,rsi3,rsi4,rsi5,rsi6,rsi7,sto,sto1,sto2,sto3,sto4,sto5,sto6,sto7,macd,macd1,macd2,macd3,macd4,macd5,macd6,macd7,macdl,macd1l,macd2l,macd3l,macd4l,macd5l,macd6l,macd7l,macds,macd1s,macd2s,macd3s,macd4s,macd5s,macd6s,macd7s,stol,sto1l,sto2l,sto3l,sto4l,sto5l,sto6l,sto7l,stos,sto1s,sto2s,sto3s,sto4s,sto5s,sto6s,sto7s,Pred
0.0346680625,0.0346164375,0.034535500000000004,0.0345326875,0.034549687499999995,0.0344895625,0.034422125,0.034461825,57.01122426684862,44.89366868633454,35.27713551468568,38.12317873704647,43.51487912072173,35.08243428013484,29.29406869743425,43.038240895609,-1.9928965297965,-15.626439834266375,-1.4210854715202004e-14,19.724863186186962,-11.086028817796466,-8.638834368390524,11.5665487357197,2.5520865386255718,9.613897793463202e-06,7.184554082424827e-07,-1.2434086601083468e-05,-1.133763258823573e-05,-2.443539339324677e-06,-4.309221711702642e-06,-1.0390057914696209e-05,2.0888603678185493e-06,1.0280643743672616e-05,7.069948206905527e-06,-1.4470535728568212e-05,-2.644928873243163e-05,-2.292554385126093e-05,-2.7273367960637188e-05,-4.222851277721658e-05,-3.274093675997084e-05,6.667459502094141e-07,6.351492798663044e-06,-2.0364491274847435e-06,-1.51116561441959e-05,-2.0482004511936253e-05,-2.2964146248934545e-05,-3.183845486252037e-05,-3.482979712778938e-05,79.86217569280102,0.0,0.0,55.36299651394079,60.188623745251654,0.0,38.03220564303287,66.77534429494989,81.85507222259751,15.626439834266375,1.4210854715202004e-14,35.63813332775383,71.27465256304812,8.638834368390524,26.46565690731317,64.22325775632433,0
