p1,p2,p3,p4,p5,p6,p7,p8,rsi,rsi1,rsi2,rsi3,rsi4,rsi5,rsi6,rsi7,sto,sto1,sto2,sto3,sto4,sto5,sto6,sto7,macd,macd1,macd2,macd3,macd4,macd5,macd6,macd7,macdl,macd1l,macd2l,macd3l,macd4l,macd5l,macd6l,macd7l,macds,macd1s,macd2s,macd3s,macd4s,macd5s,macd6s,macd7s,stol,sto1l,sto2l,sto3l,sto4l,sto5l,sto6l,sto7l,stos,sto1s,sto2s,sto3s,sto4s,sto5s,sto6s,sto7s,Pred
0.0357426875,0.035707812500000005,0.0356198125,0.0355630625,0.0355416875,0.0355760625,0.0355665,0.03552625,74.1889810077954,61.95196733591565,49.4268368137315,42.70965576252448,42.461049714445934,49.364495050011215,46.246789430055536,42.494287281810145,1.9475884434045732,-20.837499495796212,7.425033309713354,-7.121673608786208,7.272104490571484,17.280047638463323,-24.85551182996175,8.989631826715238,1.1531995541476274e-05,1.2220599163801895e-06,-1.87044578394459e-05,-2.6568470445892996e-05,-2.265144697191236e-05,-9.372898876794765e-06,-2.6515541257473406e-06,-3.988684901445805e-06,8.007810732264982e-05,7.695259644778692e-05,4.528574700583647e-05,1.2993205024505391e-05,-8.39610498535627e-06,-9.978116690916375e-06,-7.099089148388318e-06,-1.5897759503777365e-05,6.854611178117354e-05,7.573053653140673e-05,6.399020484528237e-05,3.956167547039839e-05,1.4255341986556088e-05,-6.052178141216098e-07,-4.447535022640978e-06,-1.190907460233156e-05,89.74246814686197,0.26892845872709537,13.200061477824358,12.240815447903863,47.961541659888574,99.56653548988538,18.693558763341873,47.46586372656423,87.7948797034574,21.106427954523305,5.775028168111004,19.36248905669007,40.68943716931709,82.28648785142205,43.549070593303625,38.47623189984899,0
