p1,p2,p3,p4,p5,p6,p7,p8,rsi,rsi1,rsi2,rsi3,rsi4,rsi5,rsi6,rsi7,sto,sto1,sto2,sto3,sto4,sto5,sto6,sto7,macd,macd1,macd2,macd3,macd4,macd5,macd6,macd7,macdl,macd1l,macd2l,macd3l,macd4l,macd5l,macd6l,macd7l,macds,macd1s,macd2s,macd3s,macd4s,macd5s,macd6s,macd7s,stol,sto1l,sto2l,sto3l,sto4l,sto5l,sto6l,sto7l,stos,sto1s,sto2s,sto3s,sto4s,sto5s,sto6s,sto7s,Pred
0.036323625,0.036320187500000004,0.036299875,0.0363111875,0.0364606875,0.0363465625,0.0362306875,0.036203575,54.18068657216497,53.5194068547876,51.37739597698071,52.71024887520369,60.201819972959655,50.4275471483827,44.32813125002457,43.27444034462375,-3.3785618561123227,6.090379775525535,-4.686534207270001,23.202215937511596,-10.606619602436378,-13.249773287133669,8.552540358980078,-3.878458987764076,1.7257293320888948e-05,-6.9923756644164005e-06,-1.4284906077469729e-05,-1.3140449084044223e-05,7.706944966438971e-06,-3.361320549041741e-06,-2.3795638984674792e-05,-1.6203626197459717e-05,8.50282941880446e-05,6.006916352113874e-05,4.081250550057487e-05,2.7022107568589263e-05,4.7759370819621186e-05,4.077330986234848e-05,2.161565378007088e-06,-2.480368357448484e-05,6.777100086715566e-05,6.706153918555513e-05,5.50974115780446e-05,4.0162556652633485e-05,4.0052425853182215e-05,4.413463041139022e-05,2.595720436268188e-05,-8.600057377025125e-06,2.6224750336735627,47.122980826902996,32.51113310627956,69.26964570008337,82.24899087960442,3.430821331290035,32.869396925464,43.23485073221883,6.001036889785886,41.03260105137746,37.19766731354956,46.06742976257177,92.8556104820408,16.680594618423704,24.316856566483928,47.11330971998291,0
