p1,p2,p3,p4,p5,p6,p7,p8,rsi,rsi1,rsi2,rsi3,rsi4,rsi5,rsi6,rsi7,sto,sto1,sto2,sto3,sto4,sto5,sto6,sto7,macd,macd1,macd2,macd3,macd4,macd5,macd6,macd7,macdl,macd1l,macd2l,macd3l,macd4l,macd5l,macd6l,macd7l,macds,macd1s,macd2s,macd3s,macd4s,macd5s,macd6s,macd7s,stol,sto1l,sto2l,sto3l,sto4l,sto5l,sto6l,sto7l,stos,sto1s,sto2s,sto3s,sto4s,sto5s,sto6s,sto7s,Pred
0.0372275,0.0372648125,0.0372673125,0.0371468125,0.037119875,0.037126125,0.0371498125,0.0372284,50.90375318091976,56.63557778734513,55.31210429666841,37.82381409490479,38.97201736265274,41.425142856123294,47.93324021100139,56.713692974293494,9.862676268700387,-5.8264956051606624,-7.140808717539481,-1.542124980379303,20.101049930220345,-17.226016789477523,18.320494102755593,1.3492618981468134,-3.779392449318508e-06,-1.023868133990198e-06,9.634010588644714e-07,-1.2948224165184159e-05,-1.707280802833108e-05,-8.154505831485852e-06,5.117269418141349e-07,1.1650525921569537e-05,1.2921080599812354e-05,1.281868543039251e-05,1.566707729446122e-05,-4.5838438250383334e-06,-2.675004848357379e-05,-2.8903967089388e-05,-2.339993634183947e-05,4.583171618797316e-06,1.6700473049130862e-05,1.3842553564382708e-05,1.470367623559675e-05,8.364380340145825e-06,-9.677240455242712e-06,-2.0749461257902147e-05,-2.3911663283653603e-05,-7.067354302772222e-06,25.4849688254483,76.17137756357991,38.461219081892686,1.2939540334034652,68.29855191203225,48.33804618607324,79.1876360819279,69.75813564374654,15.622292556747912,81.99787316874057,45.602027799432165,2.836079013782768,48.19750198181191,65.56406297555077,60.86714197917232,68.40887374559972,0
