p1,p2,p3,p4,p5,p6,p7,p8,rsi,rsi1,rsi2,rsi3,rsi4,rsi5,rsi6,rsi7,sto,sto1,sto2,sto3,sto4,sto5,sto6,sto7,macd,macd1,macd2,macd3,macd4,macd5,macd6,macd7,macdl,macd1l,macd2l,macd3l,macd4l,macd5l,macd6l,macd7l,macds,macd1s,macd2s,macd3s,macd4s,macd5s,macd6s,macd7s,stol,sto1l,sto2l,sto3l,sto4l,sto5l,sto6l,sto7l,stos,sto1s,sto2s,sto3s,sto4s,sto5s,sto6s,sto7s,Pred
0.0369594375,0.0371045,0.037227750000000004,0.037205375,0.037197875,0.03715925,0.0369905,0.03698505,52.551890789544416,64.08032983002354,70.15070662961895,64.83032636024548,62.03779778256866,56.1110489461066,37.37269020500722,41.90170677034613,13.179735135798929,6.496487818524198,-11.14229890350471,-9.212672263622752,2.7078643235099222,-7.352893156382504,0.260830244038814,0.813725538347436,-2.3288773856039807e-05,-4.32672502627016e-06,1.339903291887578e-05,5.4160231390038494e-06,-4.86840882377507e-06,-1.3464991005820235e-05,-3.2958657417839804e-05,-2.017792350895849e-05,4.970432108076725e-05,5.542950640536996e-05,8.17094303538924e-05,8.291071496288951e-05,7.176140814233248e-05,5.301584845043318e-05,8.092260044157557e-06,-2.957244719186611e-05,7.299309493680706e-05,5.975623143164012e-05,6.831039743501662e-05,7.749469182388567e-05,7.662981696610754e-05,6.648083945625341e-05,4.105091746199736e-05,-9.394523682907618e-06,30.83232368354556,100.0,83.28655164474291,24.89044634325015,21.39771562112083,8.061738877249972,7.989964169413223,58.23435619001374,17.65258854774663,93.5035121814758,94.42885054824762,34.103118606872904,18.689851297610907,15.414632033632476,7.729133925374409,57.42063065166631,0
