p1,p2,p3,p4,p5,p6,p7,p8,rsi,rsi1,rsi2,rsi3,rsi4,rsi5,rsi6,rsi7,sto,sto1,sto2,sto3,sto4,sto5,sto6,sto7,macd,macd1,macd2,macd3,macd4,macd5,macd6,macd7,macdl,macd1l,macd2l,macd3l,macd4l,macd5l,macd6l,macd7l,macds,macd1s,macd2s,macd3s,macd4s,macd5s,macd6s,macd7s,stol,sto1l,sto2l,sto3l,sto4l,sto5l,sto6l,sto7l,stos,sto1s,sto2s,sto3s,sto4s,sto5s,sto6s,sto7s,Pred
0.0338520625,0.033838687500000006,0.0338184375,0.0338241875,0.033882562500000005,0.033909999999999996,0.0338805,0.033768325,52.20817370895975,47.136680133062484,40.65076992990566,46.73678678721301,64.59572682038933,66.1792482712688,52.342615024577206,38.82280229089125,-19.907549341037587,-5.092450658962413,8.43031936003337,15.946641355481566,0.6230392844850883,-15.880168993974372,-9.11983100602559,7.367480126179759,3.654189410181747e-06,1.8290570347498115e-06,-1.5970008439482853e-06,-1.1579752671336643e-06,7.285055826808137e-06,9.712718390890745e-06,2.6602160086140388e-06,-1.2884169537496423e-05,-2.9364978686892418e-06,-1.972192359752517e-06,-5.685592499493977e-06,-7.3877488541672365e-06,5.137683067424348e-06,1.7260572101480617e-05,1.6934104952324308e-05,-1.7540450750534037e-05,-6.590687278870989e-06,-3.8012493945023286e-06,-4.088591655545692e-06,-6.229773587033572e-06,-2.1473727593837885e-06,7.547853710589872e-06,1.4273888943710269e-05,-4.656281213037614e-06,64.46955888042251,1.6386008607382905,19.046500345341236,53.86021138423606,100.0,38.67974650903842,25.0,36.97271749677102,84.37710822146009,6.731051519700704,10.616180985307869,37.9135700287545,99.37696071551491,54.55991550301279,34.11983100602559,29.60523737059126,0
