p1,p2,p3,p4,p5,p6,p7,p8,rsi,rsi1,rsi2,rsi3,rsi4,rsi5,rsi6,rsi7,sto,sto1,sto2,sto3,sto4,sto5,sto6,sto7,macd,macd1,macd2,macd3,macd4,macd5,macd6,macd7,macdl,macd1l,macd2l,macd3l,macd4l,macd5l,macd6l,macd7l,macds,macd1s,macd2s,macd3s,macd4s,macd5s,macd6s,macd7s,stol,sto1l,sto2l,sto3l,sto4l,sto5l,sto6l,sto7l,stos,sto1s,sto2s,sto3s,sto4s,sto5s,sto6s,sto7s,Pred
0.0335466875,0.0335783125,0.033658625,0.033472625000000006,0.0332888125,0.0332424375,0.0331888125,0.03324795,59.49298523408981,59.593367500583575,63.76664280013965,44.24080452039457,33.36290092627063,34.24591658623162,34.86826119187918,45.10191493960403,11.38150287701312,2.41886853855204,-19.671827297688218,-2.4618774512102926,-5.477100254817439e-15,6.146068097194627,8.940997774954425,2.5345821783666986,-1.645227473011946e-05,-1.0628757685240945e-05,5.63132545857822e-07,-1.937080649741803e-05,-4.525575142583929e-05,-3.899159880998831e-05,-2.5615986135009227e-05,5.492369426340402e-06,6.232782803888663e-05,5.541052706850222e-05,6.351729641012292e-05,3.489366707312008e-05,-2.909601004523303e-05,-6.546729890164957e-05,-8.366594563470955e-05,-6.240555352092294e-05,7.878010276900609e-05,6.603928475374316e-05,6.29541638642651e-05,5.426447357053811e-05,1.6159741380606255e-05,-2.6475700091661255e-05,-5.804995949970033e-05,-6.789792294726335e-05,55.79347308989822,41.4011142466955,53.94351403499864,0.0,3.7178202696734077,52.19909448207368,60.130598808223574,78.81158907077256,44.4119702128851,38.98224570814346,73.61534133268685,2.4618774512102926,3.7178202696734135,46.05302638487906,51.18960103326915,76.27700689240585,0
