p1,p2,p3,p4,p5,p6,p7,p8,rsi,rsi1,rsi2,rsi3,rsi4,rsi5,rsi6,rsi7,sto,sto1,sto2,sto3,sto4,sto5,sto6,sto7,macd,macd1,macd2,macd3,macd4,macd5,macd6,macd7,macdl,macd1l,macd2l,macd3l,macd4l,macd5l,macd6l,macd7l,macds,macd1s,macd2s,macd3s,macd4s,macd5s,macd6s,macd7s,stol,sto1l,sto2l,sto3l,sto4l,sto5l,sto6l,sto7l,stos,sto1s,sto2s,sto3s,sto4s,sto5s,sto6s,sto7s,Pred
0.03278275,0.0327045625,0.032747437500000004,0.03265125,0.0326065,0.032571625,0.032592625,0.032553649999999996,64.24806969220155,53.12175862504703,56.035407466017304,44.82712169252356,43.48575164481643,43.46748733071431,46.48654520394416,42.65724143540702,-23.933846841901058,13.308753042334496,-2.1709704899431177,-12.203935710490365,5.850452261814224,15.833593606783753,-18.026560481139914,-1.4629941549832322,1.9889087135543923e-05,6.082249120934619e-06,2.4425644589004178e-06,-1.0345026104751488e-05,-1.680933937123137e-05,-1.536414652623409e-05,-4.888528278554035e-06,-3.025966775031406e-06,3.111700696582266e-05,2.9632883817656136e-05,2.890483535569581e-05,1.1794424008403775e-05,-1.03810642298717e-05,-2.5453169227552044e-05,-2.3347309265623478e-05,-2.3459408446864506e-05,1.1227919830278737e-05,2.3550634696721517e-05,2.646227089679539e-05,2.2139450113155264e-05,6.428275141359671e-06,-1.0089022701317955e-05,-1.8458780987069444e-05,-2.04334416718331e-05,51.599229737148434,23.22028421380647,74.19122793623407,0.0,38.09159940954723,52.33357697338963,50.94230751350959,27.935303003937193,75.53307657904949,9.911531171471974,76.36219842617719,12.203935710490365,32.241147147733,36.49998336660588,68.9688679946495,29.39829715892043,0
