p1,p2,p3,p4,p5,p6,p7,p8,rsi,rsi1,rsi2,rsi3,rsi4,rsi5,rsi6,rsi7,sto,sto1,sto2,sto3,sto4,sto5,sto6,sto7,macd,macd1,macd2,macd3,macd4,macd5,macd6,macd7,macdl,macd1l,macd2l,macd3l,macd4l,macd5l,macd6l,macd7l,macds,macd1s,macd2s,macd3s,macd4s,macd5s,macd6s,macd7s,stol,sto1l,sto2l,sto3l,sto4l,sto5l,sto6l,sto7l,stos,sto1s,sto2s,sto3s,sto4s,sto5s,sto6s,sto7s,Pred
0.0311244375,0.031121625,0.031121125,0.0311051875,0.0310840625,0.0310724375,0.0310679375,0.031039925,51.69424269124318,52.036883766293144,50.53404507077457,47.080212809431515,42.164011563271586,41.073683855452416,41.23310870734581,39.89422356003653,-22.001473093938863,22.0014730939389,-19.010764866655187,-4.86506538946544,-1.1241697438793163,16.813393543932094,-5.6640602513538365,5.540266682968742,1.059981441114192e-05,8.750879935629716e-06,6.367692526157016e-06,1.3736411819973322e-06,-2.6285145397812035e-06,-3.218067668027164e-06,-1.968872928270885e-06,-2.2487345675383444e-06,-1.2949903052759254e-05,-5.569194632138938e-06,-1.9617170880000673e-07,-2.0518478552472574e-06,-7.310353088362323e-06,-1.1198621051900469e-05,-1.2233401923745536e-05,-1.835339816500317e-05,-2.3549717463901174e-05,-1.4320074567768654e-05,-6.563864234957022e-06,-3.4254890372445897e-06,-4.681838548581119e-06,-7.980553383873305e-06,-1.0264528995474651e-05,-1.6104663597464827e-05,58.99558071818336,73.01971917264112,36.92258096804183,15.085574374798556,3.214510985175956,37.72009031589811,54.22399993886732,52.55982730585454,80.99705381212223,51.01824607870221,55.933345834697015,19.950639764263997,4.338680729055272,20.90669677196602,59.88806019022116,47.0195606228858,0
