p1,p2,p3,p4,p5,p6,p7,p8,rsi,rsi1,rsi2,rsi3,rsi4,rsi5,rsi6,rsi7,sto,sto1,sto2,sto3,sto4,sto5,sto6,sto7,macd,macd1,macd2,macd3,macd4,macd5,macd6,macd7,macdl,macd1l,macd2l,macd3l,macd4l,macd5l,macd6l,macd7l,macds,macd1s,macd2s,macd3s,macd4s,macd5s,macd6s,macd7s,stol,sto1l,sto2l,sto3l,sto4l,sto5l,sto6l,sto7l,stos,sto1s,sto2s,sto3s,sto4s,sto5s,sto6s,sto7s,Pred
0.030020250000000002,0.030006375000000002,0.0300680625,0.030118,0.030181562500000002,0.030234625,0.03023275,0.03020945,52.75397188068699,51.943107712872006,58.705685250109184,62.94375660079363,69.85107019743845,71.14873556628392,67.7351816983045,57.664969544976664,-9.283057448561195,9.683546577314704,14.028149842183426,-14.321960609723076,14.321960609722986,-21.62896074251054,4.782102774752552,6.738743187103132,1.1850133195807895e-05,-3.2979791470339587e-06,-1.834730374782665e-07,6.17374648560931e-06,8.964019864672762e-06,1.1291419461919342e-05,2.880624905393141e-06,-9.353888592188842e-06,4.071989317183059e-05,2.6046507218522447e-05,2.664605964106115e-05,3.7612091252654974e-05,4.7542319028969285e-05,6.148714460514279e-05,5.9467175118169645e-05,3.853831100773947e-05,2.8869759976022696e-05,2.9344486365556406e-05,2.6829532678539414e-05,3.143834476704566e-05,3.857829916429652e-05,5.019572514322345e-05,5.658655021277651e-05,4.789219959992831e-05,1.9324553707527214,43.04249393402788,97.24604972941887,74.9484212195652,99.74274435678123,34.953429603093625,12.229713048363115,56.13084424213762,11.215512819313915,33.35894735671318,83.21789988723543,89.27038182928828,85.42078374705824,56.58239034560417,7.447610273610564,49.39210105503449,0
