p1,p2,p3,p4,p5,p6,p7,p8,rsi,rsi1,rsi2,rsi3,rsi4,rsi5,rsi6,rsi7,sto,sto1,sto2,sto3,sto4,sto5,sto6,sto7,macd,macd1,macd2,macd3,macd4,macd5,macd6,macd7,macdl,macd1l,macd2l,macd3l,macd4l,macd5l,macd6l,macd7l,macds,macd1s,macd2s,macd3s,macd4s,macd5s,macd6s,macd7s,stol,sto1l,sto2l,sto3l,sto4l,sto5l,sto6l,sto7l,stos,sto1s,sto2s,sto3s,sto4s,sto5s,sto6s,sto7s,Pred
0.030766125,0.030722125,0.030714625000000002,0.030742875,0.0307420625,0.030740375,0.030751875,0.030795375,35.46185453768909,30.953574060788842,34.65391583769102,42.57774941185964,44.559820928775494,44.80256094155096,48.16272434114593,56.44472823624577,22.632817697743825,-18.65849713190975,21.02567943416591,-19.709203972604296,12.123357381267404,-6.583531436687794,1.5229305315573303,-3.4871203013001297,-1.2134765217950358e-05,-9.551962038820586e-06,-5.20361704408569e-06,4.984947413198498e-06,7.126933035124505e-06,6.827960167766557e-06,6.526375744076626e-06,8.8763894225853e-06,-3.525344012328055e-05,-4.2611114991570644e-05,-4.610916934728003e-05,-3.399429817305816e-05,-2.5346502126960546e-05,-1.8507525424658715e-05,-1.232135791258502e-05,2.784647397380616e-06,-2.311867490533019e-05,-3.305915295275006e-05,-4.090555230319434e-05,-3.8979245586256654e-05,-3.247343516208505e-05,-2.5335485592425273e-05,-1.8847733656661645e-05,-6.091742025204684e-06,81.07133492000767,11.259974779146575,62.83498723865674,53.33507688820893,77.24246022598929,59.50244860547576,70.74050532036341,62.991717160812975,58.43851722226385,29.918471911056326,41.80930780449083,73.04428086081323,65.11910284472188,66.08598004216356,69.21757478880609,66.4788374621131,0
