p1,p2,p3,p4,p5,p6,p7,p8,rsi,rsi1,rsi2,rsi3,rsi4,rsi5,rsi6,rsi7,sto,sto1,sto2,sto3,sto4,sto5,sto6,sto7,macd,macd1,macd2,macd3,macd4,macd5,macd6,macd7,macdl,macd1l,macd2l,macd3l,macd4l,macd5l,macd6l,macd7l,macds,macd1s,macd2s,macd3s,macd4s,macd5s,macd6s,macd7s,stol,sto1l,sto2l,sto3l,sto4l,sto5l,sto6l,sto7l,stos,sto1s,sto2s,sto3s,sto4s,sto5s,sto6s,sto7s,Pred
0.031344062500000006,0.0313105,0.031319875,0.0313375,0.031320437500000006,0.0313399375,0.031358375,0.03133535,51.91376950927298,46.50971424496368,49.50370847890526,50.77936274545899,48.85149310562094,53.07594970378095,53.70800903471499,49.09671391211415,24.999999999999982,-23.275007645417514,23.275007645417478,-25.000000000000014,11.165148703158817,13.834851296841158,-25.000000000000014,3.8959842228543686,-6.663226258283824e-06,-7.651655228624665e-06,-4.752281179808864e-06,1.7049720354404087e-06,-2.0533872071329177e-07,2.4733856036166843e-06,5.3688770906387485e-06,-5.38087437307389e-07,-1.5033098680998502e-06,-9.177245385967592e-06,-1.3141931892989359e-05,-6.25533493414307e-06,-8.053740847415586e-06,-4.140033927214903e-06,3.901927499206509e-06,-2.03702733687916e-08,5.159916390183974e-06,-1.5255901573429264e-06,-8.389650713180495e-06,-7.960306969583479e-06,-7.848402126702295e-06,-6.613419530831588e-06,-1.4669495914322395e-06,5.177171639385975e-07,56.17205802335329,2.5874885318737566,75.0,32.25822244202132,50.71368615668587,100.0,39.21185432741941,41.393778527854934,31.17205802335331,25.86249617729127,51.72499235458252,57.258222442021335,39.54853745352705,86.16514870315885,64.21185432741942,37.49779430500057,0
