p1,p2,p3,p4,p5,p6,p7,p8,rsi,rsi1,rsi2,rsi3,rsi4,rsi5,rsi6,rsi7,sto,sto1,sto2,sto3,sto4,sto5,sto6,sto7,macd,macd1,macd2,macd3,macd4,macd5,macd6,macd7,macdl,macd1l,macd2l,macd3l,macd4l,macd5l,macd6l,macd7l,macds,macd1s,macd2s,macd3s,macd4s,macd5s,macd6s,macd7s,stol,sto1l,sto2l,sto3l,sto4l,sto5l,sto6l,sto7l,stos,sto1s,sto2s,sto3s,sto4s,sto5s,sto6s,sto7s,Pred
0.030290375,0.03035075,0.0303941875,0.030309625,0.030267,0.030399625,0.030388125000000002,0.0303303,62.418923989898246,65.94325088571479,68.30822168499716,53.7786104709505,49.66551807309758,62.919162629075636,58.6997425726751,50.31641458568541,1.988341399944753,0.4368411885461505,-16.666666666666664,-8.333333333333336,25.0,-15.353414323167986,2.2804051032977206,4.084888055947177,1.582371602723477e-05,1.283706934944303e-05,9.453077022723095e-06,-8.245569655675853e-06,-2.138216204939654e-05,-1.7462697978401205e-06,-6.162979336674107e-08,-9.159144753328368e-06,5.6789527612285257e-05,6.801780232948071e-05,7.580806671075684e-05,5.817418283375099e-05,2.590209189655933e-05,3.584912109600401e-05,3.772436224712839e-05,1.6569093620806206e-05,4.096581158505049e-05,5.518073298003768e-05,6.635498968803374e-05,6.641975248942684e-05,4.728425394595587e-05,3.759539089384413e-05,3.778599204049513e-05,2.572823837413457e-05,80.80734173580983,97.17098434480903,69.79403575333298,0.5126634879549763,50.95241486883416,72.95676518750086,35.23220708854329,42.317622829326936,78.81900033586508,96.73414315626287,86.46070241999965,8.845996821288312,25.952414868834165,88.31017951066885,32.95180198524557,38.23273477337976,0
