p1,p2,p3,p4,p5,p6,p7,p8,rsi,rsi1,rsi2,rsi3,rsi4,rsi5,rsi6,rsi7,sto,sto1,sto2,sto3,sto4,sto5,sto6,sto7,macd,macd1,macd2,macd3,macd4,macd5,macd6,macd7,macdl,macd1l,macd2l,macd3l,macd4l,macd5l,macd6l,macd7l,macds,macd1s,macd2s,macd3s,macd4s,macd5s,macd6s,macd7s,stol,sto1l,sto2l,sto3l,sto4l,sto5l,sto6l,sto7l,stos,sto1s,sto2s,sto3s,sto4s,sto5s,sto6s,sto7s,Pred
0.032401875000000004,0.032413687499999996,0.0323880625,0.03240175,0.0323704375,0.0323556875,0.0323498125,0.032330325,46.36758113539114,49.79666622997148,44.447250172698986,47.93812619960427,39.965423396400965,38.43460416690702,39.58106708420854,40.51767239642187,18.84031621103466,-2.8051435816405874,-5.466933038908062,-9.357450930722154,-7.3704724487290605,16.666666666666707,-11.580802166816293,7.965654200059917,4.568563316407941e-06,5.826043188085996e-06,2.028343160947771e-06,1.7438673198100907e-06,-2.10902055794333e-06,-3.446817328609136e-06,-2.3999943495140885e-06,-1.1772017808308409e-06,-1.2785380713311104e-05,-5.789658143030493e-06,-5.6894134702976246e-06,-4.49888067596306e-06,-8.917945711190561e-06,-1.3377773453815064e-05,-1.5217591520840651e-05,-1.7216428349513953e-05,-1.7353944029719046e-05,-1.161570133111649e-05,-7.717756631245396e-06,-6.242747995773151e-06,-6.808925153247231e-06,-9.930956125205928e-06,-1.2817597171326562e-05,-1.603922656868311e-05,87.34271585450448,72.52042221823596,54.623358704727345,67.43514654316455,4.510371442404825,41.77734877925048,58.04333897913399,55.63012469898987,68.50239964346981,75.32556579987656,60.090291743635404,76.7925974738867,11.880843891133885,25.110682112583778,69.62414114595028,47.66447049892995,0
