p1,p2,p3,p4,p5,p6,p7,p8,rsi,rsi1,rsi2,rsi3,rsi4,rsi5,rsi6,rsi7,sto,sto1,sto2,sto3,sto4,sto5,sto6,sto7,macd,macd1,macd2,macd3,macd4,macd5,macd6,macd7,macdl,macd1l,macd2l,macd3l,macd4l,macd5l,macd6l,macd7l,macds,macd1s,macd2s,macd3s,macd4s,macd5s,macd6s,macd7s,stol,sto1l,sto2l,sto3l,sto4l,sto5l,sto6l,sto7l,stos,sto1s,sto2s,sto3s,sto4s,sto5s,sto6s,sto7s,Pred
0.033261375,0.0332726875,0.03326325,0.03324675,0.0332395625,0.03318225,0.0331759375,0.033179375,62.27217810077596,62.1967158806617,56.61228150066368,52.504771762624934,49.97249765093054,40.29590071731786,41.81219550814342,44.78342529835438,-19.774188220615116,9.473660303864676,-9.957126404231849,19.716703571411124,-20.541616774648226,10.818866385666393,14.181133614333607,-6.217248937900876e-16,9.467252476927978e-06,6.446419058790059e-06,-5.049012827076954e-07,-6.5490812138446435e-06,-6.7152198414933975e-06,-1.2232786186209025e-05,-1.0964620645227127e-05,-2.241332294734209e-06,3.0305700299182795e-05,3.477428170626726e-05,3.0204268951021865e-05,1.940065827631121e-05,1.2839608601629762e-05,-2.9266015461274636e-06,-1.4063974506298496e-05,-1.3461659184095531e-05,2.0838447822254817e-05,2.83278626474772e-05,3.070917023372956e-05,2.5949739490155856e-05,1.955482844312316e-05,9.306184640081562e-06,-3.099353861071369e-06,-1.1220326889361323e-05,53.92513791081284,59.75995768451596,2.474739609711313,36.62485032394467,31.36683438290278,16.22829957849959,66.37840165476732,55.09603407239961,73.69932613142797,50.286297380651284,12.43186601394316,16.90814675253355,51.908451157551006,5.409433192833197,52.197268040433705,55.09603407239961,0
