p1,p2,p3,p4,p5,p6,p7,p8,rsi,rsi1,rsi2,rsi3,rsi4,rsi5,rsi6,rsi7,sto,sto1,sto2,sto3,sto4,sto5,sto6,sto7,macd,macd1,macd2,macd3,macd4,macd5,macd6,macd7,macdl,macd1l,macd2l,macd3l,macd4l,macd5l,macd6l,macd7l,macds,macd1s,macd2s,macd3s,macd4s,macd5s,macd6s,macd7s,stol,sto1l,sto2l,sto3l,sto4l,sto5l,sto6l,sto7l,stos,sto1s,sto2s,sto3s,sto4s,sto5s,sto6s,sto7s,Pred
0.0351109375,0.0351809375,0.035120374999999995,0.0351668125,0.035074875000000005,0.0349300625,0.034855750000000005,0.03497065,64.82904439182579,67.24424882703231,60.890922968787265,61.14968166477427,53.051566162497636,42.33011777167842,37.79432458154811,49.79736587950798,-19.994820230489623,12.252028167084408,-11.36645782515515,-2.2702598189798753,-3.396282059152655,-0.22420823330709208,16.66666666666666,-4.644126644191955,4.748656561564262e-05,2.9191576011301786e-05,1.5786853912531628e-06,-9.67074339747229e-06,-2.308397208309419e-05,-3.916686757329936e-05,-4.196493211935797e-05,-4.683986302592035e-06,0.00011700476347317745,0.0001338636826654898,0.00011888657293834815,0.0001006114017704663,6.991265372848811e-05,2.0321221585089047e-05,-2.488195336528172e-05,-1.5357924310119287e-05,6.951819785753483e-05,0.00010467210665418802,0.00011730788754709499,0.0001102821451679386,9.29966258115823e-05,5.9488089158388406e-05,1.708297875407625e-05,-1.0673938007527252e-05,32.5345678367339,84.62202857044228,11.41495790919049,53.56740135632467,0.6726246999212585,0.0,25.0,56.01848116489896,52.52938806722352,72.37000040335788,22.78141573434564,55.837661175304554,4.068906759073913,0.22420823330709208,8.33333333333334,60.662607809090915,0
