p1,p2,p3,p4,p5,p6,p7,p8,rsi,rsi1,rsi2,rsi3,rsi4,rsi5,rsi6,rsi7,sto,sto1,sto2,sto3,sto4,sto5,sto6,sto7,macd,macd1,macd2,macd3,macd4,macd5,macd6,macd7,macdl,macd1l,macd2l,macd3l,macd4l,macd5l,macd6l,macd7l,macds,macd1s,macd2s,macd3s,macd4s,macd5s,macd6s,macd7s,stol,sto1l,sto2l,sto3l,sto4l,sto5l,sto6l,sto7l,stos,sto1s,sto2s,sto3s,sto4s,sto5s,sto6s,sto7s,Pred
0.0322770625,0.03224675,0.0322548125,0.032272062500000004,0.03224225,0.032276374999999996,0.032254000000000005,0.03212775,51.03926145318374,45.01385963308768,47.470771605992965,51.794668141853855,44.34544988970694,54.42268923688039,47.36104476694311,34.39355222734819,-24.99999999999999,20.612826291846105,4.387173708153911,-10.687481240560993,-14.312518759439023,19.186202210692894,-0.29756341116087626,-7.478428883122853,4.6086486132177614e-06,7.08987311738407e-07,1.2200235993855943e-06,3.578050002984691e-06,1.0672664017030555e-06,3.138855515900333e-06,8.284142619116149e-07,-1.2340271640273538e-05,-1.23421320574503e-05,-1.4208355890698784e-05,-1.2814363679163054e-05,-7.75948924847461e-06,-7.760114040878188e-06,-4.177175625150881e-06,-4.263588933330065e-06,-2.8624959792440673e-05,-1.6950780670668062e-05,-1.4917343202437191e-05,-1.4034387278548648e-05,-1.13375392514593e-05,-8.827380442581244e-06,-7.3160311410512134e-06,-5.09200319524168e-06,-1.6284688152167135e-05,38.855078110101736,48.234231190860115,69.56361388940678,73.25766856526256,7.417910206449291,91.27930331603936,34.15069031563675,30.952115548469806,63.85507811010173,27.621404899014006,65.17644018125287,83.94514980582355,21.730428965888315,72.09310110534648,34.448253726797624,38.43054443159266,0
