p1,p2,p3,p4,p5,p6,p7,p8,rsi,rsi1,rsi2,rsi3,rsi4,rsi5,rsi6,rsi7,sto,sto1,sto2,sto3,sto4,sto5,sto6,sto7,macd,macd1,macd2,macd3,macd4,macd5,macd6,macd7,macdl,macd1l,macd2l,macd3l,macd4l,macd5l,macd6l,macd7l,macds,macd1s,macd2s,macd3s,macd4s,macd5s,macd6s,macd7s,stol,sto1l,sto2l,sto3l,sto4l,sto5l,sto6l,sto7l,stos,sto1s,sto2s,sto3s,sto4s,sto5s,sto6s,sto7s,Pred
0.032639875,0.03265,0.03264975,0.0326019375,0.032551875,0.03251925,0.0325481875,0.03254895,41.16252605059171,45.82664486745906,47.252600345789304,35.50860524948293,30.058929979581286,30.67095271125065,41.88599978444909,43.86536419075485,13.535912741787737,3.2357858540822555,-13.629727909359968,-10.532109966817135,12.9484811170251,7.13646111156581,1.379490915170166,0.5453832130309756,-6.34975109353832e-06,-2.3365626044251132e-06,6.588408004909385e-07,-4.423183642832645e-06,-9.246445260885375e-06,-9.835919714860722e-06,-1.130934645308313e-06,4.178221260872003e-06,-7.328479391985332e-06,-7.374217248388645e-06,-4.472398245799342e-06,-1.139802614208256e-05,-2.3952931459944593e-05,-3.4614005617843516e-05,-3.096758644169709e-05,-1.862057414122112e-05,-9.787282984470117e-07,-5.037654643963532e-06,-5.13123904629028e-06,-6.974842499249914e-06,-1.4706486199059218e-05,-2.4778085902982792e-05,-2.9836651796388774e-05,-2.2798795402093122e-05,90.29248807291704,79.89560395709026,56.11913975495464,1.2572431857342348,27.560110396874613,62.205418839021974,93.21270633343262,62.66502057525336,76.7565753311293,76.659818103008,69.7488676643146,11.789353152551369,14.611629279849511,55.068957727456166,91.83321541826245,62.119637362222385,0
