p1,p2,p3,p4,p5,p6,p7,p8,rsi,rsi1,rsi2,rsi3,rsi4,rsi5,rsi6,rsi7,sto,sto1,sto2,sto3,sto4,sto5,sto6,sto7,macd,macd1,macd2,macd3,macd4,macd5,macd6,macd7,macdl,macd1l,macd2l,macd3l,macd4l,macd5l,macd6l,macd7l,macds,macd1s,macd2s,macd3s,macd4s,macd5s,macd6s,macd7s,stol,sto1l,sto2l,sto3l,sto4l,sto5l,sto6l,sto7l,stos,sto1s,sto2s,sto3s,sto4s,sto5s,sto6s,sto7s,Pred
0.03285025,0.032857687499999996,0.032845,0.032900374999999996,0.0328115625,0.032830875,0.0328141875,0.032699275,40.26922397673796,44.74142541276562,44.1163609670145,54.32249947758234,41.2267552600103,46.049118465198916,45.788548609637736,38.13010747133312,-11.753684470579758,8.203163939458394,8.276168756966264,-6.117715206884094,0.7787742752070823,-8.285624941513625,3.8297292804840914,1.2305393955150215,-7.473866707502951e-06,-2.7482967878627834e-06,-1.4940489110654e-06,7.1905961770155314e-06,-2.712487282362446e-06,-2.300982096025439e-06,-1.548773987023501e-06,-1.0292960153687974e-05,-1.6863608209025452e-05,-1.701708079350668e-05,-1.782979518606502e-05,-5.034387778837801e-06,-1.2671091236092155e-05,-1.5660539818607155e-05,-1.6925904194732208e-05,-3.982266819872529e-05,-9.3897415015225e-06,-1.4268784005643897e-05,-1.633574627499962e-05,-1.2224983955853333e-05,-9.95860395372971e-06,-1.3359557722581716e-05,-1.537713020770871e-05,-2.9529708045037316e-05,18.43637154063535,72.44979692867379,53.09549649119968,85.07779157502539,28.813201469620388,58.9466786310661,44.32956909073498,35.47115116936662,30.19005601121511,64.2466329892154,44.81932773423342,91.19550678190949,28.034427194413304,67.23230357257972,40.49983981025089,34.2406117738516,0
