p1,p2,p3,p4,p5,p6,p7,p8,rsi,rsi1,rsi2,rsi3,rsi4,rsi5,rsi6,rsi7,sto,sto1,sto2,sto3,sto4,sto5,sto6,sto7,macd,macd1,macd2,macd3,macd4,macd5,macd6,macd7,macdl,macd1l,macd2l,macd3l,macd4l,macd5l,macd6l,macd7l,macds,macd1s,macd2s,macd3s,macd4s,macd5s,macd6s,macd7s,stol,sto1l,sto2l,sto3l,sto4l,sto5l,sto6l,sto7l,stos,sto1s,sto2s,sto3s,sto4s,sto5s,sto6s,sto7s,Pred
0.0318784375,0.0318950625,0.031870749999999996,0.031860625,0.031823875,0.0318160625,0.0318045625,0.03176195,50.74433245392743,54.40702147800277,48.24284781171107,46.45550195447166,42.233465177550435,41.35190045127882,41.60303441977422,36.23750266540208,-14.52738209685536,4.90862456216059,6.520644181707067,-15.662710019734172,1.8851029114766331,1.3682309717004388,12.175004364800195,-7.723175736150403,2.1116552767264265e-06,1.4848028451297225e-06,-2.632585785343682e-06,-4.279411527282074e-06,-7.796171967536612e-06,-6.300424419443285e-06,-4.633396502410267e-06,-4.316770462367772e-06,1.2220538146229254e-05,1.2965118118183835e-05,7.87697329855154e-06,2.930460633801882e-06,-7.512491267746418e-06,-1.2925162522846312e-05,-1.6776744182218917e-05,-2.2325754466440834e-05,1.0108882869502827e-05,1.1480315273054113e-05,1.0509559083895222e-05,7.209872161083956e-06,2.8368069979019376e-07,-6.624738103403027e-06,-1.214334767980865e-05,-1.8008984004073062e-05,15.407218393753283,62.339744119919956,40.0177424202098,39.7270509543265,17.294112011626382,36.734299944074834,60.81794976727164,35.13915951530343,29.934600490608645,57.43111955775937,33.49709823850273,55.38976097406067,15.40900910014975,35.3660689723744,48.64294540247145,42.862335251453835,0
