p1,p2,p3,p4,p5,p6,p7,p8,rsi,rsi1,rsi2,rsi3,rsi4,rsi5,rsi6,rsi7,sto,sto1,sto2,sto3,sto4,sto5,sto6,sto7,macd,macd1,macd2,macd3,macd4,macd5,macd6,macd7,macdl,macd1l,macd2l,macd3l,macd4l,macd5l,macd6l,macd7l,macds,macd1s,macd2s,macd3s,macd4s,macd5s,macd6s,macd7s,stol,sto1l,sto2l,sto3l,sto4l,sto5l,sto6l,sto7l,stos,sto1s,sto2s,sto3s,sto4s,sto5s,sto6s,sto7s,Pred
0.0320404375,0.0321978125,0.032216625,0.032205250000000005,0.032275937500000004,0.032284125,0.03219475,0.03197175,52.42604121132134,70.99749604958139,64.45827554697848,61.74315544446905,68.34884030395935,67.60879039687765,49.379529352858,30.711090019546365,-14.151478368621888,16.09245244924083,-10.554093156820317,3.46940766054877,7.113967894643514,1.3738871589925736,-20.339141821019975,7.450261831949461,4.272276917989716e-06,1.6857097288569485e-05,1.8110853156127174e-05,6.817034599587331e-06,6.229603418513687e-06,2.8701419564615813e-06,-1.0607366871588246e-05,-3.3160557928071853e-05,2.6373779427983635e-06,2.515237251142846e-05,4.6280782268946774e-05,4.633460065191393e-05,5.124201763315704e-05,5.233067473674885e-05,3.6021758478173294e-05,-4.3836617302539514e-05,-1.6348989751913524e-06,8.295275222858975e-06,2.81699291128196e-05,3.95175660523266e-05,4.5012414214643354e-05,4.946053278028727e-05,4.662912534976154e-05,-1.0676059374467664e-05,17.243271287045083,88.14856698794883,18.47154877800718,32.21766722267077,89.31965317845177,44.62536113061106,0.0,48.110420184980875,31.39474965566697,72.056114538708,29.025641934827497,28.748259562121998,82.20568528380826,43.25147397161849,20.339141821019975,40.66015835303141,0
