p1,p2,p3,p4,p5,p6,p7,p8,rsi,rsi1,rsi2,rsi3,rsi4,rsi5,rsi6,rsi7,sto,sto1,sto2,sto3,sto4,sto5,sto6,sto7,macd,macd1,macd2,macd3,macd4,macd5,macd6,macd7,macdl,macd1l,macd2l,macd3l,macd4l,macd5l,macd6l,macd7l,macds,macd1s,macd2s,macd3s,macd4s,macd5s,macd6s,macd7s,stol,sto1l,sto2l,sto3l,sto4l,sto5l,sto6l,sto7l,stos,sto1s,sto2s,sto3s,sto4s,sto5s,sto6s,sto7s,Pred
0.0322111875,0.0322510625,0.032238,0.0321500625,0.0321563125,0.03213225,0.0319603125,0.03161845,45.187626977867126,53.37666673791319,48.699158032747135,35.717250015601564,39.71715157889878,35.57691176328687,23.564757825001404,28.25970935550499,14.483942444754828,8.269923891262092,-25.000000000000025,6.801042890139964,18.198957109859975,-25.00000000000003,-2.942091015256665e-14,9.999999999999961,-5.745041887015788e-06,1.4737832984036717e-06,3.6520390298991915e-06,-8.444409680952205e-06,-7.049947358606973e-06,-3.70080870022449e-06,-1.694508244646657e-05,-3.827199458485454e-05,-1.3737414087010985e-05,-8.258142973373295e-06,-1.5058457678435166e-06,-1.7614223000493937e-05,-2.5020536139478897e-05,-2.5933095163995293e-05,-4.68295895189666e-05,-0.0001551908431206901,-7.992372199995197e-06,-9.731926271776967e-06,-5.157884797742708e-06,-9.169813319541731e-06,-1.7970588780871923e-05,-2.2232286463770802e-05,-2.9884507072500027e-05,-0.00011691884853583558,76.42155216065001,97.73153491880777,25.196431316955497,10.201564335209985,100.0,19.553760219113606,8.030731190660156,79.7738646588022,61.93760971589519,89.46161102754567,50.19643131695552,3.400521445070021,81.80104289014002,44.553760219113634,8.030731190660184,69.77386465880224,0
